type,time
update,0
decide_player_position,0
local_to_global_position,0
local_to_global_position,0
local_to_global_position,0
local_to_global_position,0
local_to_global_position,0
local_to_global_position,0
local_to_global_position,0
local_to_global_position,0
get_current_chunks,0
start_cycle,994800
local_to_global_position,0
local_to_global_position,0
local_to_global_position,0
local_to_global_position,0
local_to_global_position,0
handle_mob_at_position,1000800
mob_detected,1000800
local_to_global_position,0
handle_yolo_info,9719500
create_object,14093800
create_object,10209200
create_object,13010600
create_object,8969100
create_object,3207100
finish_cycle,0
warp_image_to_ground,2503200
process_segmentation_image,23468800
get_all_of,0
get_all_of,0
get_closest_unexplored_chunk,999800
update,0
decide_player_position,0
local_to_global_position,0
local_to_global_position,0
local_to_global_position,0
local_to_global_position,0
local_to_global_position,0
local_to_global_position,0
local_to_global_position,0
local_to_global_position,0
get_current_chunks,0
start_cycle,0
local_to_global_position,0
local_to_global_position,0
local_to_global_position,0
local_to_global_position,0
local_to_global_position,0
handle_yolo_info,8243500
matched_object,0
matched_object,999000
matched_object,0
matched_object,0
matched_object,0
finish_cycle,0
warp_image_to_ground,2530500
process_segmentation_image,20991700
get_all_of,0
get_all_of,0
update,0
get_all_of,0
get_all_of,0
update,0
decide_player_position,0
local_to_global_position,0
local_to_global_position,0
local_to_global_position,0
local_to_global_position,0
local_to_global_position,0
local_to_global_position,0
local_to_global_position,0
local_to_global_position,0
get_current_chunks,0
start_cycle,0
local_to_global_position,0
local_to_global_position,0
local_to_global_position,0
local_to_global_position,0
local_to_global_position,0
handle_mob_at_position,1006600
mob_detected,1006600
local_to_global_position,0
handle_yolo_info,11034800
matched_object,0
matched_object,0
matched_object,0
matched_object,0
matched_object,1008500
add_object,0
add_object,0
add_object,0
add_object,0
add_object,0
finish_cycle,0
warp_image_to_ground,2282700
process_segmentation_image,20535000
get_all_of,1007900
get_all_of,0
update,0
decide_player_position,0
local_to_global_position,0
local_to_global_position,0
local_to_global_position,0
local_to_global_position,0
local_to_global_position,0
local_to_global_position,0
local_to_global_position,0
local_to_global_position,0
get_current_chunks,0
start_cycle,1505400
local_to_global_position,0
local_to_global_position,0
local_to_global_position,0
local_to_global_position,0
local_to_global_position,0
handle_yolo_info,8034700
matched_object,1001000
matched_object,0
matched_object,0
matched_object,0
matched_object,0
finish_cycle,0
get_all_of,0
get_all_of,0
update,0
decide_player_position,0
local_to_global_position,0
local_to_global_position,0
local_to_global_position,0
local_to_global_position,0
local_to_global_position,0
local_to_global_position,0
local_to_global_position,0
local_to_global_position,0
get_current_chunks,0
start_cycle,998000
local_to_global_position,0
local_to_global_position,0
local_to_global_position,0
local_to_global_position,0
handle_mob_at_position,0
mob_detected,0
local_to_global_position,0
handle_yolo_info,9550200
matched_object,0
matched_object,0
matched_object,0
matched_object,0
finish_cycle,998600
warp_image_to_ground,2509700
process_segmentation_image,22577400
get_all_of,0
get_all_of,0
update,0
decide_player_position,0
local_to_global_position,0
local_to_global_position,0
local_to_global_position,0
local_to_global_position,0
local_to_global_position,0
local_to_global_position,0
local_to_global_position,0
local_to_global_position,0
get_current_chunks,0
start_cycle,1003500
local_to_global_position,0
local_to_global_position,0
local_to_global_position,0
local_to_global_position,0
local_to_global_position,0
local_to_global_position,0
handle_yolo_info,9530400
matched_object,0
matched_object,0
matched_object,0
matched_object,0
create_object,8529100
create_object,9607000
finish_cycle,0
get_all_of,0
get_all_of,0
update,0
warp_image_to_ground,2998000
process_segmentation_image,17365700
get_all_of,0
get_all_of,0
update,0
decide_player_position,0
local_to_global_position,0
local_to_global_position,0
local_to_global_position,0
local_to_global_position,0
local_to_global_position,0
local_to_global_position,0
local_to_global_position,0
local_to_global_position,0
get_current_chunks,0
start_cycle,999900
local_to_global_position,0
local_to_global_position,0
local_to_global_position,0
local_to_global_position,504700
local_to_global_position,0
local_to_global_position,0
handle_yolo_info,9723200
matched_object,0
matched_object,0
matched_object,0
matched_object,0
matched_object,0
matched_object,0
finish_cycle,0
get_all_of,0
get_all_of,0
update,0
decide_player_position,0
local_to_global_position,0
local_to_global_position,0
local_to_global_position,0
local_to_global_position,0
local_to_global_position,0
local_to_global_position,0
local_to_global_position,0
local_to_global_position,0
get_current_chunks,0
start_cycle,1007700
local_to_global_position,0
local_to_global_position,0
local_to_global_position,0
local_to_global_position,0
handle_yolo_info,7005600
matched_object,0
matched_object,0
matched_object,0
matched_object,0
add_object,0
finish_cycle,505300
warp_image_to_ground,1009100
process_segmentation_image,19140700
get_all_of,0
get_all_of,0
update,0
decide_player_position,0
local_to_global_position,0
local_to_global_position,0
local_to_global_position,0
local_to_global_position,0
local_to_global_position,0
local_to_global_position,0
local_to_global_position,0
local_to_global_position,0
get_current_chunks,0
start_cycle,0
local_to_global_position,0
local_to_global_position,0
local_to_global_position,0
local_to_global_position,0
local_to_global_position,0
handle_mob_at_position,999700
mob_detected,999700
handle_yolo_info,8555100
matched_object,0
matched_object,0
matched_object,0
matched_object,0
finish_cycle,1612200
get_all_of,0
get_all_of,0
update,0
decide_player_position,0
local_to_global_position,0
local_to_global_position,0
local_to_global_position,0
local_to_global_position,0
local_to_global_position,0
local_to_global_position,0
local_to_global_position,0
local_to_global_position,0
get_current_chunks,0
start_cycle,0
local_to_global_position,0
local_to_global_position,0
local_to_global_position,0
local_to_global_position,0
local_to_global_position,0
local_to_global_position,0
handle_mob_at_position,999700
mob_detected,999700
handle_yolo_info,9753700
matched_object,0
matched_object,0
matched_object,0
matched_object,0
create_object,10186800
finish_cycle,0
warp_image_to_ground,998500
process_segmentation_image,17331000
get_all_of,0
get_all_of,0
update,0
get_all_of,0
get_all_of,0
update,0
decide_player_position,0
local_to_global_position,0
local_to_global_position,0
local_to_global_position,0
local_to_global_position,1007100
local_to_global_position,0
local_to_global_position,0
local_to_global_position,0
local_to_global_position,0
get_current_chunks,0
start_cycle,1007100
local_to_global_position,0
local_to_global_position,0
local_to_global_position,1008800
local_to_global_position,0
local_to_global_position,0
local_to_global_position,0
local_to_global_position,0
handle_yolo_info,9583500
matched_object,0
matched_object,0
matched_object,0
matched_object,0
matched_object,0
create_object,1999500
create_object,1505900
finish_cycle,0
warp_image_to_ground,2007400
process_segmentation_image,20051800
get_all_of,0
get_all_of,0
update,0
decide_player_position,0
local_to_global_position,0
local_to_global_position,0
local_to_global_position,0
local_to_global_position,0
local_to_global_position,0
local_to_global_position,0
local_to_global_position,0
local_to_global_position,0
get_current_chunks,0
start_cycle,0
local_to_global_position,0
local_to_global_position,0
local_to_global_position,0
local_to_global_position,0
local_to_global_position,0
local_to_global_position,0
handle_yolo_info,10214700
matched_object,0
matched_object,0
matched_object,0
matched_object,0
matched_object,0
matched_object,0
add_object,0
finish_cycle,0
get_all_of,0
get_all_of,0
update,0
decide_player_position,0
local_to_global_position,0
local_to_global_position,0
local_to_global_position,0
local_to_global_position,0
local_to_global_position,0
local_to_global_position,0
local_to_global_position,0
local_to_global_position,0
get_current_chunks,0
start_cycle,1512100
local_to_global_position,0
local_to_global_position,0
local_to_global_position,0
local_to_global_position,0
local_to_global_position,0
local_to_global_position,0
handle_yolo_info,11203800
matched_object,0
matched_object,0
matched_object,0
matched_object,0
matched_object,0
create_object,8507600
finish_cycle,0
warp_image_to_ground,3011800
process_segmentation_image,20467800
get_all_of,0
get_all_of,0
update,0
decide_player_position,0
local_to_global_position,0
local_to_global_position,0
local_to_global_position,0
local_to_global_position,0
local_to_global_position,0
local_to_global_position,0
local_to_global_position,0
local_to_global_position,0
get_current_chunks,0
start_cycle,0
local_to_global_position,0
local_to_global_position,0
local_to_global_position,0
local_to_global_position,0
handle_yolo_info,7510400
matched_object,0
matched_object,0
matched_object,0
matched_object,0
finish_cycle,0
get_all_of,0
get_all_of,0
update,0
decide_player_position,0
local_to_global_position,0
local_to_global_position,0
local_to_global_position,0
local_to_global_position,0
local_to_global_position,0
local_to_global_position,0
local_to_global_position,0
local_to_global_position,0
get_current_chunks,0
start_cycle,0
local_to_global_position,0
local_to_global_position,0
local_to_global_position,0
local_to_global_position,0
local_to_global_position,0
local_to_global_position,0
handle_yolo_info,9270400
matched_object,0
matched_object,0
matched_object,0
matched_object,0
matched_object,0
create_object,9888300
finish_cycle,0
warp_image_to_ground,2495300
process_segmentation_image,24871900
get_all_of,0
get_all_of,0
update,998000
get_all_of,0
get_all_of,0
update,0
decide_player_position,0
local_to_global_position,0
local_to_global_position,0
local_to_global_position,0
local_to_global_position,0
local_to_global_position,0
local_to_global_position,0
local_to_global_position,0
local_to_global_position,0
get_current_chunks,0
start_cycle,0
local_to_global_position,0
local_to_global_position,0
local_to_global_position,0
local_to_global_position,0
local_to_global_position,0
handle_yolo_info,7999300
matched_object,0
matched_object,0
matched_object,0
matched_object,0
create_object,8525200
finish_cycle,1006200
warp_image_to_ground,2000800
process_segmentation_image,20045700
get_all_of,0
get_all_of,0
update,0
decide_player_position,0
local_to_global_position,0
local_to_global_position,0
local_to_global_position,0
local_to_global_position,0
local_to_global_position,0
local_to_global_position,0
local_to_global_position,0
local_to_global_position,0
get_current_chunks,0
start_cycle,0
local_to_global_position,994000
local_to_global_position,0
local_to_global_position,0
local_to_global_position,0
local_to_global_position,0
handle_yolo_info,6524900
matched_object,0
matched_object,0
matched_object,0
matched_object,0
create_object,3000300
finish_cycle,0
get_all_of,0
get_all_of,0
update,0
decide_player_position,0
local_to_global_position,0
local_to_global_position,0
local_to_global_position,0
local_to_global_position,0
local_to_global_position,0
local_to_global_position,0
local_to_global_position,0
local_to_global_position,0
get_current_chunks,0
start_cycle,0
local_to_global_position,0
local_to_global_position,0
local_to_global_position,0
local_to_global_position,0
local_to_global_position,0
local_to_global_position,1005600
handle_yolo_info,9925200
matched_object,0
matched_object,0
matched_object,0
matched_object,0
matched_object,0
create_object,8634400
finish_cycle,0
warp_image_to_ground,2009800
process_segmentation_image,20134000
get_all_of,0
get_all_of,0
update,0
decide_player_position,0
local_to_global_position,0
local_to_global_position,0
local_to_global_position,0
local_to_global_position,0
local_to_global_position,0
local_to_global_position,0
local_to_global_position,0
local_to_global_position,0
get_current_chunks,0
start_cycle,1000300
local_to_global_position,0
local_to_global_position,0
local_to_global_position,0
local_to_global_position,0
local_to_global_position,0
local_to_global_position,0
local_to_global_position,0
handle_yolo_info,13155200
matched_object,0
matched_object,0
matched_object,0
matched_object,0
matched_object,0
matched_object,0
matched_object,0
add_object,0
finish_cycle,0
get_all_of,0
get_all_of,0
update,0
warp_image_to_ground,1999600
process_segmentation_image,21142100
get_all_of,0
get_all_of,0
update,0
decide_player_position,0
local_to_global_position,0
local_to_global_position,0
local_to_global_position,0
local_to_global_position,0
local_to_global_position,0
local_to_global_position,0
local_to_global_position,0
local_to_global_position,0
get_current_chunks,1008400
start_cycle,1008400
local_to_global_position,0
local_to_global_position,0
local_to_global_position,0
local_to_global_position,0
local_to_global_position,0
local_to_global_position,0
local_to_global_position,0
handle_yolo_info,11517900
matched_object,0
matched_object,0
matched_object,0
matched_object,0
matched_object,0
matched_object,0
matched_object,0
add_object,0
finish_cycle,0
get_all_of,0
get_all_of,0
update,0
decide_player_position,0
local_to_global_position,0
local_to_global_position,0
local_to_global_position,0
local_to_global_position,0
local_to_global_position,0
local_to_global_position,0
local_to_global_position,0
local_to_global_position,0
get_current_chunks,0
start_cycle,503800
local_to_global_position,0
local_to_global_position,0
local_to_global_position,0
local_to_global_position,0
local_to_global_position,0
local_to_global_position,0
handle_yolo_info,7488100
matched_object,897000
matched_object,0
matched_object,0
matched_object,0
matched_object,0
matched_object,0
finish_cycle,1004700
warp_image_to_ground,2009400
process_segmentation_image,20037900
get_all_of,0
get_all_of,1000200
update,0
decide_player_position,0
local_to_global_position,0
local_to_global_position,0
local_to_global_position,0
local_to_global_position,0
local_to_global_position,0
local_to_global_position,0
local_to_global_position,0
local_to_global_position,0
get_current_chunks,0
start_cycle,0
local_to_global_position,0
local_to_global_position,0
local_to_global_position,0
local_to_global_position,0
local_to_global_position,0
local_to_global_position,0
local_to_global_position,0
handle_yolo_info,9926600
matched_object,0
matched_object,0
matched_object,0
matched_object,0
matched_object,0
matched_object,0
matched_object,0
finish_cycle,0
get_all_of,0
get_all_of,0
update,0
decide_player_position,0
local_to_global_position,0
local_to_global_position,0
local_to_global_position,0
local_to_global_position,0
local_to_global_position,0
local_to_global_position,0
local_to_global_position,0
local_to_global_position,0
get_current_chunks,0
start_cycle,506700
local_to_global_position,0
local_to_global_position,999100
local_to_global_position,0
local_to_global_position,0
local_to_global_position,0
local_to_global_position,0
local_to_global_position,0
local_to_global_position,0
handle_yolo_info,11230100
matched_object,0
matched_object,0
matched_object,0
matched_object,0
matched_object,0
matched_object,0
matched_object,0
matched_object,0
finish_cycle,0
warp_image_to_ground,2504600
process_segmentation_image,21142900
get_all_of,0
get_all_of,0
update,0
get_all_of,0
get_all_of,0
update,0
decide_player_position,0
local_to_global_position,0
local_to_global_position,0
local_to_global_position,0
local_to_global_position,0
local_to_global_position,0
local_to_global_position,0
local_to_global_position,0
local_to_global_position,0
get_current_chunks,0
start_cycle,998800
local_to_global_position,0
local_to_global_position,0
local_to_global_position,0
local_to_global_position,0
local_to_global_position,0
handle_yolo_info,8516400
matched_object,0
matched_object,0
matched_object,0
matched_object,0
create_object,9555000
finish_cycle,999200
warp_image_to_ground,2354100
process_segmentation_image,22293000
get_all_of,0
get_all_of,0
update,0
decide_player_position,0
local_to_global_position,1004500
local_to_global_position,0
local_to_global_position,0
local_to_global_position,0
local_to_global_position,0
local_to_global_position,0
local_to_global_position,0
local_to_global_position,0
get_current_chunks,0
start_cycle,1004500
local_to_global_position,0
local_to_global_position,0
local_to_global_position,0
local_to_global_position,0
local_to_global_position,0
handle_yolo_info,8004500
matched_object,0
matched_object,0
matched_object,0
matched_object,0
matched_object,0
finish_cycle,0
get_all_of,0
get_all_of,0
update,0
decide_player_position,0
local_to_global_position,0
local_to_global_position,0
local_to_global_position,0
local_to_global_position,0
local_to_global_position,0
local_to_global_position,0
local_to_global_position,0
local_to_global_position,0
get_current_chunks,0
start_cycle,995000
local_to_global_position,1000500
local_to_global_position,0
local_to_global_position,0
local_to_global_position,0
local_to_global_position,0
handle_yolo_info,7501800
matched_object,0
matched_object,0
matched_object,0
matched_object,0
matched_object,0
finish_cycle,1000400
warp_image_to_ground,1999000
process_segmentation_image,19168000
get_all_of,0
get_all_of,0
update,0
decide_player_position,0
local_to_global_position,0
local_to_global_position,0
local_to_global_position,0
local_to_global_position,0
local_to_global_position,0
local_to_global_position,0
local_to_global_position,0
local_to_global_position,0
get_current_chunks,0
start_cycle,997900
local_to_global_position,0
local_to_global_position,0
local_to_global_position,0
local_to_global_position,0
local_to_global_position,0
local_to_global_position,0
handle_yolo_info,9567700
matched_object,0
matched_object,0
matched_object,0
matched_object,0
matched_object,0
create_object,8663900
finish_cycle,1009300
warp_image_to_ground,1999200
process_segmentation_image,20406000
get_all_of,0
get_all_of,0
update,0
decide_player_position,0
local_to_global_position,0
local_to_global_position,0
local_to_global_position,0
local_to_global_position,0
local_to_global_position,0
local_to_global_position,0
local_to_global_position,0
local_to_global_position,0
get_current_chunks,0
start_cycle,0
local_to_global_position,0
local_to_global_position,0
local_to_global_position,0
local_to_global_position,0
local_to_global_position,0
handle_yolo_info,6877600
matched_object,0
matched_object,0
matched_object,0
matched_object,0
matched_object,0
finish_cycle,0
get_all_of,0
get_all_of,1001000
update,0
decide_player_position,0
local_to_global_position,0
local_to_global_position,0
local_to_global_position,0
local_to_global_position,0
local_to_global_position,0
local_to_global_position,0
local_to_global_position,0
local_to_global_position,0
get_current_chunks,0
start_cycle,0
local_to_global_position,0
local_to_global_position,0
local_to_global_position,0
local_to_global_position,0
local_to_global_position,0
handle_yolo_info,7605800
matched_object,0
matched_object,0
matched_object,0
matched_object,0
matched_object,0
finish_cycle,1005100
warp_image_to_ground,1515800
process_segmentation_image,19264100
get_all_of,0
get_all_of,0
update,0
decide_player_position,0
local_to_global_position,0
local_to_global_position,0
local_to_global_position,0
local_to_global_position,0
local_to_global_position,0
local_to_global_position,0
local_to_global_position,0
local_to_global_position,0
get_current_chunks,0
start_cycle,0
local_to_global_position,0
local_to_global_position,0
local_to_global_position,0
handle_yolo_info,5498300
matched_object,0
matched_object,0
matched_object,0
finish_cycle,0
get_all_of,0
get_all_of,999900
update,0
warp_image_to_ground,1011400
process_segmentation_image,17776000
get_all_of,0
get_all_of,0
update,0
decide_player_position,0
local_to_global_position,0
local_to_global_position,0
local_to_global_position,0
local_to_global_position,0
local_to_global_position,0
local_to_global_position,0
local_to_global_position,0
local_to_global_position,0
get_current_chunks,0
start_cycle,0
local_to_global_position,0
local_to_global_position,0
local_to_global_position,0
handle_yolo_info,2999700
matched_object,0
matched_object,0
matched_object,0
finish_cycle,1000100
get_all_of,0
get_all_of,0
update,0
decide_player_position,1005800
local_to_global_position,0
local_to_global_position,0
local_to_global_position,0
local_to_global_position,0
local_to_global_position,0
local_to_global_position,0
local_to_global_position,0
local_to_global_position,0
get_current_chunks,0
start_cycle,0
local_to_global_position,0
local_to_global_position,0
local_to_global_position,0
handle_yolo_info,4998300
matched_object,0
matched_object,0
matched_object,0
finish_cycle,0
warp_image_to_ground,1511700
process_segmentation_image,20636200
get_all_of,0
get_all_of,0
update,0
decide_player_position,1009000
local_to_global_position,0
local_to_global_position,0
local_to_global_position,0
local_to_global_position,0
local_to_global_position,0
local_to_global_position,0
local_to_global_position,0
local_to_global_position,0
get_current_chunks,0
start_cycle,0
local_to_global_position,0
local_to_global_position,0
local_to_global_position,0
local_to_global_position,0
handle_mob_at_position,1514000
mob_detected,1514000
handle_yolo_info,9864800
matched_object,0
matched_object,0
create_object,10394000
finish_cycle,0
get_all_of,0
get_all_of,0
update,0
decide_player_position,0
local_to_global_position,0
local_to_global_position,0
local_to_global_position,0
local_to_global_position,0
local_to_global_position,0
local_to_global_position,0
local_to_global_position,0
local_to_global_position,0
get_current_chunks,0
start_cycle,1014400
local_to_global_position,0
local_to_global_position,999500
handle_yolo_info,7024800
matched_object,0
matched_object,0
finish_cycle,0
warp_image_to_ground,2509900
process_segmentation_image,19038900
get_all_of,0
get_all_of,0
update,0
decide_player_position,0
local_to_global_position,0
local_to_global_position,0
local_to_global_position,0
local_to_global_position,0
local_to_global_position,0
local_to_global_position,0
local_to_global_position,0
local_to_global_position,0
get_current_chunks,0
start_cycle,0
local_to_global_position,0
local_to_global_position,0
handle_yolo_info,2510100
matched_object,0
matched_object,0
finish_cycle,1180600
get_all_of,0
get_all_of,0
update,0
decide_player_position,0
local_to_global_position,0
local_to_global_position,0
local_to_global_position,0
local_to_global_position,0
local_to_global_position,0
local_to_global_position,0
local_to_global_position,0
local_to_global_position,0
get_current_chunks,0
start_cycle,0
local_to_global_position,0
local_to_global_position,0
local_to_global_position,0
handle_yolo_info,5007100
matched_object,0
matched_object,0
create_object,9461900
finish_cycle,998500
warp_image_to_ground,1173800
process_segmentation_image,22782300
get_all_of,0
get_all_of,0
update,0
decide_player_position,0
local_to_global_position,0
local_to_global_position,0
local_to_global_position,0
local_to_global_position,0
local_to_global_position,0
local_to_global_position,0
local_to_global_position,0
local_to_global_position,0
get_current_chunks,0
start_cycle,0
local_to_global_position,0
local_to_global_position,1332500
handle_yolo_info,4877000
matched_object,0
matched_object,0
finish_cycle,1008400
get_all_of,0
get_all_of,0
update,0
decide_player_position,0
local_to_global_position,0
local_to_global_position,0
local_to_global_position,0
local_to_global_position,0
local_to_global_position,0
local_to_global_position,0
local_to_global_position,0
local_to_global_position,0
get_current_chunks,0
start_cycle,0
local_to_global_position,0
handle_yolo_info,2511900
matched_object,0
finish_cycle,0
warp_image_to_ground,1000800
process_segmentation_image,15775300
get_all_of,0
get_all_of,0
update,0
decide_player_position,0
local_to_global_position,0
local_to_global_position,0
local_to_global_position,0
local_to_global_position,0
local_to_global_position,0
local_to_global_position,0
local_to_global_position,0
local_to_global_position,0
get_current_chunks,0
start_cycle,999700
local_to_global_position,0
handle_yolo_info,4526100
matched_object,0
finish_cycle,0
get_all_of,0
get_all_of,0
update,0
decide_player_position,0
local_to_global_position,0
local_to_global_position,0
local_to_global_position,0
local_to_global_position,0
local_to_global_position,0
local_to_global_position,0
local_to_global_position,0
local_to_global_position,0
get_current_chunks,0
start_cycle,0
local_to_global_position,0
local_to_global_position,0
handle_yolo_info,3521800
matched_object,0
matched_object,0
finish_cycle,0
warp_image_to_ground,3285300
process_segmentation_image,17875200
get_all_of,0
get_all_of,0
update,0
decide_player_position,0
local_to_global_position,0
local_to_global_position,0
local_to_global_position,0
local_to_global_position,0
local_to_global_position,0
local_to_global_position,0
local_to_global_position,0
local_to_global_position,0
get_current_chunks,0
start_cycle,1006600
local_to_global_position,0
local_to_global_position,0
local_to_global_position,0
handle_yolo_info,5023300
matched_object,0
create_object,1504400
create_object,10806700
finish_cycle,0
warp_image_to_ground,1508800
process_segmentation_image,22422900
get_all_of,0
get_all_of,0
update,0
get_all_of,0
get_all_of,0
update,0
decide_player_position,0
local_to_global_position,0
local_to_global_position,0
local_to_global_position,0
local_to_global_position,0
local_to_global_position,0
local_to_global_position,0
local_to_global_position,0
local_to_global_position,0
get_current_chunks,0
start_cycle,0
local_to_global_position,0
local_to_global_position,0
handle_yolo_info,3453500
matched_object,0
matched_object,0
finish_cycle,0
warp_image_to_ground,1999800
process_segmentation_image,19044800
get_all_of,0
get_all_of,0
update,0
get_all_of,0
get_all_of,0
update,0
decide_player_position,0
local_to_global_position,0
local_to_global_position,0
local_to_global_position,0
local_to_global_position,0
local_to_global_position,0
local_to_global_position,0
local_to_global_position,0
local_to_global_position,0
get_current_chunks,0
start_cycle,0
local_to_global_position,0
local_to_global_position,0
handle_yolo_info,4513600
matched_object,0
matched_object,0
add_object,0
finish_cycle,0
warp_image_to_ground,1997800
process_segmentation_image,21681800
get_all_of,0
get_all_of,0
update,0
decide_player_position,0
local_to_global_position,0
local_to_global_position,0
local_to_global_position,0
local_to_global_position,0
local_to_global_position,0
local_to_global_position,1001200
local_to_global_position,0
local_to_global_position,0
get_current_chunks,0
start_cycle,1001200
local_to_global_position,0
local_to_global_position,0
handle_yolo_info,5014600
matched_object,0
matched_object,0
finish_cycle,0
get_all_of,0
get_all_of,0
update,0
decide_player_position,0
local_to_global_position,0
local_to_global_position,0
local_to_global_position,0
local_to_global_position,0
local_to_global_position,0
local_to_global_position,0
local_to_global_position,0
local_to_global_position,0
get_current_chunks,0
start_cycle,0
local_to_global_position,0
local_to_global_position,0
handle_yolo_info,5785300
matched_object,0
matched_object,0
finish_cycle,0
warp_image_to_ground,2019200
process_segmentation_image,22990300
get_all_of,0
get_all_of,0
update,0
decide_player_position,0
local_to_global_position,0
local_to_global_position,0
local_to_global_position,0
local_to_global_position,0
local_to_global_position,0
local_to_global_position,0
local_to_global_position,0
local_to_global_position,0
get_current_chunks,0
start_cycle,1483100
local_to_global_position,0
local_to_global_position,0
handle_yolo_info,5872700
matched_object,0
matched_object,0
finish_cycle,0
get_all_of,0
get_all_of,0
update,0
decide_player_position,0
local_to_global_position,0
local_to_global_position,0
local_to_global_position,0
local_to_global_position,0
local_to_global_position,0
local_to_global_position,0
local_to_global_position,0
local_to_global_position,0
get_current_chunks,0
start_cycle,0
local_to_global_position,0
local_to_global_position,0
handle_yolo_info,3005400
matched_object,0
matched_object,0
finish_cycle,0
warp_image_to_ground,2003800
process_segmentation_image,20789800
get_all_of,0
get_all_of,0
update,0
decide_player_position,0
local_to_global_position,0
local_to_global_position,0
local_to_global_position,0
local_to_global_position,0
local_to_global_position,0
local_to_global_position,0
local_to_global_position,0
local_to_global_position,0
get_current_chunks,0
start_cycle,1009900
local_to_global_position,0
local_to_global_position,0
handle_yolo_info,4464200
matched_object,0
matched_object,0
finish_cycle,0
get_all_of,0
get_all_of,0
update,0
decide_player_position,0
local_to_global_position,0
local_to_global_position,0
local_to_global_position,0
local_to_global_position,0
local_to_global_position,0
local_to_global_position,0
local_to_global_position,0
local_to_global_position,0
get_current_chunks,0
start_cycle,0
local_to_global_position,0
local_to_global_position,0
handle_yolo_info,4512900
matched_object,0
matched_object,0
finish_cycle,0
warp_image_to_ground,2004900
process_segmentation_image,14037700
get_all_of,0
get_all_of,0
update,0
decide_player_position,998100
local_to_global_position,0
local_to_global_position,0
local_to_global_position,0
local_to_global_position,0
local_to_global_position,0
local_to_global_position,0
local_to_global_position,0
local_to_global_position,0
get_current_chunks,0
start_cycle,0
local_to_global_position,0
local_to_global_position,0
handle_yolo_info,3722700
matched_object,0
matched_object,0
finish_cycle,0
get_all_of,0
get_all_of,0
update,0
decide_player_position,0
local_to_global_position,0
local_to_global_position,0
local_to_global_position,0
local_to_global_position,0
local_to_global_position,0
local_to_global_position,0
local_to_global_position,0
local_to_global_position,0
get_current_chunks,0
start_cycle,0
local_to_global_position,0
local_to_global_position,0
handle_yolo_info,4539500
matched_object,0
matched_object,0
finish_cycle,0
warp_image_to_ground,2027400
process_segmentation_image,20623500
get_all_of,0
get_all_of,0
update,0
decide_player_position,0
local_to_global_position,0
local_to_global_position,0
local_to_global_position,0
local_to_global_position,0
local_to_global_position,0
local_to_global_position,0
local_to_global_position,0
local_to_global_position,0
get_current_chunks,0
start_cycle,998800
local_to_global_position,0
local_to_global_position,0
handle_yolo_info,5626400
matched_object,0
matched_object,0
finish_cycle,0
get_all_of,0
get_all_of,0
update,0
decide_player_position,0
local_to_global_position,0
local_to_global_position,0
local_to_global_position,0
local_to_global_position,0
local_to_global_position,0
local_to_global_position,0
local_to_global_position,0
local_to_global_position,0
get_current_chunks,0
start_cycle,1000200
local_to_global_position,0
local_to_global_position,0
handle_yolo_info,5000000
matched_object,0
matched_object,0
finish_cycle,1505100
warp_image_to_ground,2014500
process_segmentation_image,20054700
get_all_of,0
get_all_of,0
update,0
decide_player_position,0
local_to_global_position,0
local_to_global_position,0
local_to_global_position,0
local_to_global_position,0
local_to_global_position,0
local_to_global_position,0
local_to_global_position,0
local_to_global_position,0
get_current_chunks,0
start_cycle,0
local_to_global_position,0
local_to_global_position,0
handle_yolo_info,1994200
matched_object,0
matched_object,0
finish_cycle,0
get_all_of,0
get_all_of,0
update,0
decide_player_position,0
local_to_global_position,0
local_to_global_position,0
local_to_global_position,0
local_to_global_position,0
local_to_global_position,0
local_to_global_position,0
local_to_global_position,0
local_to_global_position,0
get_current_chunks,0
start_cycle,0
local_to_global_position,0
local_to_global_position,0
handle_yolo_info,4004200
matched_object,0
matched_object,0
finish_cycle,997800
warp_image_to_ground,1999600
process_segmentation_image,18031800
get_all_of,0
get_all_of,0
update,0
get_all_of,0
get_all_of,0
update,0
decide_player_position,0
local_to_global_position,0
local_to_global_position,0
local_to_global_position,0
local_to_global_position,0
local_to_global_position,0
local_to_global_position,0
local_to_global_position,0
local_to_global_position,0
get_current_chunks,0
start_cycle,1509100
local_to_global_position,0
local_to_global_position,0
handle_yolo_info,5524700
matched_object,0
matched_object,0
finish_cycle,0
warp_image_to_ground,2000900
process_segmentation_image,20440900
get_all_of,0
get_all_of,0
update,0
decide_player_position,0
local_to_global_position,0
local_to_global_position,0
local_to_global_position,0
local_to_global_position,0
local_to_global_position,0
local_to_global_position,0
local_to_global_position,0
local_to_global_position,0
get_current_chunks,0
start_cycle,0
local_to_global_position,0
local_to_global_position,0
handle_yolo_info,4526200
matched_object,0
matched_object,0
finish_cycle,0
get_all_of,0
get_all_of,0
update,0
decide_player_position,0
local_to_global_position,0
local_to_global_position,0
local_to_global_position,0
local_to_global_position,0
local_to_global_position,0
local_to_global_position,0
local_to_global_position,0
local_to_global_position,0
get_current_chunks,0
start_cycle,998000
local_to_global_position,0
local_to_global_position,0
handle_yolo_info,3997400
matched_object,0
matched_object,0
finish_cycle,0
warp_image_to_ground,1370700
process_segmentation_image,17111100
get_all_of,0
get_all_of,0
update,0
decide_player_position,0
local_to_global_position,0
local_to_global_position,0
local_to_global_position,0
local_to_global_position,0
local_to_global_position,0
local_to_global_position,0
local_to_global_position,0
local_to_global_position,0
get_current_chunks,0
start_cycle,0
local_to_global_position,996200
local_to_global_position,0
handle_yolo_info,3007000
matched_object,0
matched_object,0
finish_cycle,1009800
get_all_of,0
get_all_of,0
update,0
decide_player_position,0
local_to_global_position,0
local_to_global_position,0
local_to_global_position,0
local_to_global_position,0
local_to_global_position,999200
local_to_global_position,0
local_to_global_position,0
local_to_global_position,0
get_current_chunks,0
start_cycle,999200
local_to_global_position,0
local_to_global_position,0
handle_yolo_info,5505600
matched_object,0
matched_object,0
finish_cycle,0
warp_image_to_ground,2008300
process_segmentation_image,22907400
get_all_of,0
get_all_of,0
update,0
decide_player_position,0
local_to_global_position,0
local_to_global_position,0
local_to_global_position,0
local_to_global_position,0
local_to_global_position,0
local_to_global_position,0
local_to_global_position,0
local_to_global_position,0
get_current_chunks,0
start_cycle,0
local_to_global_position,0
handle_yolo_info,3114400
matched_object,0
finish_cycle,999900
get_all_of,0
get_all_of,0
update,0
decide_player_position,0
local_to_global_position,0
local_to_global_position,0
local_to_global_position,0
local_to_global_position,0
local_to_global_position,0
local_to_global_position,0
local_to_global_position,0
local_to_global_position,0
get_current_chunks,0
start_cycle,1005500
local_to_global_position,0
local_to_global_position,0
handle_yolo_info,6005300
matched_object,0
create_object,9634400
finish_cycle,0
warp_image_to_ground,2007300
process_segmentation_image,18469400
get_all_of,0
get_all_of,0
update,0
decide_player_position,0
local_to_global_position,0
local_to_global_position,0
local_to_global_position,0
local_to_global_position,0
local_to_global_position,0
local_to_global_position,0
local_to_global_position,0
local_to_global_position,0
get_current_chunks,0
start_cycle,0
local_to_global_position,0
local_to_global_position,0
handle_yolo_info,5516700
matched_object,0
create_object,12625200
finish_cycle,0
get_all_of,0
get_all_of,0
update,0
decide_player_position,0
local_to_global_position,0
local_to_global_position,0
local_to_global_position,0
local_to_global_position,0
local_to_global_position,0
local_to_global_position,0
local_to_global_position,0
local_to_global_position,0
get_current_chunks,0
start_cycle,0
local_to_global_position,0
local_to_global_position,0
local_to_global_position,0
local_to_global_position,0
handle_yolo_info,5515200
matched_object,0
matched_object,0
create_object,8528000
create_object,2000000
finish_cycle,0
warp_image_to_ground,2506000
process_segmentation_image,21638000
get_all_of,0
get_all_of,0
update,0
decide_player_position,0
local_to_global_position,0
local_to_global_position,0
local_to_global_position,0
local_to_global_position,0
local_to_global_position,0
local_to_global_position,0
local_to_global_position,0
local_to_global_position,0
get_current_chunks,0
start_cycle,1002700
local_to_global_position,0
local_to_global_position,0
local_to_global_position,1003600
handle_yolo_info,5532700
matched_object,0
matched_object,0
matched_object,0
add_object,0
finish_cycle,996600
get_all_of,0
get_all_of,0
update,0
decide_player_position,0
local_to_global_position,0
local_to_global_position,0
local_to_global_position,0
local_to_global_position,0
local_to_global_position,0
local_to_global_position,0
local_to_global_position,0
local_to_global_position,0
get_current_chunks,0
start_cycle,0
local_to_global_position,0
handle_yolo_info,4471400
matched_object,0
finish_cycle,0
warp_image_to_ground,2096500
process_segmentation_image,20910400
get_all_of,0
get_all_of,0
update,0
decide_player_position,0
local_to_global_position,0
local_to_global_position,0
local_to_global_position,0
local_to_global_position,0
local_to_global_position,0
local_to_global_position,0
local_to_global_position,0
local_to_global_position,0
get_current_chunks,0
start_cycle,0
local_to_global_position,0
local_to_global_position,0
handle_yolo_info,3999900
matched_object,0
matched_object,0
finish_cycle,0
get_all_of,0
get_all_of,0
update,0
decide_player_position,0
local_to_global_position,0
local_to_global_position,0
local_to_global_position,0
local_to_global_position,0
local_to_global_position,0
local_to_global_position,0
local_to_global_position,0
local_to_global_position,0
get_current_chunks,0
start_cycle,0
local_to_global_position,0
local_to_global_position,0
handle_yolo_info,4440100
matched_object,0
matched_object,0
finish_cycle,0
warp_image_to_ground,2005700
process_segmentation_image,20113200
get_all_of,0
get_all_of,0
update,0
get_all_of,0
get_all_of,0
update,0
decide_player_position,0
local_to_global_position,0
local_to_global_position,0
local_to_global_position,0
local_to_global_position,0
local_to_global_position,0
local_to_global_position,0
local_to_global_position,0
local_to_global_position,0
get_current_chunks,0
start_cycle,0
local_to_global_position,0
local_to_global_position,0
handle_yolo_info,4108000
matched_object,0
matched_object,0
finish_cycle,0
warp_image_to_ground,1507200
process_segmentation_image,19323600
get_all_of,0
get_all_of,0
update,0
decide_player_position,0
local_to_global_position,0
local_to_global_position,0
local_to_global_position,0
local_to_global_position,0
local_to_global_position,0
local_to_global_position,0
local_to_global_position,0
local_to_global_position,0
get_current_chunks,0
start_cycle,0
local_to_global_position,0
local_to_global_position,1008300
handle_yolo_info,6017100
matched_object,0
matched_object,0
finish_cycle,0
get_all_of,0
get_all_of,0
update,0
decide_player_position,0
local_to_global_position,0
local_to_global_position,0
local_to_global_position,0
local_to_global_position,0
local_to_global_position,0
local_to_global_position,0
local_to_global_position,0
local_to_global_position,0
get_current_chunks,0
start_cycle,1043500
local_to_global_position,0
handle_yolo_info,5105500
matched_object,0
finish_cycle,999700
warp_image_to_ground,999900
process_segmentation_image,17818600
get_all_of,0
get_all_of,0
update,0
decide_player_position,0
local_to_global_position,0
local_to_global_position,0
local_to_global_position,0
local_to_global_position,0
local_to_global_position,0
local_to_global_position,0
local_to_global_position,0
local_to_global_position,0
get_current_chunks,0
start_cycle,0
local_to_global_position,0
local_to_global_position,0
handle_yolo_info,6027200
matched_object,0
matched_object,0
finish_cycle,0
get_all_of,0
get_all_of,0
update,0
decide_player_position,0
local_to_global_position,0
local_to_global_position,0
local_to_global_position,0
local_to_global_position,0
local_to_global_position,0
local_to_global_position,0
local_to_global_position,0
local_to_global_position,0
get_current_chunks,0
start_cycle,0
local_to_global_position,0
local_to_global_position,0
handle_yolo_info,5447000
matched_object,0
matched_object,0
finish_cycle,0
warp_image_to_ground,2003500
process_segmentation_image,19863100
get_all_of,0
get_all_of,0
update,0
decide_player_position,0
local_to_global_position,504400
local_to_global_position,0
local_to_global_position,0
local_to_global_position,0
local_to_global_position,0
local_to_global_position,0
local_to_global_position,0
local_to_global_position,0
get_current_chunks,0
start_cycle,504400
local_to_global_position,0
local_to_global_position,0
handle_yolo_info,4875700
matched_object,0
matched_object,0
finish_cycle,0
get_all_of,0
get_all_of,0
update,0
decide_player_position,0
local_to_global_position,999300
local_to_global_position,0
local_to_global_position,0
local_to_global_position,0
local_to_global_position,0
local_to_global_position,0
local_to_global_position,0
local_to_global_position,0
get_current_chunks,0
start_cycle,999300
local_to_global_position,0
local_to_global_position,0
handle_yolo_info,3999700
matched_object,0
matched_object,0
finish_cycle,0
warp_image_to_ground,2513900
process_segmentation_image,19034600
get_all_of,0
get_all_of,0
update,0
decide_player_position,0
local_to_global_position,0
local_to_global_position,0
local_to_global_position,0
local_to_global_position,0
local_to_global_position,0
local_to_global_position,0
local_to_global_position,0
local_to_global_position,0
get_current_chunks,0
start_cycle,1006200
local_to_global_position,0
local_to_global_position,0
handle_yolo_info,4013600
matched_object,0
matched_object,0
finish_cycle,0
get_all_of,0
get_all_of,0
update,0
decide_player_position,0
local_to_global_position,0
local_to_global_position,0
local_to_global_position,0
local_to_global_position,0
local_to_global_position,0
local_to_global_position,0
local_to_global_position,999800
local_to_global_position,0
get_current_chunks,0
start_cycle,999800
local_to_global_position,0
local_to_global_position,0
handle_yolo_info,5739000
matched_object,0
matched_object,0
finish_cycle,0
warp_image_to_ground,1026700
process_segmentation_image,21943800
get_all_of,0
get_all_of,0
update,0
decide_player_position,0
local_to_global_position,0
local_to_global_position,0
local_to_global_position,0
local_to_global_position,0
local_to_global_position,0
local_to_global_position,0
local_to_global_position,0
local_to_global_position,0
get_current_chunks,0
start_cycle,1008600
local_to_global_position,0
local_to_global_position,0
handle_yolo_info,5021500
matched_object,1002400
matched_object,0
finish_cycle,0
get_all_of,0
get_all_of,0
update,0
decide_player_position,0
local_to_global_position,0
local_to_global_position,0
local_to_global_position,0
local_to_global_position,0
local_to_global_position,0
local_to_global_position,1009000
local_to_global_position,0
local_to_global_position,0
get_current_chunks,0
start_cycle,1009000
local_to_global_position,0
local_to_global_position,0
handle_yolo_info,5008700
matched_object,0
matched_object,0
finish_cycle,0
warp_image_to_ground,2503400
process_segmentation_image,20170700
get_all_of,0
get_all_of,0
update,0
decide_player_position,0
local_to_global_position,0
local_to_global_position,0
local_to_global_position,0
local_to_global_position,0
local_to_global_position,0
local_to_global_position,0
local_to_global_position,0
local_to_global_position,0
get_current_chunks,0
start_cycle,1002300
local_to_global_position,0
local_to_global_position,0
handle_yolo_info,4516300
matched_object,0
matched_object,0
finish_cycle,0
get_all_of,0
get_all_of,0
update,0
warp_image_to_ground,2000000
process_segmentation_image,20024600
get_all_of,0
get_all_of,0
update,0
decide_player_position,0
local_to_global_position,0
local_to_global_position,0
local_to_global_position,0
local_to_global_position,0
local_to_global_position,0
local_to_global_position,0
local_to_global_position,0
local_to_global_position,0
get_current_chunks,0
start_cycle,0
local_to_global_position,0
local_to_global_position,0
handle_yolo_info,3997100
matched_object,0
matched_object,0
finish_cycle,0
get_all_of,0
get_all_of,0
update,0
decide_player_position,0
local_to_global_position,0
local_to_global_position,0
local_to_global_position,0
local_to_global_position,0
local_to_global_position,0
local_to_global_position,0
local_to_global_position,0
local_to_global_position,0
get_current_chunks,0
start_cycle,0
local_to_global_position,0
local_to_global_position,0
handle_yolo_info,5033500
matched_object,0
matched_object,0
finish_cycle,0
warp_image_to_ground,2085200
process_segmentation_image,18303300
get_all_of,0
get_all_of,0
update,0
decide_player_position,0
local_to_global_position,0
local_to_global_position,0
local_to_global_position,0
local_to_global_position,0
local_to_global_position,0
local_to_global_position,0
local_to_global_position,0
local_to_global_position,0
get_current_chunks,0
start_cycle,0
local_to_global_position,0
local_to_global_position,0
handle_yolo_info,4012700
matched_object,0
matched_object,0
finish_cycle,0
get_all_of,0
get_all_of,0
update,0
decide_player_position,0
local_to_global_position,0
local_to_global_position,0
local_to_global_position,0
local_to_global_position,0
local_to_global_position,0
local_to_global_position,0
local_to_global_position,0
local_to_global_position,0
get_current_chunks,0
start_cycle,1268100
local_to_global_position,0
local_to_global_position,0
handle_yolo_info,4353800
matched_object,0
matched_object,0
finish_cycle,0
warp_image_to_ground,2514100
process_segmentation_image,21155100
get_all_of,0
get_all_of,0
update,0
decide_player_position,0
local_to_global_position,0
local_to_global_position,0
local_to_global_position,0
local_to_global_position,0
local_to_global_position,0
local_to_global_position,0
local_to_global_position,0
local_to_global_position,0
get_current_chunks,0
start_cycle,0
local_to_global_position,0
local_to_global_position,0
handle_yolo_info,4299400
matched_object,0
matched_object,0
finish_cycle,0
get_all_of,0
get_all_of,0
update,1258600
decide_player_position,0
local_to_global_position,0
local_to_global_position,0
local_to_global_position,0
local_to_global_position,0
local_to_global_position,0
local_to_global_position,0
local_to_global_position,0
local_to_global_position,0
get_current_chunks,0
start_cycle,503700
local_to_global_position,0
local_to_global_position,0
handle_yolo_info,3515600
matched_object,0
matched_object,0
finish_cycle,0
warp_image_to_ground,1997700
process_segmentation_image,18038600
get_all_of,0
get_all_of,0
update,0
decide_player_position,0
local_to_global_position,0
local_to_global_position,0
local_to_global_position,0
local_to_global_position,0
local_to_global_position,0
local_to_global_position,0
local_to_global_position,0
local_to_global_position,0
get_current_chunks,0
start_cycle,999700
local_to_global_position,0
local_to_global_position,0
handle_yolo_info,4513800
matched_object,0
matched_object,0
finish_cycle,0
get_all_of,0
get_all_of,0
update,0
decide_player_position,0
local_to_global_position,0
local_to_global_position,0
local_to_global_position,0
local_to_global_position,1008400
local_to_global_position,0
local_to_global_position,0
local_to_global_position,0
local_to_global_position,0
get_current_chunks,0
start_cycle,1008400
local_to_global_position,0
local_to_global_position,0
handle_yolo_info,4518400
matched_object,0
matched_object,0
finish_cycle,0
warp_image_to_ground,2001400
process_segmentation_image,20022600
get_all_of,0
get_all_of,0
update,0
decide_player_position,0
local_to_global_position,0
local_to_global_position,0
local_to_global_position,0
local_to_global_position,0
local_to_global_position,0
local_to_global_position,0
local_to_global_position,0
local_to_global_position,0
get_current_chunks,0
start_cycle,0
local_to_global_position,0
local_to_global_position,0
handle_yolo_info,3012600
matched_object,0
matched_object,0
finish_cycle,0
get_all_of,0
get_all_of,0
update,0
decide_player_position,0
local_to_global_position,0
local_to_global_position,0
local_to_global_position,0
local_to_global_position,999700
local_to_global_position,0
local_to_global_position,0
local_to_global_position,0
local_to_global_position,0
get_current_chunks,0
start_cycle,999700
local_to_global_position,0
local_to_global_position,0
handle_yolo_info,4233600
matched_object,0
matched_object,0
finish_cycle,0
warp_image_to_ground,2053700
process_segmentation_image,21763600
get_all_of,0
get_all_of,0
update,0
decide_player_position,0
local_to_global_position,0
local_to_global_position,0
local_to_global_position,0
local_to_global_position,0
local_to_global_position,0
local_to_global_position,0
local_to_global_position,0
local_to_global_position,0
get_current_chunks,0
start_cycle,0
local_to_global_position,0
local_to_global_position,0
handle_yolo_info,3999500
matched_object,0
matched_object,0
finish_cycle,0
get_all_of,0
get_all_of,0
update,0
decide_player_position,0
local_to_global_position,0
local_to_global_position,0
local_to_global_position,0
local_to_global_position,0
local_to_global_position,0
local_to_global_position,0
local_to_global_position,0
local_to_global_position,0
get_current_chunks,0
start_cycle,0
local_to_global_position,0
local_to_global_position,0
handle_yolo_info,4995700
matched_object,0
matched_object,0
finish_cycle,0
warp_image_to_ground,1515700
process_segmentation_image,19797600
get_all_of,0
get_all_of,0
update,0
decide_player_position,0
local_to_global_position,0
local_to_global_position,0
local_to_global_position,0
local_to_global_position,0
local_to_global_position,0
local_to_global_position,0
local_to_global_position,0
local_to_global_position,0
get_current_chunks,0
start_cycle,1001500
local_to_global_position,0
local_to_global_position,0
handle_yolo_info,5000200
matched_object,0
matched_object,0
finish_cycle,0
get_all_of,0
get_all_of,0
update,0
decide_player_position,0
local_to_global_position,0
local_to_global_position,0
local_to_global_position,0
local_to_global_position,0
local_to_global_position,0
local_to_global_position,0
local_to_global_position,0
local_to_global_position,0
get_current_chunks,0
start_cycle,0
local_to_global_position,0
local_to_global_position,0
handle_yolo_info,4000100
matched_object,0
matched_object,0
finish_cycle,0
warp_image_to_ground,2508400
process_segmentation_image,19443000
get_all_of,0
get_all_of,0
update,0
decide_player_position,0
local_to_global_position,0
local_to_global_position,0
local_to_global_position,0
local_to_global_position,0
local_to_global_position,0
local_to_global_position,0
local_to_global_position,0
local_to_global_position,0
get_current_chunks,0
start_cycle,0
local_to_global_position,0
local_to_global_position,0
handle_yolo_info,4023200
matched_object,0
matched_object,0
finish_cycle,1002500
get_all_of,0
get_all_of,0
update,0
decide_player_position,0
local_to_global_position,0
local_to_global_position,0
local_to_global_position,0
local_to_global_position,0
local_to_global_position,0
local_to_global_position,0
local_to_global_position,0
local_to_global_position,0
get_current_chunks,0
start_cycle,0
local_to_global_position,0
local_to_global_position,0
handle_yolo_info,4310300
matched_object,0
matched_object,0
finish_cycle,0
warp_image_to_ground,2321500
process_segmentation_image,21149300
get_all_of,0
get_all_of,0
update,0
decide_player_position,0
local_to_global_position,0
local_to_global_position,0
local_to_global_position,1001200
local_to_global_position,0
local_to_global_position,0
local_to_global_position,0
local_to_global_position,0
local_to_global_position,0
get_current_chunks,0
start_cycle,1001200
local_to_global_position,0
local_to_global_position,0
handle_yolo_info,4516700
matched_object,0
matched_object,0
finish_cycle,0
get_all_of,0
get_all_of,0
update,0
decide_player_position,0
local_to_global_position,0
local_to_global_position,0
local_to_global_position,0
local_to_global_position,0
local_to_global_position,0
local_to_global_position,0
local_to_global_position,0
local_to_global_position,0
get_current_chunks,504500
start_cycle,504500
local_to_global_position,0
local_to_global_position,0
handle_yolo_info,4535100
matched_object,0
matched_object,0
finish_cycle,0
warp_image_to_ground,997900
process_segmentation_image,20531600
get_all_of,0
get_all_of,0
update,0
decide_player_position,0
local_to_global_position,0
local_to_global_position,0
local_to_global_position,0
local_to_global_position,0
local_to_global_position,0
local_to_global_position,0
local_to_global_position,0
local_to_global_position,0
get_current_chunks,0
start_cycle,0
local_to_global_position,0
local_to_global_position,1508500
handle_yolo_info,4544100
matched_object,0
matched_object,0
finish_cycle,0
get_all_of,0
get_all_of,0
update,0
get_all_of,0
get_all_of,0
update,0
decide_player_position,0
local_to_global_position,0
local_to_global_position,0
local_to_global_position,0
local_to_global_position,0
local_to_global_position,0
local_to_global_position,0
local_to_global_position,0
local_to_global_position,0
get_current_chunks,0
start_cycle,0
local_to_global_position,0
local_to_global_position,0
handle_yolo_info,4378100
matched_object,0
matched_object,0
finish_cycle,0
warp_image_to_ground,2305500
process_segmentation_image,19340800
get_all_of,0
get_all_of,0
update,0
get_all_of,0
get_all_of,0
update,0
decide_player_position,0
local_to_global_position,0
local_to_global_position,0
local_to_global_position,0
local_to_global_position,0
local_to_global_position,0
local_to_global_position,0
local_to_global_position,0
local_to_global_position,0
get_current_chunks,0
start_cycle,0
local_to_global_position,0
local_to_global_position,0
local_to_global_position,0
local_to_global_position,0
handle_yolo_info,4525200
matched_object,0
matched_object,0
create_object,8041600
create_object,9037700
finish_cycle,0
warp_image_to_ground,2275700
process_segmentation_image,18846000
get_all_of,0
get_all_of,0
update,0
decide_player_position,0
local_to_global_position,0
local_to_global_position,0
local_to_global_position,0
local_to_global_position,0
local_to_global_position,0
local_to_global_position,0
local_to_global_position,0
local_to_global_position,0
get_current_chunks,0
start_cycle,0
local_to_global_position,0
local_to_global_position,0
handle_yolo_info,4150000
matched_object,0
matched_object,0
finish_cycle,0
get_all_of,0
get_all_of,0
update,0
decide_player_position,0
local_to_global_position,0
local_to_global_position,0
local_to_global_position,0
local_to_global_position,0
local_to_global_position,0
local_to_global_position,0
local_to_global_position,997800
local_to_global_position,0
get_current_chunks,0
start_cycle,997800
local_to_global_position,0
local_to_global_position,0
handle_yolo_info,4512600
matched_object,0
matched_object,0
finish_cycle,0
warp_image_to_ground,999800
process_segmentation_image,18250400
get_all_of,0
get_all_of,0
update,0
decide_player_position,0
local_to_global_position,0
local_to_global_position,0
local_to_global_position,0
local_to_global_position,0
local_to_global_position,0
local_to_global_position,0
local_to_global_position,0
local_to_global_position,0
get_current_chunks,0
start_cycle,999900
local_to_global_position,1000000
local_to_global_position,0
local_to_global_position,0
handle_yolo_info,5009500
matched_object,0
matched_object,0
create_object,2246400
finish_cycle,0
get_all_of,0
get_all_of,0
update,0
decide_player_position,0
local_to_global_position,0
local_to_global_position,999400
local_to_global_position,0
local_to_global_position,0
local_to_global_position,0
local_to_global_position,0
local_to_global_position,0
local_to_global_position,0
get_current_chunks,0
start_cycle,999400
local_to_global_position,0
local_to_global_position,0
local_to_global_position,0
handle_yolo_info,6504400
matched_object,0
matched_object,0
create_object,10517100
finish_cycle,1003900
warp_image_to_ground,2001700
process_segmentation_image,22475800
get_all_of,0
get_all_of,0
update,0
decide_player_position,0
local_to_global_position,0
local_to_global_position,0
local_to_global_position,0
local_to_global_position,0
local_to_global_position,0
local_to_global_position,0
local_to_global_position,0
local_to_global_position,0
get_current_chunks,0
start_cycle,0
local_to_global_position,0
local_to_global_position,0
local_to_global_position,0
handle_yolo_info,5015700
matched_object,0
matched_object,0
create_object,8483200
finish_cycle,0
get_all_of,0
get_all_of,0
update,0
warp_image_to_ground,2504100
process_segmentation_image,21982300
get_all_of,0
get_all_of,0
update,0
decide_player_position,0
local_to_global_position,0
local_to_global_position,0
local_to_global_position,0
local_to_global_position,0
local_to_global_position,0
local_to_global_position,0
local_to_global_position,0
local_to_global_position,0
get_current_chunks,0
start_cycle,1001000
local_to_global_position,0
local_to_global_position,0
local_to_global_position,0
local_to_global_position,0
handle_yolo_info,6170400
matched_object,0
matched_object,0
matched_object,0
create_object,2591400
finish_cycle,0
get_all_of,0
get_all_of,0
update,0
decide_player_position,999600
local_to_global_position,0
local_to_global_position,0
local_to_global_position,0
local_to_global_position,0
local_to_global_position,0
local_to_global_position,0
local_to_global_position,0
local_to_global_position,0
get_current_chunks,0
start_cycle,0
local_to_global_position,0
handle_yolo_info,3042800
matched_object,0
finish_cycle,1111800
warp_image_to_ground,2010800
process_segmentation_image,20412500
get_all_of,0
get_all_of,0
update,0
get_all_of,0
get_all_of,0
update,0
decide_player_position,0
local_to_global_position,0
local_to_global_position,0
local_to_global_position,0
local_to_global_position,0
local_to_global_position,0
local_to_global_position,0
local_to_global_position,0
local_to_global_position,0
get_current_chunks,0
start_cycle,0
handle_yolo_info,2034400
finish_cycle,1015900
warp_image_to_ground,1504900
process_segmentation_image,19946300
get_all_of,0
get_all_of,0
update,0
decide_player_position,0
local_to_global_position,0
local_to_global_position,0
local_to_global_position,0
local_to_global_position,0
local_to_global_position,0
local_to_global_position,0
local_to_global_position,0
local_to_global_position,0
get_current_chunks,0
start_cycle,998200
local_to_global_position,0
handle_yolo_info,2001100
matched_object,0
finish_cycle,0
get_all_of,0
get_all_of,0
update,0
warp_image_to_ground,3104700
process_segmentation_image,21663500
get_all_of,0
get_all_of,0
update,0
decide_player_position,0
local_to_global_position,0
local_to_global_position,0
local_to_global_position,0
local_to_global_position,0
local_to_global_position,0
local_to_global_position,0
local_to_global_position,0
local_to_global_position,0
get_current_chunks,0
start_cycle,1005800
local_to_global_position,999200
handle_yolo_info,4004600
matched_object,0
finish_cycle,0
get_all_of,0
get_all_of,0
update,0
decide_player_position,0
local_to_global_position,0
local_to_global_position,0
local_to_global_position,0
local_to_global_position,0
local_to_global_position,0
local_to_global_position,0
local_to_global_position,0
local_to_global_position,0
get_current_chunks,0
start_cycle,1007100
local_to_global_position,0
handle_yolo_info,3022100
matched_object,0
finish_cycle,1027800
get_all_of,0
get_all_of,0
update,0
decide_player_position,1000100
local_to_global_position,0
local_to_global_position,0
local_to_global_position,0
local_to_global_position,0
local_to_global_position,0
local_to_global_position,0
local_to_global_position,0
local_to_global_position,0
get_current_chunks,0
start_cycle,0
local_to_global_position,0
handle_yolo_info,2998600
matched_object,0
finish_cycle,0
warp_image_to_ground,2010900
process_segmentation_image,19425100
get_all_of,0
get_all_of,0
update,0
decide_player_position,0
local_to_global_position,0
local_to_global_position,0
local_to_global_position,0
local_to_global_position,0
local_to_global_position,1200900
local_to_global_position,0
local_to_global_position,0
local_to_global_position,0
get_current_chunks,0
start_cycle,1200900
local_to_global_position,999600
handle_yolo_info,4227500
matched_object,0
finish_cycle,0
get_all_of,0
get_all_of,0
update,0
decide_player_position,0
local_to_global_position,0
local_to_global_position,0
local_to_global_position,0
local_to_global_position,0
local_to_global_position,0
local_to_global_position,0
local_to_global_position,0
local_to_global_position,0
get_current_chunks,0
start_cycle,0
local_to_global_position,0
handle_yolo_info,1999600
matched_object,0
finish_cycle,0
warp_image_to_ground,2002600
process_segmentation_image,23218800
get_all_of,0
get_all_of,0
update,0
decide_player_position,0
local_to_global_position,0
local_to_global_position,0
local_to_global_position,0
local_to_global_position,0
local_to_global_position,0
local_to_global_position,0
local_to_global_position,0
local_to_global_position,0
get_current_chunks,0
start_cycle,0
local_to_global_position,0
handle_yolo_info,3007200
matched_object,0
finish_cycle,0
get_all_of,0
get_all_of,0
update,1006400
decide_player_position,0
local_to_global_position,0
local_to_global_position,0
local_to_global_position,0
local_to_global_position,0
local_to_global_position,0
local_to_global_position,0
local_to_global_position,0
local_to_global_position,0
get_current_chunks,0
start_cycle,1005700
local_to_global_position,0
handle_yolo_info,3002800
matched_object,0
finish_cycle,0
warp_image_to_ground,2678200
process_segmentation_image,24247200
get_all_of,0
get_all_of,0
update,0
decide_player_position,0
local_to_global_position,0
local_to_global_position,0
local_to_global_position,0
local_to_global_position,0
local_to_global_position,0
local_to_global_position,0
local_to_global_position,0
local_to_global_position,0
get_current_chunks,0
start_cycle,0
local_to_global_position,0
local_to_global_position,0
handle_yolo_info,4387700
matched_object,0
create_object,12189300
finish_cycle,0
get_all_of,0
get_all_of,0
update,0
decide_player_position,0
local_to_global_position,0
local_to_global_position,0
local_to_global_position,0
local_to_global_position,0
local_to_global_position,0
local_to_global_position,0
local_to_global_position,0
local_to_global_position,0
get_current_chunks,0
start_cycle,999900
local_to_global_position,0
local_to_global_position,0
local_to_global_position,1507600
handle_yolo_info,4510000
matched_object,0
matched_object,0
matched_object,0
finish_cycle,0
warp_image_to_ground,2048500
process_segmentation_image,19601900
get_all_of,0
get_all_of,0
update,0
decide_player_position,0
local_to_global_position,0
local_to_global_position,0
local_to_global_position,0
local_to_global_position,0
local_to_global_position,0
local_to_global_position,0
local_to_global_position,0
local_to_global_position,0
get_current_chunks,0
start_cycle,0
local_to_global_position,0
handle_yolo_info,4471900
matched_object,0
finish_cycle,0
get_all_of,0
get_all_of,0
update,0
decide_player_position,0
local_to_global_position,0
local_to_global_position,0
local_to_global_position,0
local_to_global_position,0
local_to_global_position,0
local_to_global_position,0
local_to_global_position,0
local_to_global_position,0
get_current_chunks,0
start_cycle,0
local_to_global_position,0
handle_yolo_info,3006700
matched_object,0
finish_cycle,0
warp_image_to_ground,2486900
process_segmentation_image,19530200
get_all_of,0
get_all_of,0
update,0
decide_player_position,0
local_to_global_position,0
local_to_global_position,0
local_to_global_position,0
local_to_global_position,0
local_to_global_position,0
local_to_global_position,0
local_to_global_position,0
local_to_global_position,0
get_current_chunks,0
start_cycle,1000100
local_to_global_position,0
handle_yolo_info,3508400
matched_object,0
finish_cycle,0
get_all_of,0
get_all_of,0
update,0
decide_player_position,0
local_to_global_position,0
local_to_global_position,0
local_to_global_position,0
local_to_global_position,0
local_to_global_position,0
local_to_global_position,0
local_to_global_position,0
local_to_global_position,0
get_current_chunks,0
start_cycle,0
local_to_global_position,0
local_to_global_position,0
handle_yolo_info,5034500
matched_object,0
create_object,11048100
finish_cycle,0
warp_image_to_ground,2503900
process_segmentation_image,22953600
get_all_of,0
get_all_of,0
update,0
decide_player_position,0
local_to_global_position,0
local_to_global_position,0
local_to_global_position,0
local_to_global_position,0
local_to_global_position,0
local_to_global_position,0
local_to_global_position,0
local_to_global_position,0
get_current_chunks,0
start_cycle,0
local_to_global_position,0
local_to_global_position,0
handle_yolo_info,4517000
matched_object,0
matched_object,0
finish_cycle,0
get_all_of,0
get_all_of,0
update,0
decide_player_position,0
local_to_global_position,0
local_to_global_position,0
local_to_global_position,0
local_to_global_position,0
local_to_global_position,0
local_to_global_position,0
local_to_global_position,0
local_to_global_position,0
get_current_chunks,0
start_cycle,1508200
local_to_global_position,0
local_to_global_position,0
handle_yolo_info,4547000
matched_object,0
matched_object,0
add_object,0
finish_cycle,0
warp_image_to_ground,1999900
process_segmentation_image,21088700
get_all_of,0
get_all_of,0
update,0
decide_player_position,0
local_to_global_position,0
local_to_global_position,0
local_to_global_position,1002000
local_to_global_position,0
local_to_global_position,0
local_to_global_position,0
local_to_global_position,0
local_to_global_position,0
get_current_chunks,0
start_cycle,1002000
local_to_global_position,0
local_to_global_position,0
handle_yolo_info,5752600
matched_object,0
matched_object,0
finish_cycle,0
get_all_of,0
get_all_of,0
update,0
decide_player_position,0
local_to_global_position,0
local_to_global_position,0
local_to_global_position,0
local_to_global_position,0
local_to_global_position,0
local_to_global_position,0
local_to_global_position,0
local_to_global_position,0
get_current_chunks,0
start_cycle,0
local_to_global_position,0
local_to_global_position,0
local_to_global_position,0
handle_yolo_info,5447700
matched_object,0
matched_object,0
create_object,10512200
finish_cycle,0
warp_image_to_ground,1999900
process_segmentation_image,23031200
get_all_of,0
get_all_of,0
update,0
decide_player_position,0
local_to_global_position,0
local_to_global_position,0
local_to_global_position,999400
local_to_global_position,0
local_to_global_position,0
local_to_global_position,0
local_to_global_position,0
local_to_global_position,0
get_current_chunks,0
start_cycle,999400
local_to_global_position,0
local_to_global_position,0
handle_yolo_info,4999500
matched_object,0
matched_object,0
finish_cycle,0
get_all_of,0
get_all_of,0
update,0
decide_player_position,0
local_to_global_position,0
local_to_global_position,0
local_to_global_position,0
local_to_global_position,0
local_to_global_position,0
local_to_global_position,0
local_to_global_position,0
local_to_global_position,0
get_current_chunks,0
start_cycle,0
local_to_global_position,0
local_to_global_position,0
handle_yolo_info,3999900
matched_object,0
matched_object,0
finish_cycle,0
warp_image_to_ground,2008000
process_segmentation_image,18657000
get_all_of,0
get_all_of,0
update,0
decide_player_position,0
local_to_global_position,0
local_to_global_position,0
local_to_global_position,0
local_to_global_position,0
local_to_global_position,0
local_to_global_position,0
local_to_global_position,0
local_to_global_position,0
get_current_chunks,0
start_cycle,1002800
local_to_global_position,0
local_to_global_position,0
handle_yolo_info,5000500
matched_object,0
matched_object,0
finish_cycle,0
get_all_of,0
get_all_of,0
update,0
decide_player_position,0
local_to_global_position,0
local_to_global_position,0
local_to_global_position,0
local_to_global_position,0
local_to_global_position,0
local_to_global_position,0
local_to_global_position,0
local_to_global_position,0
get_current_chunks,997800
start_cycle,997800
local_to_global_position,0
local_to_global_position,0
local_to_global_position,0
handle_yolo_info,6561900
matched_object,0
matched_object,0
matched_object,0
finish_cycle,0
warp_image_to_ground,2491100
process_segmentation_image,18587800
get_all_of,0
get_all_of,0
update,0
decide_player_position,0
local_to_global_position,0
local_to_global_position,0
local_to_global_position,0
local_to_global_position,0
local_to_global_position,0
local_to_global_position,0
local_to_global_position,0
local_to_global_position,0
get_current_chunks,0
start_cycle,1008700
local_to_global_position,0
local_to_global_position,0
local_to_global_position,0
local_to_global_position,0
handle_yolo_info,7007300
matched_object,0
matched_object,0
matched_object,0
create_object,2426900
finish_cycle,0
get_all_of,0
get_all_of,0
update,0
decide_player_position,0
local_to_global_position,0
local_to_global_position,0
local_to_global_position,0
local_to_global_position,0
local_to_global_position,0
local_to_global_position,0
local_to_global_position,0
local_to_global_position,0
get_current_chunks,0
start_cycle,0
local_to_global_position,0
local_to_global_position,0
local_to_global_position,0
handle_yolo_info,5002000
matched_object,0
matched_object,0
matched_object,0
finish_cycle,0
warp_image_to_ground,2336100
process_segmentation_image,23293800
get_all_of,0
get_all_of,0
update,0
get_all_of,0
get_all_of,0
update,0
decide_player_position,0
local_to_global_position,0
local_to_global_position,0
local_to_global_position,0
local_to_global_position,0
local_to_global_position,0
local_to_global_position,0
local_to_global_position,0
local_to_global_position,0
get_current_chunks,0
start_cycle,1022300
local_to_global_position,0
local_to_global_position,0
local_to_global_position,0
handle_yolo_info,5027800
matched_object,0
matched_object,0
matched_object,0
finish_cycle,0
warp_image_to_ground,2010500
process_segmentation_image,21739500
get_all_of,0
get_all_of,0
update,0
decide_player_position,0
local_to_global_position,0
local_to_global_position,0
local_to_global_position,0
local_to_global_position,0
local_to_global_position,0
local_to_global_position,0
local_to_global_position,0
local_to_global_position,0
get_current_chunks,999500
start_cycle,999500
local_to_global_position,0
local_to_global_position,0
local_to_global_position,0
handle_yolo_info,4513600
matched_object,0
matched_object,0
matched_object,0
finish_cycle,0
get_all_of,0
get_all_of,0
update,0
decide_player_position,0
local_to_global_position,0
local_to_global_position,0
local_to_global_position,0
local_to_global_position,0
local_to_global_position,0
local_to_global_position,0
local_to_global_position,0
local_to_global_position,0
get_current_chunks,0
start_cycle,0
local_to_global_position,999700
local_to_global_position,0
local_to_global_position,0
local_to_global_position,0
handle_yolo_info,5011000
matched_object,0
matched_object,0
matched_object,0
matched_object,0
finish_cycle,0
warp_image_to_ground,2512800
process_segmentation_image,18204500
get_all_of,0
get_all_of,0
update,0
decide_player_position,0
local_to_global_position,0
local_to_global_position,0
local_to_global_position,0
local_to_global_position,0
local_to_global_position,0
local_to_global_position,0
local_to_global_position,0
local_to_global_position,0
get_current_chunks,0
start_cycle,0
local_to_global_position,0
local_to_global_position,0
local_to_global_position,0
local_to_global_position,0
handle_yolo_info,6539800
matched_object,0
matched_object,0
matched_object,0
matched_object,0
finish_cycle,0
get_all_of,0
get_all_of,1009100
update,0
decide_player_position,0
local_to_global_position,0
local_to_global_position,0
local_to_global_position,0
local_to_global_position,0
local_to_global_position,0
local_to_global_position,0
local_to_global_position,0
local_to_global_position,0
get_current_chunks,0
start_cycle,0
local_to_global_position,0
local_to_global_position,0
local_to_global_position,0
local_to_global_position,0
local_to_global_position,0
handle_yolo_info,9166400
matched_object,0
matched_object,0
matched_object,0
matched_object,0
create_object,7519900
finish_cycle,0
warp_image_to_ground,2001300
process_segmentation_image,25893300
get_all_of,0
get_all_of,0
update,0
decide_player_position,0
local_to_global_position,0
local_to_global_position,0
local_to_global_position,0
local_to_global_position,0
local_to_global_position,0
local_to_global_position,0
local_to_global_position,0
local_to_global_position,0
get_current_chunks,0
start_cycle,1010200
local_to_global_position,0
local_to_global_position,0
local_to_global_position,0
local_to_global_position,0
handle_yolo_info,7005100
matched_object,0
matched_object,0
matched_object,0
matched_object,0
finish_cycle,1001000
get_all_of,0
get_all_of,0
update,0
decide_player_position,0
local_to_global_position,0
local_to_global_position,0
local_to_global_position,0
local_to_global_position,0
local_to_global_position,0
local_to_global_position,0
local_to_global_position,0
local_to_global_position,0
get_current_chunks,0
start_cycle,1503300
local_to_global_position,0
local_to_global_position,0
local_to_global_position,0
local_to_global_position,0
local_to_global_position,0
handle_yolo_info,7519200
matched_object,1002100
matched_object,0
matched_object,0
matched_object,0
create_object,9524600
finish_cycle,0
warp_image_to_ground,2517500
process_segmentation_image,22060100
get_all_of,0
get_all_of,0
update,0
decide_player_position,0
local_to_global_position,0
local_to_global_position,0
local_to_global_position,0
local_to_global_position,0
local_to_global_position,0
local_to_global_position,0
local_to_global_position,0
local_to_global_position,0
get_current_chunks,0
start_cycle,1009200
local_to_global_position,0
local_to_global_position,0
local_to_global_position,0
local_to_global_position,0
local_to_global_position,0
handle_yolo_info,8056900
matched_object,0
create_object,7523300
create_object,8803000
create_object,9224900
create_object,9365900
finish_cycle,0
get_all_of,0
get_all_of,0
update,0
get_all_of,0
get_all_of,0
update,0
decide_player_position,0
local_to_global_position,0
local_to_global_position,0
local_to_global_position,0
local_to_global_position,0
local_to_global_position,0
local_to_global_position,0
local_to_global_position,0
local_to_global_position,0
get_current_chunks,0
start_cycle,0
local_to_global_position,0
local_to_global_position,0
local_to_global_position,0
local_to_global_position,0
local_to_global_position,0
handle_yolo_info,7873300
matched_object,0
matched_object,0
matched_object,0
matched_object,0
matched_object,0
add_object,0
finish_cycle,0
warp_image_to_ground,2511000
process_segmentation_image,23561000
get_all_of,1000100
get_all_of,0
update,0
decide_player_position,0
local_to_global_position,0
local_to_global_position,0
local_to_global_position,0
local_to_global_position,0
local_to_global_position,0
local_to_global_position,0
local_to_global_position,0
local_to_global_position,0
get_current_chunks,0
start_cycle,0
local_to_global_position,0
local_to_global_position,0
local_to_global_position,0
local_to_global_position,0
local_to_global_position,0
handle_yolo_info,6326000
matched_object,0
matched_object,0
matched_object,0
matched_object,0
matched_object,0
add_object,0
add_object,1001700
add_object,0
add_object,0
finish_cycle,1001700
get_all_of,0
get_all_of,0
update,0
decide_player_position,0
local_to_global_position,0
local_to_global_position,0
local_to_global_position,0
local_to_global_position,0
local_to_global_position,0
local_to_global_position,0
local_to_global_position,0
local_to_global_position,0
get_current_chunks,0
start_cycle,0
local_to_global_position,0
local_to_global_position,0
local_to_global_position,0
local_to_global_position,0
local_to_global_position,0
handle_yolo_info,6166900
matched_object,0
matched_object,0
matched_object,0
matched_object,0
matched_object,0
finish_cycle,998400
warp_image_to_ground,1000400
process_segmentation_image,21051300
get_all_of,0
get_all_of,0
update,0
decide_player_position,0
local_to_global_position,0
local_to_global_position,0
local_to_global_position,0
local_to_global_position,0
local_to_global_position,0
local_to_global_position,0
local_to_global_position,0
local_to_global_position,0
get_current_chunks,0
start_cycle,0
local_to_global_position,0
local_to_global_position,0
local_to_global_position,0
local_to_global_position,0
local_to_global_position,0
handle_yolo_info,6618700
matched_object,0
matched_object,0
matched_object,0
matched_object,0
matched_object,0
finish_cycle,0
get_all_of,0
get_all_of,0
update,0
decide_player_position,0
local_to_global_position,0
local_to_global_position,0
local_to_global_position,0
local_to_global_position,0
local_to_global_position,0
local_to_global_position,0
local_to_global_position,0
local_to_global_position,0
get_current_chunks,0
start_cycle,0
local_to_global_position,0
local_to_global_position,999900
local_to_global_position,0
local_to_global_position,0
handle_yolo_info,6531100
matched_object,0
matched_object,0
matched_object,0
matched_object,0
finish_cycle,0
warp_image_to_ground,1997300
process_segmentation_image,20046400
get_all_of,0
get_all_of,0
update,0
decide_player_position,0
local_to_global_position,0
local_to_global_position,0
local_to_global_position,0
local_to_global_position,0
local_to_global_position,0
local_to_global_position,0
local_to_global_position,0
local_to_global_position,0
get_current_chunks,0
start_cycle,0
local_to_global_position,0
local_to_global_position,0
local_to_global_position,0
local_to_global_position,0
handle_yolo_info,6177100
matched_object,0
matched_object,0
matched_object,0
matched_object,0
finish_cycle,0
get_all_of,0
get_all_of,0
update,0
decide_player_position,0
local_to_global_position,0
local_to_global_position,0
local_to_global_position,0
local_to_global_position,0
local_to_global_position,0
local_to_global_position,0
local_to_global_position,0
local_to_global_position,0
get_current_chunks,0
start_cycle,0
local_to_global_position,0
local_to_global_position,0
local_to_global_position,0
local_to_global_position,0
handle_yolo_info,4000000
matched_object,0
matched_object,0
matched_object,0
matched_object,0
finish_cycle,0
warp_image_to_ground,1505100
process_segmentation_image,19696300
get_all_of,1509100
get_all_of,0
update,0
get_all_of,0
get_all_of,0
update,0
decide_player_position,0
local_to_global_position,0
local_to_global_position,0
local_to_global_position,0
local_to_global_position,0
local_to_global_position,0
local_to_global_position,0
local_to_global_position,0
local_to_global_position,0
get_current_chunks,0
start_cycle,0
local_to_global_position,0
local_to_global_position,0
local_to_global_position,0
local_to_global_position,0
local_to_global_position,0
handle_yolo_info,7809500
matched_object,0
matched_object,0
matched_object,0
matched_object,0
matched_object,0
finish_cycle,0
warp_image_to_ground,2505500
process_segmentation_image,23453200
get_all_of,0
get_all_of,0
update,0
decide_player_position,0
local_to_global_position,0
local_to_global_position,0
local_to_global_position,0
local_to_global_position,0
local_to_global_position,0
local_to_global_position,0
local_to_global_position,0
local_to_global_position,0
get_current_chunks,0
start_cycle,0
local_to_global_position,0
local_to_global_position,0
local_to_global_position,0
local_to_global_position,0
local_to_global_position,0
handle_yolo_info,7756700
matched_object,0
matched_object,0
matched_object,0
matched_object,0
matched_object,0
finish_cycle,0
get_all_of,0
get_all_of,0
update,0
warp_image_to_ground,1998700
process_segmentation_image,21633400
get_all_of,0
get_all_of,0
update,0
decide_player_position,0
local_to_global_position,0
local_to_global_position,0
local_to_global_position,0
local_to_global_position,0
local_to_global_position,0
local_to_global_position,0
local_to_global_position,0
local_to_global_position,0
get_current_chunks,0
start_cycle,1000000
local_to_global_position,0
local_to_global_position,0
local_to_global_position,0
local_to_global_position,0
local_to_global_position,0
handle_yolo_info,8971800
matched_object,0
matched_object,0
matched_object,0
matched_object,0
matched_object,0
finish_cycle,0
get_all_of,0
get_all_of,0
update,0
decide_player_position,0
local_to_global_position,0
local_to_global_position,0
local_to_global_position,0
local_to_global_position,0
local_to_global_position,0
local_to_global_position,0
local_to_global_position,0
local_to_global_position,0
get_current_chunks,0
start_cycle,509000
local_to_global_position,0
local_to_global_position,0
local_to_global_position,0
local_to_global_position,0
local_to_global_position,0
handle_yolo_info,7001500
matched_object,0
matched_object,0
matched_object,0
matched_object,0
matched_object,0
finish_cycle,0
warp_image_to_ground,1504500
process_segmentation_image,18032200
get_all_of,0
get_all_of,0
update,0
decide_player_position,0
local_to_global_position,0
local_to_global_position,999800
local_to_global_position,0
local_to_global_position,0
local_to_global_position,0
local_to_global_position,0
local_to_global_position,0
local_to_global_position,0
get_current_chunks,0
start_cycle,999800
local_to_global_position,0
local_to_global_position,0
local_to_global_position,0
local_to_global_position,0
local_to_global_position,0
handle_yolo_info,8533200
matched_object,0
matched_object,0
matched_object,0
matched_object,0
matched_object,0
finish_cycle,998200
get_all_of,0
get_all_of,0
update,0
warp_image_to_ground,2000900
process_segmentation_image,21418400
get_all_of,0
get_all_of,0
update,0
decide_player_position,1159800
local_to_global_position,0
local_to_global_position,0
local_to_global_position,0
local_to_global_position,0
local_to_global_position,0
local_to_global_position,0
local_to_global_position,0
local_to_global_position,0
get_current_chunks,0
start_cycle,0
local_to_global_position,0
local_to_global_position,0
local_to_global_position,0
local_to_global_position,0
local_to_global_position,0
handle_yolo_info,4374600
matched_object,0
matched_object,0
matched_object,0
matched_object,0
matched_object,0
finish_cycle,0
get_all_of,0
get_all_of,0
update,0
decide_player_position,0
local_to_global_position,0
local_to_global_position,0
local_to_global_position,0
local_to_global_position,0
local_to_global_position,0
local_to_global_position,0
local_to_global_position,0
local_to_global_position,0
get_current_chunks,0
start_cycle,0
local_to_global_position,0
local_to_global_position,0
local_to_global_position,0
local_to_global_position,0
handle_yolo_info,5511600
matched_object,0
matched_object,0
matched_object,0
matched_object,0
finish_cycle,0
warp_image_to_ground,2009400
process_segmentation_image,17361000
get_all_of,0
get_all_of,0
update,0
decide_player_position,0
local_to_global_position,0
local_to_global_position,0
local_to_global_position,0
local_to_global_position,0
local_to_global_position,0
local_to_global_position,0
local_to_global_position,0
local_to_global_position,0
get_current_chunks,0
start_cycle,0
local_to_global_position,0
local_to_global_position,0
local_to_global_position,0
local_to_global_position,0
local_to_global_position,0
local_to_global_position,0
local_to_global_position,0
handle_yolo_info,10333500
matched_object,0
matched_object,0
matched_object,0
matched_object,0
matched_object,0
matched_object,0
create_object,9115900
finish_cycle,0
get_all_of,0
get_all_of,0
update,0
decide_player_position,0
local_to_global_position,0
local_to_global_position,0
local_to_global_position,0
local_to_global_position,0
local_to_global_position,0
local_to_global_position,0
local_to_global_position,0
local_to_global_position,0
get_current_chunks,0
start_cycle,999600
local_to_global_position,0
local_to_global_position,0
local_to_global_position,0
local_to_global_position,0
local_to_global_position,1503500
handle_yolo_info,6503200
matched_object,0
matched_object,0
matched_object,0
matched_object,0
matched_object,0
finish_cycle,1011600
warp_image_to_ground,1989900
process_segmentation_image,25790400
get_all_of,0
get_all_of,0
update,0
decide_player_position,0
local_to_global_position,0
local_to_global_position,0
local_to_global_position,0
local_to_global_position,0
local_to_global_position,0
local_to_global_position,0
local_to_global_position,0
local_to_global_position,0
get_current_chunks,0
start_cycle,0
local_to_global_position,0
local_to_global_position,0
local_to_global_position,0
local_to_global_position,0
local_to_global_position,0
handle_yolo_info,5175800
matched_object,0
matched_object,0
matched_object,1012500
matched_object,0
matched_object,0
finish_cycle,0
get_all_of,0
get_all_of,0
update,0
decide_player_position,0
local_to_global_position,0
local_to_global_position,0
local_to_global_position,0
local_to_global_position,0
local_to_global_position,0
local_to_global_position,0
local_to_global_position,0
local_to_global_position,0
get_current_chunks,0
start_cycle,999900
local_to_global_position,0
local_to_global_position,0
local_to_global_position,0
local_to_global_position,0
local_to_global_position,0
handle_yolo_info,6525100
matched_object,0
matched_object,0
matched_object,0
matched_object,0
matched_object,0
finish_cycle,0
warp_image_to_ground,1509400
process_segmentation_image,25052800
get_all_of,1005400
get_all_of,0
update,0
decide_player_position,0
local_to_global_position,0
local_to_global_position,0
local_to_global_position,0
local_to_global_position,0
local_to_global_position,0
local_to_global_position,0
local_to_global_position,0
local_to_global_position,0
get_current_chunks,0
start_cycle,0
local_to_global_position,0
local_to_global_position,0
local_to_global_position,0
local_to_global_position,0
local_to_global_position,0
handle_yolo_info,4216900
matched_object,0
matched_object,0
matched_object,0
matched_object,0
matched_object,0
finish_cycle,0
get_all_of,0
get_all_of,0
update,0
decide_player_position,0
local_to_global_position,0
local_to_global_position,0
local_to_global_position,0
local_to_global_position,0
local_to_global_position,0
local_to_global_position,0
local_to_global_position,0
local_to_global_position,0
get_current_chunks,0
start_cycle,0
local_to_global_position,0
local_to_global_position,1011100
local_to_global_position,0
local_to_global_position,0
local_to_global_position,0
local_to_global_position,0
local_to_global_position,0
handle_yolo_info,9284000
matched_object,0
matched_object,0
matched_object,0
matched_object,0
matched_object,0
create_object,12208000
create_object,2511400
finish_cycle,0
warp_image_to_ground,2005800
process_segmentation_image,23068100
get_all_of,0
get_all_of,0
update,0
decide_player_position,0
local_to_global_position,0
local_to_global_position,0
local_to_global_position,0
local_to_global_position,0
local_to_global_position,0
local_to_global_position,0
local_to_global_position,0
local_to_global_position,0
get_current_chunks,0
start_cycle,0
local_to_global_position,0
local_to_global_position,0
local_to_global_position,0
local_to_global_position,0
local_to_global_position,0
handle_yolo_info,6077000
matched_object,0
matched_object,0
matched_object,0
matched_object,0
matched_object,0
finish_cycle,0
get_all_of,0
get_all_of,0
update,0
get_all_of,0
get_all_of,0
update,0
decide_player_position,0
local_to_global_position,0
local_to_global_position,0
local_to_global_position,0
local_to_global_position,0
local_to_global_position,0
local_to_global_position,0
local_to_global_position,0
local_to_global_position,0
get_current_chunks,0
start_cycle,1504400
local_to_global_position,0
local_to_global_position,0
local_to_global_position,0
local_to_global_position,0
handle_yolo_info,5521300
matched_object,0
matched_object,0
matched_object,0
matched_object,0
finish_cycle,0
warp_image_to_ground,1999100
process_segmentation_image,22196700
get_all_of,0
get_all_of,0
update,506400
decide_player_position,0
local_to_global_position,0
local_to_global_position,0
local_to_global_position,0
local_to_global_position,0
local_to_global_position,0
local_to_global_position,0
local_to_global_position,0
local_to_global_position,0
get_current_chunks,0
start_cycle,0
local_to_global_position,0
local_to_global_position,0
local_to_global_position,0
local_to_global_position,0
local_to_global_position,0
handle_yolo_info,6534200
matched_object,0
matched_object,0
matched_object,0
matched_object,0
create_object,3018200
finish_cycle,0
get_all_of,0
get_all_of,0
update,0
decide_player_position,0
local_to_global_position,0
local_to_global_position,0
local_to_global_position,509000
local_to_global_position,0
local_to_global_position,0
local_to_global_position,0
local_to_global_position,0
local_to_global_position,0
get_current_chunks,0
start_cycle,509000
local_to_global_position,0
local_to_global_position,0
local_to_global_position,0
local_to_global_position,0
local_to_global_position,0
local_to_global_position,0
handle_yolo_info,7527300
matched_object,0
matched_object,0
matched_object,0
matched_object,0
matched_object,0
matched_object,0
finish_cycle,0
warp_image_to_ground,2006100
process_segmentation_image,23060200
get_all_of,0
get_all_of,0
update,0
decide_player_position,0
local_to_global_position,0
local_to_global_position,0
local_to_global_position,0
local_to_global_position,0
local_to_global_position,0
local_to_global_position,0
local_to_global_position,0
local_to_global_position,0
get_current_chunks,0
start_cycle,998400
local_to_global_position,0
local_to_global_position,0
local_to_global_position,1004000
local_to_global_position,0
local_to_global_position,0
handle_yolo_info,8509200
matched_object,0
matched_object,0
matched_object,0
matched_object,0
matched_object,0
add_object,0
finish_cycle,0
get_all_of,0
get_all_of,0
update,0
decide_player_position,0
local_to_global_position,0
local_to_global_position,1000300
local_to_global_position,0
local_to_global_position,0
local_to_global_position,0
local_to_global_position,0
local_to_global_position,0
local_to_global_position,0
get_current_chunks,0
start_cycle,1000300
local_to_global_position,0
local_to_global_position,0
local_to_global_position,0
local_to_global_position,0
local_to_global_position,0
handle_yolo_info,7974800
matched_object,0
matched_object,0
matched_object,0
matched_object,0
matched_object,0
finish_cycle,0
warp_image_to_ground,1997800
process_segmentation_image,22157100
get_all_of,0
get_all_of,0
update,0
get_all_of,0
get_all_of,0
update,0
decide_player_position,0
local_to_global_position,0
local_to_global_position,0
local_to_global_position,0
local_to_global_position,0
local_to_global_position,0
local_to_global_position,0
local_to_global_position,0
local_to_global_position,0
get_current_chunks,0
start_cycle,1009900
local_to_global_position,0
local_to_global_position,0
local_to_global_position,0
local_to_global_position,0
local_to_global_position,0
local_to_global_position,0
handle_yolo_info,9175700
matched_object,0
matched_object,0
matched_object,0
matched_object,0
matched_object,0
create_object,9978900
finish_cycle,0
warp_image_to_ground,3002400
process_segmentation_image,25431500
get_all_of,0
get_all_of,0
update,0
decide_player_position,0
local_to_global_position,0
local_to_global_position,0
local_to_global_position,0
local_to_global_position,0
local_to_global_position,0
local_to_global_position,0
local_to_global_position,0
local_to_global_position,0
get_current_chunks,0
start_cycle,1010400
local_to_global_position,0
local_to_global_position,0
local_to_global_position,0
local_to_global_position,0
local_to_global_position,0
local_to_global_position,0
handle_yolo_info,7525600
matched_object,0
matched_object,0
matched_object,0
matched_object,0
matched_object,0
matched_object,0
finish_cycle,0
get_all_of,0
get_all_of,0
update,0
decide_player_position,0
local_to_global_position,0
local_to_global_position,0
local_to_global_position,0
local_to_global_position,0
local_to_global_position,0
local_to_global_position,0
local_to_global_position,0
local_to_global_position,0
get_current_chunks,0
start_cycle,1238800
local_to_global_position,0
local_to_global_position,0
local_to_global_position,0
local_to_global_position,0
local_to_global_position,0
local_to_global_position,0
handle_yolo_info,8062200
matched_object,0
matched_object,0
matched_object,0
matched_object,0
matched_object,0
matched_object,0
add_object,0
finish_cycle,0
warp_image_to_ground,2000100
process_segmentation_image,17333700
get_all_of,0
get_all_of,0
update,0
decide_player_position,0
local_to_global_position,0
local_to_global_position,0
local_to_global_position,0
local_to_global_position,0
local_to_global_position,0
local_to_global_position,0
local_to_global_position,0
local_to_global_position,0
get_current_chunks,0
start_cycle,0
local_to_global_position,0
local_to_global_position,0
local_to_global_position,0
local_to_global_position,0
local_to_global_position,0
local_to_global_position,0
handle_yolo_info,7640400
matched_object,0
matched_object,0
matched_object,0
matched_object,0
matched_object,0
matched_object,0
finish_cycle,0
get_all_of,0
get_all_of,0
update,0
decide_player_position,0
local_to_global_position,0
local_to_global_position,0
local_to_global_position,0
local_to_global_position,0
local_to_global_position,0
local_to_global_position,0
local_to_global_position,0
local_to_global_position,0
get_current_chunks,0
start_cycle,0
local_to_global_position,0
local_to_global_position,0
local_to_global_position,0
local_to_global_position,0
local_to_global_position,0
local_to_global_position,0
handle_yolo_info,8846900
matched_object,0
matched_object,0
matched_object,0
matched_object,0
matched_object,0
matched_object,0
finish_cycle,0
warp_image_to_ground,2012900
process_segmentation_image,21192700
get_all_of,0
get_all_of,0
update,0
decide_player_position,0
local_to_global_position,0
local_to_global_position,0
local_to_global_position,0
local_to_global_position,0
local_to_global_position,0
local_to_global_position,0
local_to_global_position,0
local_to_global_position,0
get_current_chunks,0
start_cycle,1000400
local_to_global_position,0
local_to_global_position,0
local_to_global_position,0
local_to_global_position,0
local_to_global_position,0
local_to_global_position,0
handle_yolo_info,9122300
matched_object,0
matched_object,0
matched_object,0
matched_object,0
matched_object,0
matched_object,0
finish_cycle,0
get_all_of,0
get_all_of,0
update,0
decide_player_position,0
local_to_global_position,0
local_to_global_position,0
local_to_global_position,0
local_to_global_position,0
local_to_global_position,0
local_to_global_position,0
local_to_global_position,0
local_to_global_position,0
get_current_chunks,0
start_cycle,506400
local_to_global_position,0
local_to_global_position,0
local_to_global_position,0
local_to_global_position,0
local_to_global_position,0
local_to_global_position,0
handle_yolo_info,8547700
matched_object,0
matched_object,0
matched_object,0
matched_object,0
matched_object,0
matched_object,0
finish_cycle,999800
warp_image_to_ground,2015300
process_segmentation_image,24343600
get_all_of,1000800
get_all_of,0
update,0
decide_player_position,0
local_to_global_position,0
local_to_global_position,0
local_to_global_position,0
local_to_global_position,1410800
local_to_global_position,0
local_to_global_position,0
local_to_global_position,0
local_to_global_position,0
get_current_chunks,0
start_cycle,1410800
local_to_global_position,0
local_to_global_position,0
local_to_global_position,0
local_to_global_position,0
local_to_global_position,0
local_to_global_position,0
handle_yolo_info,8940400
matched_object,0
matched_object,0
matched_object,0
matched_object,0
matched_object,0
matched_object,0
finish_cycle,0
get_all_of,0
get_all_of,0
update,0
warp_image_to_ground,2056500
process_segmentation_image,21073700
get_all_of,0
get_all_of,0
update,0
decide_player_position,0
local_to_global_position,0
local_to_global_position,0
local_to_global_position,0
local_to_global_position,0
local_to_global_position,0
local_to_global_position,0
local_to_global_position,0
local_to_global_position,0
get_current_chunks,999200
start_cycle,999200
local_to_global_position,999100
local_to_global_position,0
local_to_global_position,0
local_to_global_position,0
local_to_global_position,0
local_to_global_position,0
handle_yolo_info,7009700
matched_object,0
matched_object,0
matched_object,0
matched_object,0
matched_object,0
matched_object,0
finish_cycle,1005400
get_all_of,0
get_all_of,0
update,0
decide_player_position,0
local_to_global_position,0
local_to_global_position,0
local_to_global_position,0
local_to_global_position,0
local_to_global_position,0
local_to_global_position,0
local_to_global_position,0
local_to_global_position,0
get_current_chunks,0
start_cycle,0
local_to_global_position,0
local_to_global_position,0
local_to_global_position,0
local_to_global_position,0
local_to_global_position,0
local_to_global_position,0
handle_yolo_info,9529600
matched_object,0
matched_object,0
matched_object,0
matched_object,0
matched_object,0
matched_object,0
finish_cycle,0
warp_image_to_ground,2515400
process_segmentation_image,23564300
get_all_of,0
get_all_of,0
update,0
get_all_of,0
get_all_of,0
update,0
decide_player_position,0
local_to_global_position,0
local_to_global_position,1008200
local_to_global_position,0
local_to_global_position,0
local_to_global_position,0
local_to_global_position,0
local_to_global_position,0
local_to_global_position,0
get_current_chunks,0
start_cycle,1008200
local_to_global_position,0
local_to_global_position,0
local_to_global_position,0
local_to_global_position,0
local_to_global_position,0
local_to_global_position,0
handle_yolo_info,8015900
matched_object,0
matched_object,0
matched_object,1507800
matched_object,0
matched_object,0
matched_object,0
finish_cycle,0
warp_image_to_ground,2013600
process_segmentation_image,21095800
get_all_of,0
get_all_of,0
update,0
decide_player_position,0
local_to_global_position,0
local_to_global_position,0
local_to_global_position,0
local_to_global_position,0
local_to_global_position,0
local_to_global_position,0
local_to_global_position,0
local_to_global_position,0
get_current_chunks,0
start_cycle,1005100
local_to_global_position,0
local_to_global_position,0
local_to_global_position,0
local_to_global_position,0
local_to_global_position,0
local_to_global_position,0
handle_yolo_info,7652500
matched_object,0
matched_object,0
matched_object,0
matched_object,0
matched_object,0
matched_object,0
finish_cycle,0
get_all_of,0
get_all_of,0
update,0
decide_player_position,0
local_to_global_position,0
local_to_global_position,0
local_to_global_position,0
local_to_global_position,0
local_to_global_position,0
local_to_global_position,0
local_to_global_position,0
local_to_global_position,0
get_current_chunks,0
start_cycle,0
local_to_global_position,0
local_to_global_position,0
local_to_global_position,0
local_to_global_position,0
local_to_global_position,0
local_to_global_position,997600
handle_yolo_info,8441100
matched_object,0
matched_object,0
matched_object,0
matched_object,0
matched_object,0
matched_object,0
finish_cycle,0
warp_image_to_ground,1006000
process_segmentation_image,18979200
get_all_of,0
get_all_of,0
update,0
decide_player_position,0
local_to_global_position,0
local_to_global_position,0
local_to_global_position,0
local_to_global_position,0
local_to_global_position,0
local_to_global_position,0
local_to_global_position,0
local_to_global_position,0
get_current_chunks,0
start_cycle,1006000
local_to_global_position,0
local_to_global_position,0
local_to_global_position,0
local_to_global_position,0
local_to_global_position,0
local_to_global_position,0
handle_yolo_info,9514500
matched_object,0
matched_object,1008200
matched_object,0
matched_object,0
matched_object,0
matched_object,0
finish_cycle,0
get_all_of,0
get_all_of,0
update,0
decide_player_position,0
local_to_global_position,0
local_to_global_position,0
local_to_global_position,0
local_to_global_position,0
local_to_global_position,0
local_to_global_position,0
local_to_global_position,0
local_to_global_position,0
get_current_chunks,1508600
start_cycle,1508600
local_to_global_position,0
local_to_global_position,0
local_to_global_position,0
local_to_global_position,0
local_to_global_position,0
local_to_global_position,0
handle_yolo_info,9624100
matched_object,0
matched_object,0
matched_object,0
matched_object,0
matched_object,1006900
matched_object,0
finish_cycle,0
warp_image_to_ground,3004800
process_segmentation_image,22096300
get_all_of,0
get_all_of,0
update,0
get_all_of,0
get_all_of,0
update,0
decide_player_position,0
local_to_global_position,0
local_to_global_position,0
local_to_global_position,0
local_to_global_position,0
local_to_global_position,0
local_to_global_position,0
local_to_global_position,0
local_to_global_position,0
get_current_chunks,0
start_cycle,998700
local_to_global_position,0
local_to_global_position,0
local_to_global_position,0
local_to_global_position,0
local_to_global_position,0
handle_yolo_info,9878200
matched_object,0
matched_object,0
matched_object,0
matched_object,0
matched_object,0
finish_cycle,0
warp_image_to_ground,2503800
process_segmentation_image,19114000
get_all_of,0
get_all_of,0
update,0
decide_player_position,0
local_to_global_position,0
local_to_global_position,0
local_to_global_position,0
local_to_global_position,0
local_to_global_position,0
local_to_global_position,0
local_to_global_position,0
local_to_global_position,0
get_current_chunks,0
start_cycle,1011400
local_to_global_position,0
local_to_global_position,0
local_to_global_position,0
local_to_global_position,0
local_to_global_position,0
handle_yolo_info,8377100
matched_object,0
matched_object,0
matched_object,0
matched_object,0
matched_object,0
finish_cycle,0
get_all_of,0
get_all_of,0
update,0
decide_player_position,0
local_to_global_position,0
local_to_global_position,0
local_to_global_position,0
local_to_global_position,0
local_to_global_position,0
local_to_global_position,0
local_to_global_position,0
local_to_global_position,0
get_current_chunks,0
start_cycle,999200
local_to_global_position,0
local_to_global_position,0
local_to_global_position,0
local_to_global_position,0
local_to_global_position,0
handle_yolo_info,7838300
matched_object,0
matched_object,0
matched_object,0
matched_object,0
matched_object,0
finish_cycle,1000300
warp_image_to_ground,2002200
process_segmentation_image,18889900
get_all_of,0
get_all_of,0
update,0
decide_player_position,0
local_to_global_position,0
local_to_global_position,0
local_to_global_position,0
local_to_global_position,0
local_to_global_position,0
local_to_global_position,0
local_to_global_position,0
local_to_global_position,0
get_current_chunks,0
start_cycle,0
local_to_global_position,0
local_to_global_position,0
local_to_global_position,0
local_to_global_position,0
local_to_global_position,0
handle_yolo_info,9251500
matched_object,0
matched_object,0
matched_object,0
matched_object,0
matched_object,0
finish_cycle,0
get_all_of,0
get_all_of,0
update,0
decide_player_position,0
local_to_global_position,0
local_to_global_position,0
local_to_global_position,0
local_to_global_position,0
local_to_global_position,0
local_to_global_position,0
local_to_global_position,0
local_to_global_position,0
get_current_chunks,0
start_cycle,0
local_to_global_position,0
local_to_global_position,0
local_to_global_position,0
local_to_global_position,0
local_to_global_position,0
handle_yolo_info,7510700
matched_object,0
matched_object,0
matched_object,0
matched_object,0
matched_object,0
finish_cycle,0
warp_image_to_ground,2012200
process_segmentation_image,21171000
get_all_of,0
get_all_of,0
update,0
decide_player_position,0
local_to_global_position,1087300
local_to_global_position,0
local_to_global_position,0
local_to_global_position,0
local_to_global_position,0
local_to_global_position,0
local_to_global_position,0
local_to_global_position,0
get_current_chunks,0
start_cycle,1087300
local_to_global_position,0
local_to_global_position,0
local_to_global_position,0
local_to_global_position,0
local_to_global_position,0
handle_yolo_info,6226500
matched_object,0
matched_object,0
matched_object,0
matched_object,0
matched_object,0
finish_cycle,0
get_all_of,0
get_all_of,0
update,0
warp_image_to_ground,2005300
process_segmentation_image,18591900
get_all_of,0
get_all_of,0
update,0
decide_player_position,0
local_to_global_position,0
local_to_global_position,0
local_to_global_position,0
local_to_global_position,0
local_to_global_position,0
local_to_global_position,0
local_to_global_position,0
local_to_global_position,0
get_current_chunks,0
start_cycle,0
local_to_global_position,0
local_to_global_position,0
local_to_global_position,0
local_to_global_position,0
local_to_global_position,0
handle_yolo_info,7524900
matched_object,0
matched_object,0
matched_object,0
matched_object,0
matched_object,0
finish_cycle,0
get_all_of,0
get_all_of,0
update,0
decide_player_position,0
local_to_global_position,0
local_to_global_position,0
local_to_global_position,0
local_to_global_position,0
local_to_global_position,0
local_to_global_position,0
local_to_global_position,0
local_to_global_position,0
get_current_chunks,0
start_cycle,1005300
local_to_global_position,0
local_to_global_position,0
local_to_global_position,0
handle_yolo_info,6008800
matched_object,0
matched_object,1000100
matched_object,0
finish_cycle,0
warp_image_to_ground,3003600
process_segmentation_image,21570600
get_all_of,0
get_all_of,0
update,0
decide_player_position,0
local_to_global_position,0
local_to_global_position,0
local_to_global_position,0
local_to_global_position,0
local_to_global_position,0
local_to_global_position,0
local_to_global_position,0
local_to_global_position,0
get_current_chunks,0
start_cycle,0
local_to_global_position,0
local_to_global_position,0
local_to_global_position,0
local_to_global_position,0
handle_yolo_info,5997700
matched_object,0
matched_object,0
matched_object,0
matched_object,0
finish_cycle,0
get_all_of,0
get_all_of,0
update,0
decide_player_position,0
local_to_global_position,0
local_to_global_position,0
local_to_global_position,0
local_to_global_position,0
local_to_global_position,0
local_to_global_position,0
local_to_global_position,0
local_to_global_position,0
get_current_chunks,0
start_cycle,0
local_to_global_position,0
local_to_global_position,0
local_to_global_position,0
local_to_global_position,0
handle_yolo_info,4017600
matched_object,0
matched_object,0
matched_object,0
create_object,8518300
finish_cycle,0
warp_image_to_ground,2000700
process_segmentation_image,18694400
get_all_of,0
get_all_of,0
update,0
decide_player_position,0
local_to_global_position,0
local_to_global_position,0
local_to_global_position,0
local_to_global_position,0
local_to_global_position,0
local_to_global_position,0
local_to_global_position,0
local_to_global_position,0
get_current_chunks,0
start_cycle,1005900
local_to_global_position,0
local_to_global_position,0
local_to_global_position,0
local_to_global_position,0
handle_yolo_info,7009400
matched_object,0
matched_object,0
matched_object,0
create_object,9909300
finish_cycle,0
get_all_of,0
get_all_of,0
update,0
decide_player_position,0
local_to_global_position,0
local_to_global_position,0
local_to_global_position,0
local_to_global_position,0
local_to_global_position,0
local_to_global_position,0
local_to_global_position,0
local_to_global_position,0
get_current_chunks,0
start_cycle,0
local_to_global_position,0
local_to_global_position,0
local_to_global_position,0
local_to_global_position,0
handle_yolo_info,4013300
matched_object,0
matched_object,0
matched_object,0
matched_object,0
finish_cycle,0
warp_image_to_ground,2512700
process_segmentation_image,23062500
get_all_of,0
get_all_of,1007200
update,0
decide_player_position,0
local_to_global_position,0
local_to_global_position,0
local_to_global_position,0
local_to_global_position,0
local_to_global_position,0
local_to_global_position,0
local_to_global_position,0
local_to_global_position,0
get_current_chunks,0
start_cycle,508600
local_to_global_position,0
local_to_global_position,1000800
local_to_global_position,0
local_to_global_position,0
local_to_global_position,0
handle_yolo_info,6528300
matched_object,0
matched_object,0
matched_object,0
matched_object,0
create_object,11550800
finish_cycle,0
get_all_of,0
get_all_of,0
update,0
decide_player_position,0
local_to_global_position,0
local_to_global_position,0
local_to_global_position,0
local_to_global_position,0
local_to_global_position,0
local_to_global_position,0
local_to_global_position,0
local_to_global_position,0
get_current_chunks,0
start_cycle,1002500
local_to_global_position,0
local_to_global_position,0
local_to_global_position,0
local_to_global_position,0
local_to_global_position,0
handle_yolo_info,5667800
matched_object,0
matched_object,0
matched_object,1000800
matched_object,0
matched_object,0
finish_cycle,1180300
get_all_of,0
get_all_of,0
update,0
decide_player_position,0
local_to_global_position,0
local_to_global_position,0
local_to_global_position,0
local_to_global_position,0
local_to_global_position,0
local_to_global_position,0
local_to_global_position,0
local_to_global_position,1000400
get_current_chunks,0
start_cycle,1000400
local_to_global_position,0
local_to_global_position,0
local_to_global_position,0
local_to_global_position,0
local_to_global_position,0
local_to_global_position,0
handle_yolo_info,7485400
matched_object,0
matched_object,0
matched_object,0
matched_object,0
matched_object,0
create_object,12308700
add_object,0
finish_cycle,1008200
warp_image_to_ground,2018100
process_segmentation_image,21061600
get_all_of,0
get_all_of,0
update,0
get_all_of,0
get_all_of,0
update,0
decide_player_position,0
local_to_global_position,0
local_to_global_position,0
local_to_global_position,0
local_to_global_position,0
local_to_global_position,0
local_to_global_position,0
local_to_global_position,0
local_to_global_position,0
get_current_chunks,0
start_cycle,0
local_to_global_position,0
local_to_global_position,0
local_to_global_position,0
local_to_global_position,0
local_to_global_position,0
handle_yolo_info,4999800
matched_object,0
matched_object,0
matched_object,0
matched_object,0
matched_object,0
finish_cycle,0
warp_image_to_ground,2012600
process_segmentation_image,23051100
get_all_of,0
get_all_of,0
update,0
decide_player_position,0
local_to_global_position,0
local_to_global_position,0
local_to_global_position,0
local_to_global_position,0
local_to_global_position,0
local_to_global_position,0
local_to_global_position,0
local_to_global_position,0
get_current_chunks,0
start_cycle,997300
local_to_global_position,0
local_to_global_position,0
local_to_global_position,0
local_to_global_position,1503600
local_to_global_position,0
local_to_global_position,0
local_to_global_position,0
local_to_global_position,0
handle_yolo_info,9509000
matched_object,0
matched_object,0
matched_object,0
matched_object,0
matched_object,0
matched_object,0
matched_object,0
create_object,8984800
finish_cycle,0
get_all_of,0
get_all_of,0
update,0
decide_player_position,0
local_to_global_position,0
local_to_global_position,0
local_to_global_position,0
local_to_global_position,0
local_to_global_position,0
local_to_global_position,0
local_to_global_position,0
local_to_global_position,0
get_current_chunks,0
start_cycle,0
local_to_global_position,0
local_to_global_position,0
local_to_global_position,0
local_to_global_position,0
local_to_global_position,0
handle_yolo_info,5004400
matched_object,0
matched_object,0
matched_object,0
matched_object,0
matched_object,0
finish_cycle,1286700
warp_image_to_ground,1514900
process_segmentation_image,20481800
get_all_of,0
get_all_of,0
update,0
decide_player_position,0
local_to_global_position,0
local_to_global_position,0
local_to_global_position,0
local_to_global_position,0
local_to_global_position,0
local_to_global_position,999300
local_to_global_position,0
local_to_global_position,0
get_current_chunks,0
start_cycle,999300
local_to_global_position,1007300
local_to_global_position,0
local_to_global_position,0
local_to_global_position,0
local_to_global_position,0
handle_yolo_info,6515600
matched_object,0
matched_object,0
matched_object,0
matched_object,0
matched_object,0
finish_cycle,0
get_all_of,0
get_all_of,0
update,0
decide_player_position,0
local_to_global_position,0
local_to_global_position,0
local_to_global_position,0
local_to_global_position,0
local_to_global_position,0
local_to_global_position,0
local_to_global_position,0
local_to_global_position,0
get_current_chunks,0
start_cycle,1505100
local_to_global_position,0
local_to_global_position,0
local_to_global_position,0
handle_yolo_info,6517000
matched_object,0
matched_object,0
matched_object,0
finish_cycle,0
warp_image_to_ground,1998700
process_segmentation_image,20926100
get_all_of,0
get_all_of,0
update,0
decide_player_position,0
local_to_global_position,0
local_to_global_position,0
local_to_global_position,0
local_to_global_position,0
local_to_global_position,0
local_to_global_position,0
local_to_global_position,0
local_to_global_position,0
get_current_chunks,0
start_cycle,0
local_to_global_position,0
local_to_global_position,0
local_to_global_position,0
handle_yolo_info,4062600
matched_object,0
matched_object,0
matched_object,0
finish_cycle,0
get_all_of,0
get_all_of,0
update,0
decide_player_position,0
local_to_global_position,0
local_to_global_position,0
local_to_global_position,0
local_to_global_position,0
local_to_global_position,0
local_to_global_position,0
local_to_global_position,0
local_to_global_position,0
get_current_chunks,0
start_cycle,0
local_to_global_position,0
local_to_global_position,0
local_to_global_position,0
handle_yolo_info,5521700
matched_object,0
matched_object,0
matched_object,0
finish_cycle,0
warp_image_to_ground,2132500
process_segmentation_image,21183600
get_all_of,0
get_all_of,0
update,0
decide_player_position,0
local_to_global_position,0
local_to_global_position,0
local_to_global_position,0
local_to_global_position,0
local_to_global_position,0
local_to_global_position,0
local_to_global_position,0
local_to_global_position,0
get_current_chunks,0
start_cycle,0
local_to_global_position,0
local_to_global_position,0
local_to_global_position,0
handle_yolo_info,4001400
matched_object,0
matched_object,0
matched_object,0
finish_cycle,1211700
get_all_of,0
get_all_of,0
update,0
decide_player_position,0
local_to_global_position,0
local_to_global_position,0
local_to_global_position,0
local_to_global_position,0
local_to_global_position,0
local_to_global_position,0
local_to_global_position,0
local_to_global_position,0
get_current_chunks,0
start_cycle,0
local_to_global_position,0
local_to_global_position,0
local_to_global_position,0
handle_yolo_info,4504900
matched_object,0
matched_object,0
matched_object,0
finish_cycle,1005100
warp_image_to_ground,2215100
process_segmentation_image,20418900
get_all_of,0
get_all_of,0
update,0
get_all_of,0
get_all_of,1509000
update,0
decide_player_position,0
local_to_global_position,0
local_to_global_position,0
local_to_global_position,0
local_to_global_position,0
local_to_global_position,0
local_to_global_position,0
local_to_global_position,0
local_to_global_position,0
get_current_chunks,0
start_cycle,0
local_to_global_position,0
local_to_global_position,0
local_to_global_position,0
handle_yolo_info,6042900
matched_object,0
matched_object,0
matched_object,0
finish_cycle,1005900
get_all_of,0
get_all_of,0
update,0
decide_player_position,0
local_to_global_position,0
local_to_global_position,0
local_to_global_position,0
local_to_global_position,0
local_to_global_position,0
local_to_global_position,0
local_to_global_position,0
local_to_global_position,0
get_current_chunks,0
start_cycle,0
local_to_global_position,0
local_to_global_position,0
local_to_global_position,0
handle_yolo_info,4306800
matched_object,0
matched_object,0
matched_object,0
finish_cycle,1008500
warp_image_to_ground,1166900
process_segmentation_image,19014900
get_all_of,0
get_all_of,0
update,0
decide_player_position,0
local_to_global_position,0
local_to_global_position,0
local_to_global_position,0
local_to_global_position,0
local_to_global_position,0
local_to_global_position,0
local_to_global_position,0
local_to_global_position,0
get_current_chunks,0
start_cycle,0
local_to_global_position,0
local_to_global_position,0
local_to_global_position,0
handle_yolo_info,5043500
matched_object,0
matched_object,0
matched_object,0
finish_cycle,0
get_all_of,0
get_all_of,0
update,0
decide_player_position,0
local_to_global_position,0
local_to_global_position,0
local_to_global_position,0
local_to_global_position,0
local_to_global_position,0
local_to_global_position,0
local_to_global_position,0
local_to_global_position,0
get_current_chunks,0
start_cycle,0
local_to_global_position,0
local_to_global_position,0
local_to_global_position,0
handle_yolo_info,5004800
matched_object,0
matched_object,0
matched_object,0
finish_cycle,0
warp_image_to_ground,2019500
process_segmentation_image,19578500
get_all_of,0
get_all_of,0
update,0
decide_player_position,0
local_to_global_position,0
local_to_global_position,0
local_to_global_position,0
local_to_global_position,0
local_to_global_position,0
local_to_global_position,0
local_to_global_position,0
local_to_global_position,0
get_current_chunks,0
start_cycle,0
local_to_global_position,0
local_to_global_position,0
local_to_global_position,0
handle_yolo_info,3991700
matched_object,0
matched_object,0
matched_object,0
finish_cycle,0
get_all_of,0
get_all_of,0
update,0
decide_player_position,0
local_to_global_position,0
local_to_global_position,0
local_to_global_position,0
local_to_global_position,0
local_to_global_position,0
local_to_global_position,0
local_to_global_position,0
local_to_global_position,0
get_current_chunks,0
start_cycle,1003900
local_to_global_position,0
local_to_global_position,1540700
local_to_global_position,0
local_to_global_position,0
handle_yolo_info,8940600
matched_object,0
matched_object,0
matched_object,0
create_object,10619300
finish_cycle,0
warp_image_to_ground,2147900
process_segmentation_image,22072800
get_all_of,0
get_all_of,0
update,0
decide_player_position,1000800
local_to_global_position,0
local_to_global_position,0
local_to_global_position,0
local_to_global_position,0
local_to_global_position,0
local_to_global_position,0
local_to_global_position,0
local_to_global_position,0
get_current_chunks,0
start_cycle,0
local_to_global_position,0
local_to_global_position,0
local_to_global_position,0
local_to_global_position,0
local_to_global_position,0
handle_yolo_info,6508300
matched_object,0
matched_object,0
matched_object,0
matched_object,0
create_object,10545000
finish_cycle,0
get_all_of,0
get_all_of,0
update,1000700
warp_image_to_ground,2016300
process_segmentation_image,20042500
get_all_of,0
get_all_of,0
update,0
decide_player_position,0
local_to_global_position,0
local_to_global_position,0
local_to_global_position,0
local_to_global_position,0
local_to_global_position,0
local_to_global_position,0
local_to_global_position,0
local_to_global_position,0
get_current_chunks,0
start_cycle,0
local_to_global_position,0
local_to_global_position,0
local_to_global_position,0
local_to_global_position,0
local_to_global_position,0
handle_yolo_info,6518500
matched_object,0
matched_object,0
matched_object,0
matched_object,0
create_object,3008400
add_object,0
finish_cycle,0
get_all_of,0
get_all_of,0
update,0
decide_player_position,0
local_to_global_position,0
local_to_global_position,999800
local_to_global_position,0
local_to_global_position,0
local_to_global_position,0
local_to_global_position,0
local_to_global_position,0
local_to_global_position,0
get_current_chunks,0
start_cycle,999800
local_to_global_position,0
local_to_global_position,999800
local_to_global_position,0
local_to_global_position,0
local_to_global_position,0
local_to_global_position,0
handle_yolo_info,10036300
matched_object,0
matched_object,0
matched_object,0
matched_object,0
matched_object,0
create_object,8663900
finish_cycle,998100
warp_image_to_ground,1511800
process_segmentation_image,19084500
get_all_of,0
get_all_of,0
update,0
decide_player_position,0
local_to_global_position,0
local_to_global_position,0
local_to_global_position,0
local_to_global_position,0
local_to_global_position,0
local_to_global_position,0
local_to_global_position,0
local_to_global_position,0
get_current_chunks,0
start_cycle,0
local_to_global_position,0
local_to_global_position,0
local_to_global_position,0
local_to_global_position,0
handle_yolo_info,6028900
matched_object,0
matched_object,0
matched_object,0
matched_object,0
finish_cycle,0
get_all_of,0
get_all_of,0
update,0
decide_player_position,0
local_to_global_position,0
local_to_global_position,0
local_to_global_position,0
local_to_global_position,0
local_to_global_position,0
local_to_global_position,0
local_to_global_position,0
local_to_global_position,0
get_current_chunks,0
start_cycle,0
local_to_global_position,0
local_to_global_position,0
local_to_global_position,0
local_to_global_position,0
local_to_global_position,0
handle_yolo_info,8269300
matched_object,0
matched_object,0
matched_object,0
matched_object,0
create_object,11327000
finish_cycle,0
warp_image_to_ground,2997400
process_segmentation_image,22893300
get_all_of,0
get_all_of,0
update,0
decide_player_position,0
local_to_global_position,0
local_to_global_position,0
local_to_global_position,0
local_to_global_position,0
local_to_global_position,0
local_to_global_position,0
local_to_global_position,0
local_to_global_position,0
get_current_chunks,0
start_cycle,0
local_to_global_position,0
local_to_global_position,0
local_to_global_position,0
local_to_global_position,0
local_to_global_position,0
handle_yolo_info,7871100
matched_object,0
matched_object,0
matched_object,0
matched_object,0
matched_object,0
finish_cycle,0
get_all_of,0
get_all_of,0
update,0
warp_image_to_ground,2001200
process_segmentation_image,19659300
get_all_of,0
get_all_of,0
update,0
decide_player_position,0
local_to_global_position,0
local_to_global_position,0
local_to_global_position,0
local_to_global_position,0
local_to_global_position,0
local_to_global_position,0
local_to_global_position,0
local_to_global_position,0
get_current_chunks,0
start_cycle,0
local_to_global_position,0
local_to_global_position,0
local_to_global_position,0
local_to_global_position,0
local_to_global_position,0
handle_yolo_info,6635400
matched_object,0
matched_object,0
matched_object,0
matched_object,0
matched_object,0
add_object,0
finish_cycle,0
get_all_of,0
get_all_of,0
update,0
decide_player_position,0
local_to_global_position,0
local_to_global_position,0
local_to_global_position,0
local_to_global_position,0
local_to_global_position,0
local_to_global_position,0
local_to_global_position,0
local_to_global_position,0
get_current_chunks,0
start_cycle,0
local_to_global_position,0
local_to_global_position,0
local_to_global_position,0
local_to_global_position,0
local_to_global_position,0
handle_yolo_info,9688500
matched_object,0
matched_object,0
matched_object,0
matched_object,0
matched_object,0
finish_cycle,0
warp_image_to_ground,2134400
process_segmentation_image,21194400
get_all_of,0
get_all_of,0
update,0
decide_player_position,0
local_to_global_position,0
local_to_global_position,0
local_to_global_position,0
local_to_global_position,0
local_to_global_position,0
local_to_global_position,0
local_to_global_position,0
local_to_global_position,0
get_current_chunks,0
start_cycle,999700
local_to_global_position,0
local_to_global_position,0
local_to_global_position,0
local_to_global_position,0
local_to_global_position,0
handle_yolo_info,6583300
matched_object,0
matched_object,0
matched_object,0
matched_object,0
matched_object,0
finish_cycle,0
get_all_of,0
get_all_of,0
update,0
decide_player_position,0
local_to_global_position,0
local_to_global_position,0
local_to_global_position,0
local_to_global_position,0
local_to_global_position,0
local_to_global_position,0
local_to_global_position,0
local_to_global_position,0
get_current_chunks,0
start_cycle,0
local_to_global_position,0
local_to_global_position,1001200
local_to_global_position,0
local_to_global_position,0
local_to_global_position,0
handle_mob_at_position,1341900
mob_detected,1341900
handle_yolo_info,11372300
matched_object,0
matched_object,0
matched_object,0
matched_object,0
finish_cycle,0
warp_image_to_ground,1999800
process_segmentation_image,18430500
get_all_of,0
get_all_of,1007500
update,0
decide_player_position,0
local_to_global_position,0
local_to_global_position,0
local_to_global_position,0
local_to_global_position,0
local_to_global_position,0
local_to_global_position,0
local_to_global_position,0
local_to_global_position,0
get_current_chunks,0
start_cycle,1000100
local_to_global_position,0
local_to_global_position,0
local_to_global_position,1000100
local_to_global_position,0
local_to_global_position,0
handle_yolo_info,7613700
matched_object,0
matched_object,0
matched_object,0
matched_object,0
matched_object,0
finish_cycle,0
get_all_of,0
get_all_of,0
update,0
decide_player_position,0
local_to_global_position,0
local_to_global_position,0
local_to_global_position,0
local_to_global_position,0
local_to_global_position,0
local_to_global_position,0
local_to_global_position,0
local_to_global_position,0
get_current_chunks,0
start_cycle,0
local_to_global_position,0
local_to_global_position,0
local_to_global_position,0
local_to_global_position,0
local_to_global_position,0
handle_yolo_info,6812900
matched_object,0
matched_object,0
matched_object,0
matched_object,0
create_object,2030800
finish_cycle,0
warp_image_to_ground,2033000
process_segmentation_image,17187200
get_all_of,0
get_all_of,0
update,0
decide_player_position,0
local_to_global_position,0
local_to_global_position,0
local_to_global_position,0
local_to_global_position,0
local_to_global_position,0
local_to_global_position,0
local_to_global_position,0
local_to_global_position,0
get_current_chunks,0
start_cycle,997200
local_to_global_position,0
local_to_global_position,0
local_to_global_position,0
local_to_global_position,0
local_to_global_position,0
handle_yolo_info,8470800
matched_object,0
matched_object,0
matched_object,0
matched_object,0
matched_object,0
finish_cycle,0
get_all_of,0
get_all_of,0
update,0
warp_image_to_ground,3054600
process_segmentation_image,20495200
get_all_of,0
get_all_of,0
update,0
decide_player_position,0
local_to_global_position,0
local_to_global_position,0
local_to_global_position,0
local_to_global_position,0
local_to_global_position,0
local_to_global_position,0
local_to_global_position,0
local_to_global_position,0
get_current_chunks,0
start_cycle,0
local_to_global_position,0
local_to_global_position,0
local_to_global_position,0
local_to_global_position,0
handle_yolo_info,7003100
matched_object,0
matched_object,0
matched_object,0
matched_object,0
finish_cycle,1005900
get_all_of,0
get_all_of,0
update,0
decide_player_position,0
local_to_global_position,0
local_to_global_position,0
local_to_global_position,0
local_to_global_position,0
local_to_global_position,0
local_to_global_position,0
local_to_global_position,0
local_to_global_position,0
get_current_chunks,0
start_cycle,0
local_to_global_position,0
local_to_global_position,0
local_to_global_position,0
local_to_global_position,0
local_to_global_position,0
handle_yolo_info,6842700
matched_object,0
matched_object,0
matched_object,0
matched_object,0
create_object,3008400
finish_cycle,0
get_all_of,0
get_all_of,0
update,0
decide_player_position,0
local_to_global_position,0
local_to_global_position,0
local_to_global_position,0
local_to_global_position,0
local_to_global_position,0
local_to_global_position,0
local_to_global_position,0
local_to_global_position,0
get_current_chunks,0
start_cycle,0
local_to_global_position,0
local_to_global_position,0
local_to_global_position,0
local_to_global_position,0
local_to_global_position,0
handle_yolo_info,6966000
matched_object,0
matched_object,0
matched_object,0
matched_object,0
matched_object,0
finish_cycle,0
warp_image_to_ground,2003800
process_segmentation_image,17525100
get_all_of,0
get_all_of,0
update,0
decide_player_position,0
local_to_global_position,0
local_to_global_position,0
local_to_global_position,0
local_to_global_position,0
local_to_global_position,0
local_to_global_position,0
local_to_global_position,0
local_to_global_position,0
get_current_chunks,0
start_cycle,0
local_to_global_position,0
local_to_global_position,0
local_to_global_position,0
local_to_global_position,0
local_to_global_position,0
local_to_global_position,0
local_to_global_position,0
local_to_global_position,0
local_to_global_position,0
handle_yolo_info,13249900
matched_object,0
matched_object,0
matched_object,0
matched_object,0
matched_object,0
matched_object,0
create_object,3007400
create_object,11523400
create_object,9264600
add_object,0
finish_cycle,0
get_all_of,0
get_all_of,0
update,0
decide_player_position,0
local_to_global_position,0
local_to_global_position,0
local_to_global_position,0
local_to_global_position,0
local_to_global_position,0
local_to_global_position,0
local_to_global_position,0
local_to_global_position,0
get_current_chunks,0
start_cycle,1009400
local_to_global_position,0
local_to_global_position,0
local_to_global_position,0
local_to_global_position,999800
local_to_global_position,0
local_to_global_position,0
handle_yolo_info,9897200
matched_object,0
matched_object,0
matched_object,0
matched_object,0
matched_object,0
matched_object,0
finish_cycle,998900
warp_image_to_ground,1999900
process_segmentation_image,19038500
get_all_of,0
get_all_of,0
update,0
get_all_of,0
get_all_of,0
update,0
decide_player_position,0
local_to_global_position,0
local_to_global_position,0
local_to_global_position,0
local_to_global_position,0
local_to_global_position,0
local_to_global_position,0
local_to_global_position,0
local_to_global_position,0
get_current_chunks,0
start_cycle,0
local_to_global_position,0
local_to_global_position,0
local_to_global_position,0
local_to_global_position,0
local_to_global_position,0
local_to_global_position,0
handle_yolo_info,7257300
matched_object,0
matched_object,0
matched_object,0
matched_object,0
matched_object,0
matched_object,0
add_object,0
finish_cycle,0
warp_image_to_ground,2011800
process_segmentation_image,20566600
get_all_of,0
get_all_of,0
update,0
decide_player_position,0
local_to_global_position,0
local_to_global_position,0
local_to_global_position,0
local_to_global_position,0
local_to_global_position,0
local_to_global_position,0
local_to_global_position,0
local_to_global_position,0
get_current_chunks,0
start_cycle,1005400
local_to_global_position,0
local_to_global_position,0
local_to_global_position,0
local_to_global_position,0
handle_yolo_info,7388900
matched_object,0
matched_object,0
matched_object,0
matched_object,0
finish_cycle,0
get_all_of,0
get_all_of,0
update,0
decide_player_position,0
local_to_global_position,0
local_to_global_position,0
local_to_global_position,0
local_to_global_position,0
local_to_global_position,0
local_to_global_position,0
local_to_global_position,0
local_to_global_position,0
get_current_chunks,0
start_cycle,1371800
local_to_global_position,0
local_to_global_position,0
local_to_global_position,0
local_to_global_position,0
local_to_global_position,0
local_to_global_position,0
handle_yolo_info,8897400
matched_object,0
matched_object,0
matched_object,0
matched_object,0
matched_object,0
matched_object,0
finish_cycle,0
warp_image_to_ground,2000200
process_segmentation_image,20039000
get_all_of,0
get_all_of,0
update,0
decide_player_position,0
local_to_global_position,0
local_to_global_position,0
local_to_global_position,0
local_to_global_position,0
local_to_global_position,0
local_to_global_position,0
local_to_global_position,0
local_to_global_position,0
get_current_chunks,0
start_cycle,0
local_to_global_position,0
local_to_global_position,0
local_to_global_position,0
local_to_global_position,0
local_to_global_position,0
local_to_global_position,0
handle_yolo_info,6430200
matched_object,0
matched_object,0
matched_object,0
matched_object,0
matched_object,0
matched_object,0
finish_cycle,0
get_all_of,0
get_all_of,0
update,0
decide_player_position,0
local_to_global_position,0
local_to_global_position,0
local_to_global_position,0
local_to_global_position,0
local_to_global_position,0
local_to_global_position,0
local_to_global_position,0
local_to_global_position,0
get_current_chunks,0
start_cycle,1009200
local_to_global_position,0
local_to_global_position,0
local_to_global_position,0
local_to_global_position,0
local_to_global_position,0
local_to_global_position,503700
handle_yolo_info,8507700
matched_object,0
matched_object,0
matched_object,0
matched_object,0
matched_object,0
matched_object,0
finish_cycle,0
warp_image_to_ground,2005800
process_segmentation_image,20383800
get_all_of,0
get_all_of,0
update,0
decide_player_position,0
local_to_global_position,0
local_to_global_position,0
local_to_global_position,0
local_to_global_position,0
local_to_global_position,0
local_to_global_position,0
local_to_global_position,0
local_to_global_position,0
get_current_chunks,0
start_cycle,0
local_to_global_position,0
local_to_global_position,0
local_to_global_position,0
local_to_global_position,1000900
local_to_global_position,0
local_to_global_position,0
handle_yolo_info,7010000
matched_object,0
matched_object,0
matched_object,0
matched_object,0
matched_object,0
matched_object,0
finish_cycle,0
get_all_of,0
get_all_of,0
update,0
decide_player_position,0
local_to_global_position,0
local_to_global_position,0
local_to_global_position,0
local_to_global_position,0
local_to_global_position,0
local_to_global_position,0
local_to_global_position,0
local_to_global_position,0
get_current_chunks,0
start_cycle,1506800
local_to_global_position,999700
local_to_global_position,0
local_to_global_position,0
local_to_global_position,0
local_to_global_position,0
local_to_global_position,0
handle_yolo_info,9770200
matched_object,0
matched_object,0
matched_object,0
matched_object,0
matched_object,1006800
matched_object,0
finish_cycle,0
warp_image_to_ground,2004700
process_segmentation_image,16228900
get_all_of,0
get_all_of,0
update,0
get_all_of,0
get_all_of,0
update,999200
decide_player_position,999800
local_to_global_position,0
local_to_global_position,0
local_to_global_position,0
local_to_global_position,0
local_to_global_position,0
local_to_global_position,0
local_to_global_position,0
local_to_global_position,0
get_current_chunks,0
start_cycle,0
local_to_global_position,0
local_to_global_position,0
local_to_global_position,0
local_to_global_position,0
local_to_global_position,0
local_to_global_position,0
handle_yolo_info,9764300
matched_object,0
matched_object,0
matched_object,0
matched_object,0
matched_object,0
matched_object,0
finish_cycle,999500
warp_image_to_ground,1347500
process_segmentation_image,20738200
get_all_of,0
get_all_of,0
update,0
decide_player_position,0
local_to_global_position,0
local_to_global_position,0
local_to_global_position,0
local_to_global_position,0
local_to_global_position,0
local_to_global_position,0
local_to_global_position,0
local_to_global_position,0
get_current_chunks,0
start_cycle,0
local_to_global_position,0
local_to_global_position,0
local_to_global_position,0
local_to_global_position,0
local_to_global_position,0
local_to_global_position,0
handle_yolo_info,8950200
matched_object,0
matched_object,0
matched_object,0
matched_object,0
matched_object,0
matched_object,0
finish_cycle,0
get_all_of,0
get_all_of,0
update,0
decide_player_position,0
local_to_global_position,0
local_to_global_position,0
local_to_global_position,0
local_to_global_position,0
local_to_global_position,0
local_to_global_position,0
local_to_global_position,0
local_to_global_position,0
get_current_chunks,0
start_cycle,0
local_to_global_position,0
local_to_global_position,0
local_to_global_position,0
local_to_global_position,0
local_to_global_position,0
handle_yolo_info,7519700
matched_object,0
matched_object,0
matched_object,0
matched_object,0
matched_object,0
finish_cycle,0
warp_image_to_ground,2919600
process_segmentation_image,23390200
get_all_of,0
get_all_of,0
update,0
decide_player_position,0
local_to_global_position,0
local_to_global_position,0
local_to_global_position,0
local_to_global_position,0
local_to_global_position,0
local_to_global_position,0
local_to_global_position,0
local_to_global_position,0
get_current_chunks,0
start_cycle,0
local_to_global_position,0
local_to_global_position,0
local_to_global_position,0
local_to_global_position,0
local_to_global_position,1000400
handle_yolo_info,9223400
matched_object,0
matched_object,0
matched_object,0
matched_object,0
matched_object,0
finish_cycle,0
get_all_of,0
get_all_of,0
update,0
decide_player_position,0
local_to_global_position,0
local_to_global_position,0
local_to_global_position,0
local_to_global_position,0
local_to_global_position,0
local_to_global_position,0
local_to_global_position,0
local_to_global_position,0
get_current_chunks,0
start_cycle,0
local_to_global_position,0
local_to_global_position,0
local_to_global_position,0
local_to_global_position,0
handle_yolo_info,5488400
matched_object,0
matched_object,0
matched_object,0
matched_object,0
finish_cycle,0
get_all_of,0
get_all_of,0
update,0
decide_player_position,0
local_to_global_position,0
local_to_global_position,0
local_to_global_position,0
local_to_global_position,0
local_to_global_position,0
local_to_global_position,0
local_to_global_position,0
local_to_global_position,0
get_current_chunks,0
start_cycle,1015900
local_to_global_position,0
local_to_global_position,0
local_to_global_position,1002400
local_to_global_position,0
local_to_global_position,0
local_to_global_position,0
handle_yolo_info,6593900
matched_object,0
matched_object,0
matched_object,0
matched_object,0
create_object,10110700
create_object,2048800
finish_cycle,0
warp_image_to_ground,1266300
process_segmentation_image,20959000
get_all_of,0
get_all_of,0
update,0
get_all_of,0
get_all_of,0
update,0
decide_player_position,0
local_to_global_position,0
local_to_global_position,0
local_to_global_position,0
local_to_global_position,0
local_to_global_position,0
local_to_global_position,0
local_to_global_position,0
local_to_global_position,0
get_current_chunks,0
start_cycle,0
local_to_global_position,0
local_to_global_position,0
local_to_global_position,0
local_to_global_position,0
handle_yolo_info,4156900
matched_object,0
matched_object,0
matched_object,0
matched_object,0
finish_cycle,1595100
warp_image_to_ground,1925700
process_segmentation_image,17097700
get_all_of,0
get_all_of,1024400
update,0
decide_player_position,0
local_to_global_position,0
local_to_global_position,0
local_to_global_position,0
local_to_global_position,0
local_to_global_position,0
local_to_global_position,0
local_to_global_position,0
local_to_global_position,0
get_current_chunks,0
start_cycle,1005400
local_to_global_position,0
local_to_global_position,0
local_to_global_position,0
local_to_global_position,0
handle_mob_at_position,1001700
mob_detected,1001700
handle_yolo_info,7048700
matched_object,0
matched_object,0
matched_object,0
finish_cycle,0
get_all_of,0
get_all_of,0
update,0
decide_player_position,0
local_to_global_position,0
local_to_global_position,0
local_to_global_position,0
local_to_global_position,0
local_to_global_position,0
local_to_global_position,0
local_to_global_position,0
local_to_global_position,0
get_current_chunks,0
start_cycle,1005600
local_to_global_position,0
local_to_global_position,0
local_to_global_position,0
local_to_global_position,0
handle_yolo_info,5005900
matched_object,0
matched_object,0
matched_object,0
matched_object,0
finish_cycle,1000700
warp_image_to_ground,505500
process_segmentation_image,18034900
get_all_of,0
get_all_of,0
update,0
decide_player_position,0
local_to_global_position,0
local_to_global_position,0
local_to_global_position,0
local_to_global_position,0
local_to_global_position,0
local_to_global_position,0
local_to_global_position,0
local_to_global_position,0
get_current_chunks,0
start_cycle,0
local_to_global_position,0
local_to_global_position,0
local_to_global_position,0
local_to_global_position,0
handle_yolo_info,6003400
matched_object,0
matched_object,0
matched_object,0
matched_object,0
finish_cycle,0
get_all_of,0
get_all_of,0
update,0
decide_player_position,0
local_to_global_position,0
local_to_global_position,0
local_to_global_position,0
local_to_global_position,0
local_to_global_position,0
local_to_global_position,0
local_to_global_position,0
local_to_global_position,0
get_current_chunks,0
start_cycle,1010900
local_to_global_position,0
local_to_global_position,0
local_to_global_position,0
local_to_global_position,0
local_to_global_position,0
handle_yolo_info,6009800
matched_object,0
matched_object,0
matched_object,0
matched_object,0
create_object,9509000
finish_cycle,0
warp_image_to_ground,2010100
process_segmentation_image,20487400
get_all_of,0
get_all_of,0
update,0
decide_player_position,0
local_to_global_position,0
local_to_global_position,0
local_to_global_position,0
local_to_global_position,0
local_to_global_position,0
local_to_global_position,0
local_to_global_position,0
local_to_global_position,0
get_current_chunks,0
start_cycle,999500
local_to_global_position,0
local_to_global_position,0
local_to_global_position,0
local_to_global_position,0
local_to_global_position,0
handle_yolo_info,3507200
matched_object,0
matched_object,0
matched_object,0
matched_object,0
matched_object,0
finish_cycle,0
get_all_of,0
get_all_of,1007300
update,0
decide_player_position,0
local_to_global_position,0
local_to_global_position,0
local_to_global_position,0
local_to_global_position,0
local_to_global_position,0
local_to_global_position,0
local_to_global_position,0
local_to_global_position,0
get_current_chunks,0
start_cycle,998400
local_to_global_position,0
local_to_global_position,0
local_to_global_position,0
handle_mob_at_position,1001500
mob_detected,1001500
local_to_global_position,0
handle_yolo_info,8372700
matched_object,0
matched_object,0
matched_object,0
finish_cycle,0
warp_image_to_ground,2071400
process_segmentation_image,18721300
get_all_of,0
get_all_of,0
update,0
decide_player_position,0
local_to_global_position,0
local_to_global_position,0
local_to_global_position,0
local_to_global_position,0
local_to_global_position,0
local_to_global_position,0
local_to_global_position,0
local_to_global_position,0
get_current_chunks,1000700
start_cycle,1000700
local_to_global_position,0
local_to_global_position,0
local_to_global_position,0
local_to_global_position,0
handle_yolo_info,5511300
matched_object,0
matched_object,0
create_object,2095600
create_object,9624400
finish_cycle,0
get_all_of,0
get_all_of,0
update,0
get_all_of,0
get_all_of,0
update,0
decide_player_position,0
local_to_global_position,0
local_to_global_position,1016100
local_to_global_position,0
local_to_global_position,0
local_to_global_position,0
local_to_global_position,0
local_to_global_position,0
local_to_global_position,0
get_current_chunks,0
start_cycle,1016100
local_to_global_position,0
local_to_global_position,1006400
local_to_global_position,0
local_to_global_position,0
handle_yolo_info,7547600
matched_object,0
matched_object,0
matched_object,0
matched_object,0
finish_cycle,0
warp_image_to_ground,2416800
process_segmentation_image,24183500
get_all_of,0
get_all_of,0
update,0
get_all_of,0
get_all_of,0
update,0
decide_player_position,0
local_to_global_position,0
local_to_global_position,0
local_to_global_position,0
local_to_global_position,0
local_to_global_position,0
local_to_global_position,0
local_to_global_position,0
local_to_global_position,0
get_current_chunks,0
start_cycle,1011100
local_to_global_position,1001600
local_to_global_position,0
local_to_global_position,0
local_to_global_position,0
handle_yolo_info,6905200
matched_object,0
matched_object,0
matched_object,0
matched_object,0
add_object,0
finish_cycle,0
warp_image_to_ground,1518800
process_segmentation_image,17598900
get_all_of,0
get_all_of,0
update,0
decide_player_position,0
local_to_global_position,0
local_to_global_position,0
local_to_global_position,0
local_to_global_position,0
local_to_global_position,0
local_to_global_position,0
local_to_global_position,0
local_to_global_position,0
get_current_chunks,0
start_cycle,0
local_to_global_position,0
local_to_global_position,0
local_to_global_position,998400
local_to_global_position,0
handle_yolo_info,5154600
matched_object,0
matched_object,0
matched_object,0
matched_object,0
finish_cycle,1508300
get_all_of,0
get_all_of,0
update,0
decide_player_position,0
local_to_global_position,0
local_to_global_position,0
local_to_global_position,0
local_to_global_position,0
local_to_global_position,0
local_to_global_position,0
local_to_global_position,0
local_to_global_position,0
get_current_chunks,0
start_cycle,0
local_to_global_position,0
local_to_global_position,0
local_to_global_position,0
handle_yolo_info,4999800
matched_object,0
matched_object,0
matched_object,0
finish_cycle,0
warp_image_to_ground,3005100
process_segmentation_image,20481400
get_all_of,0
get_all_of,0
update,0
decide_player_position,0
local_to_global_position,0
local_to_global_position,1006800
local_to_global_position,0
local_to_global_position,0
local_to_global_position,0
local_to_global_position,0
local_to_global_position,0
local_to_global_position,0
get_current_chunks,0
start_cycle,1006800
local_to_global_position,0
local_to_global_position,0
local_to_global_position,0
handle_yolo_info,8026900
matched_object,0
matched_object,0
matched_object,0
finish_cycle,0
get_all_of,0
get_all_of,0
update,0
decide_player_position,0
local_to_global_position,0
local_to_global_position,0
local_to_global_position,0
local_to_global_position,0
local_to_global_position,0
local_to_global_position,0
local_to_global_position,0
local_to_global_position,0
get_current_chunks,0
start_cycle,1507700
local_to_global_position,0
local_to_global_position,0
local_to_global_position,0
handle_yolo_info,6812900
matched_object,0
matched_object,0
matched_object,0
finish_cycle,0
get_all_of,0
get_all_of,0
update,0
warp_image_to_ground,2025800
process_segmentation_image,21655300
get_all_of,0
get_all_of,0
get_closest_unexplored_chunk,1505300
update,0
decide_player_position,0
local_to_global_position,0
local_to_global_position,0
local_to_global_position,0
local_to_global_position,0
local_to_global_position,0
local_to_global_position,0
local_to_global_position,0
local_to_global_position,0
get_current_chunks,0
start_cycle,0
local_to_global_position,0
local_to_global_position,0
local_to_global_position,0
handle_yolo_info,5801700
matched_object,0
matched_object,0
matched_object,0
finish_cycle,0
get_all_of,0
get_all_of,0
update,0
decide_player_position,0
local_to_global_position,0
local_to_global_position,0
local_to_global_position,0
local_to_global_position,0
local_to_global_position,0
local_to_global_position,0
local_to_global_position,0
local_to_global_position,0
get_current_chunks,0
start_cycle,1105000
local_to_global_position,0
local_to_global_position,0
local_to_global_position,0
handle_yolo_info,6751100
matched_object,0
matched_object,0
matched_object,0
finish_cycle,0
warp_image_to_ground,1002200
process_segmentation_image,15629700
get_all_of,0
get_all_of,0
update,0
decide_player_position,0
local_to_global_position,0
local_to_global_position,0
local_to_global_position,0
local_to_global_position,0
local_to_global_position,0
local_to_global_position,0
local_to_global_position,0
local_to_global_position,0
get_current_chunks,0
start_cycle,1129400
local_to_global_position,0
local_to_global_position,0
local_to_global_position,0
handle_yolo_info,5280600
matched_object,0
matched_object,0
matched_object,0
finish_cycle,0
get_all_of,0
get_all_of,0
update,0
decide_player_position,0
local_to_global_position,0
local_to_global_position,0
local_to_global_position,0
local_to_global_position,0
local_to_global_position,0
local_to_global_position,0
local_to_global_position,0
local_to_global_position,0
get_current_chunks,0
start_cycle,0
local_to_global_position,0
local_to_global_position,0
local_to_global_position,0
handle_yolo_info,4505800
matched_object,0
matched_object,0
matched_object,0
finish_cycle,0
warp_image_to_ground,1512100
process_segmentation_image,18543900
get_all_of,0
get_all_of,0
update,0
decide_player_position,0
local_to_global_position,0
local_to_global_position,0
local_to_global_position,0
local_to_global_position,0
local_to_global_position,0
local_to_global_position,0
local_to_global_position,0
local_to_global_position,0
get_current_chunks,0
start_cycle,999100
local_to_global_position,0
local_to_global_position,0
local_to_global_position,0
local_to_global_position,0
handle_yolo_info,5997800
matched_object,0
matched_object,0
matched_object,0
create_object,10023400
finish_cycle,0
get_all_of,0
get_all_of,0
update,0
decide_player_position,0
local_to_global_position,0
local_to_global_position,0
local_to_global_position,0
local_to_global_position,0
local_to_global_position,0
local_to_global_position,0
local_to_global_position,0
local_to_global_position,0
get_current_chunks,0
start_cycle,999900
local_to_global_position,0
local_to_global_position,0
local_to_global_position,0
handle_yolo_info,6517800
matched_object,0
matched_object,0
matched_object,0
finish_cycle,507400
warp_image_to_ground,1007700
process_segmentation_image,21049900
get_all_of,0
get_all_of,0
update,0
decide_player_position,0
local_to_global_position,0
local_to_global_position,0
local_to_global_position,0
local_to_global_position,0
local_to_global_position,0
local_to_global_position,0
local_to_global_position,0
local_to_global_position,0
get_current_chunks,0
start_cycle,0
local_to_global_position,0
local_to_global_position,0
local_to_global_position,0
local_to_global_position,0
local_to_global_position,0
handle_yolo_info,7516300
matched_object,0
matched_object,0
matched_object,0
create_object,7506700
create_object,2007900
finish_cycle,0
get_all_of,0
get_all_of,0
update,0
decide_player_position,0
local_to_global_position,0
local_to_global_position,0
local_to_global_position,0
local_to_global_position,0
local_to_global_position,0
local_to_global_position,0
local_to_global_position,0
local_to_global_position,0
get_current_chunks,0
start_cycle,1004200
local_to_global_position,1006800
local_to_global_position,0
local_to_global_position,0
local_to_global_position,0
handle_yolo_info,7518900
matched_object,0
matched_object,0
matched_object,0
create_object,7983500
finish_cycle,1000000
warp_image_to_ground,1499900
process_segmentation_image,26182200
get_all_of,0
get_all_of,0
update,0
get_all_of,0
get_all_of,0
update,0
decide_player_position,0
local_to_global_position,0
local_to_global_position,0
local_to_global_position,0
local_to_global_position,0
local_to_global_position,0
local_to_global_position,0
local_to_global_position,0
local_to_global_position,0
get_current_chunks,0
start_cycle,996300
local_to_global_position,0
local_to_global_position,0
local_to_global_position,0
local_to_global_position,0
handle_yolo_info,6499700
matched_object,0
matched_object,0
create_object,8532900
create_object,7797300
finish_cycle,0
warp_image_to_ground,2503800
process_segmentation_image,19469800
get_all_of,0
get_all_of,0
get_closest_unexplored_chunk,0
update,0
decide_player_position,0
local_to_global_position,0
local_to_global_position,0
local_to_global_position,0
local_to_global_position,0
local_to_global_position,0
local_to_global_position,0
local_to_global_position,0
local_to_global_position,0
get_current_chunks,0
start_cycle,0
local_to_global_position,0
local_to_global_position,0
local_to_global_position,0
local_to_global_position,0
handle_yolo_info,4007600
matched_object,0
matched_object,0
matched_object,0
create_object,8561900
add_object,0
finish_cycle,0
get_all_of,0
get_all_of,0
update,0
warp_image_to_ground,2431000
process_segmentation_image,18869000
get_all_of,0
get_all_of,0
update,0
decide_player_position,0
local_to_global_position,0
local_to_global_position,0
local_to_global_position,0
local_to_global_position,0
local_to_global_position,0
local_to_global_position,0
local_to_global_position,0
local_to_global_position,1503500
get_current_chunks,0
start_cycle,1503500
local_to_global_position,0
local_to_global_position,0
local_to_global_position,0
local_to_global_position,0
local_to_global_position,0
handle_yolo_info,8516200
matched_object,0
matched_object,0
matched_object,0
create_object,9519000
create_object,2515400
finish_cycle,0
get_all_of,0
get_all_of,0
update,0
decide_player_position,0
local_to_global_position,0
local_to_global_position,0
local_to_global_position,0
local_to_global_position,0
local_to_global_position,0
local_to_global_position,0
local_to_global_position,0
local_to_global_position,0
get_current_chunks,0
start_cycle,0
local_to_global_position,0
local_to_global_position,0
local_to_global_position,0
local_to_global_position,0
local_to_global_position,0
handle_yolo_info,6014700
matched_object,0
matched_object,0
matched_object,0
matched_object,0
create_object,8523100
add_object,0
finish_cycle,0
warp_image_to_ground,1505100
process_segmentation_image,21451400
get_all_of,0
get_all_of,0
update,0
decide_player_position,0
local_to_global_position,0
local_to_global_position,0
local_to_global_position,0
local_to_global_position,0
local_to_global_position,0
local_to_global_position,0
local_to_global_position,998400
local_to_global_position,0
get_current_chunks,0
start_cycle,998400
local_to_global_position,0
local_to_global_position,0
local_to_global_position,0
local_to_global_position,0
handle_mob_at_position,1006200
mob_detected,1006200
local_to_global_position,0
handle_yolo_info,8524000
matched_object,0
matched_object,0
matched_object,0
matched_object,0
finish_cycle,0
get_all_of,0
get_all_of,0
update,0
decide_player_position,0
local_to_global_position,0
local_to_global_position,0
local_to_global_position,0
local_to_global_position,0
local_to_global_position,0
local_to_global_position,0
local_to_global_position,0
local_to_global_position,0
get_current_chunks,0
start_cycle,0
local_to_global_position,0
local_to_global_position,0
local_to_global_position,0
local_to_global_position,0
local_to_global_position,0
handle_yolo_info,9609300
matched_object,0
matched_object,0
matched_object,0
matched_object,0
create_object,9602600
add_object,0
finish_cycle,0
warp_image_to_ground,2000200
process_segmentation_image,23328200
get_all_of,0
get_all_of,0
update,0
decide_player_position,0
local_to_global_position,0
local_to_global_position,0
local_to_global_position,0
local_to_global_position,0
local_to_global_position,0
local_to_global_position,0
local_to_global_position,0
local_to_global_position,0
get_current_chunks,0
start_cycle,1009400
local_to_global_position,0
local_to_global_position,0
local_to_global_position,0
local_to_global_position,0
local_to_global_position,0
handle_yolo_info,8342100
matched_object,0
matched_object,0
matched_object,0
matched_object,0
matched_object,0
finish_cycle,0
get_all_of,0
get_all_of,0
update,0
warp_image_to_ground,2004300
process_segmentation_image,21192300
get_all_of,0
get_all_of,0
update,0
decide_player_position,0
local_to_global_position,0
local_to_global_position,0
local_to_global_position,0
local_to_global_position,0
local_to_global_position,0
local_to_global_position,0
local_to_global_position,0
local_to_global_position,0
get_current_chunks,0
start_cycle,0
local_to_global_position,0
local_to_global_position,0
local_to_global_position,0
local_to_global_position,0
local_to_global_position,0
handle_yolo_info,5006200
matched_object,0
matched_object,0
matched_object,0
matched_object,0
create_object,10519700
add_object,0
finish_cycle,1006000
get_all_of,0
get_all_of,0
update,0
decide_player_position,0
local_to_global_position,0
local_to_global_position,0
local_to_global_position,0
local_to_global_position,0
local_to_global_position,0
local_to_global_position,0
local_to_global_position,0
local_to_global_position,0
get_current_chunks,0
start_cycle,0
local_to_global_position,0
local_to_global_position,0
local_to_global_position,0
local_to_global_position,0
local_to_global_position,0
handle_yolo_info,9015700
matched_object,0
matched_object,0
matched_object,0
matched_object,0
matched_object,0
finish_cycle,0
warp_image_to_ground,2503500
process_segmentation_image,19794900
get_all_of,0
get_all_of,0
get_closest_unexplored_chunk,0
update,0
decide_player_position,996500
local_to_global_position,0
local_to_global_position,0
local_to_global_position,0
local_to_global_position,0
local_to_global_position,0
local_to_global_position,0
local_to_global_position,0
local_to_global_position,0
get_current_chunks,0
start_cycle,0
local_to_global_position,0
local_to_global_position,0
local_to_global_position,0
local_to_global_position,0
handle_yolo_info,6535800
matched_object,0
matched_object,0
matched_object,0
matched_object,0
add_object,0
finish_cycle,0
get_all_of,0
get_all_of,0
update,0
decide_player_position,0
local_to_global_position,0
local_to_global_position,0
local_to_global_position,0
local_to_global_position,0
local_to_global_position,0
local_to_global_position,0
local_to_global_position,0
local_to_global_position,0
get_current_chunks,0
start_cycle,0
local_to_global_position,0
local_to_global_position,0
local_to_global_position,0
local_to_global_position,0
local_to_global_position,0
handle_yolo_info,6938700
matched_object,0
matched_object,0
matched_object,0
matched_object,0
matched_object,0
finish_cycle,0
warp_image_to_ground,1998100
process_segmentation_image,22338400
get_all_of,0
get_all_of,0
update,0
decide_player_position,0
local_to_global_position,0
local_to_global_position,0
local_to_global_position,0
local_to_global_position,0
local_to_global_position,0
local_to_global_position,0
local_to_global_position,0
local_to_global_position,0
get_current_chunks,0
start_cycle,0
local_to_global_position,0
local_to_global_position,0
local_to_global_position,0
local_to_global_position,0
local_to_global_position,0
handle_yolo_info,7043100
matched_object,0
matched_object,0
matched_object,0
matched_object,0
matched_object,0
finish_cycle,0
get_all_of,0
get_all_of,0
update,0
get_all_of,0
get_all_of,0
update,0
decide_player_position,999600
local_to_global_position,0
local_to_global_position,0
local_to_global_position,0
local_to_global_position,0
local_to_global_position,0
local_to_global_position,0
local_to_global_position,0
local_to_global_position,0
get_current_chunks,0
start_cycle,0
local_to_global_position,0
local_to_global_position,0
local_to_global_position,0
local_to_global_position,0
local_to_global_position,0
handle_yolo_info,7521900
matched_object,0
matched_object,0
matched_object,0
matched_object,0
create_object,2999200
finish_cycle,0
warp_image_to_ground,2000400
process_segmentation_image,18292100
get_all_of,0
get_all_of,0
update,0
decide_player_position,0
local_to_global_position,0
local_to_global_position,0
local_to_global_position,0
local_to_global_position,0
local_to_global_position,0
local_to_global_position,0
local_to_global_position,0
local_to_global_position,0
get_current_chunks,0
start_cycle,0
local_to_global_position,0
local_to_global_position,0
local_to_global_position,0
local_to_global_position,0
handle_yolo_info,6489600
matched_object,0
matched_object,0
matched_object,0
matched_object,0
finish_cycle,1006500
get_all_of,0
get_all_of,0
update,0
decide_player_position,0
local_to_global_position,0
local_to_global_position,0
local_to_global_position,0
local_to_global_position,0
local_to_global_position,0
local_to_global_position,0
local_to_global_position,0
local_to_global_position,0
get_current_chunks,1000100
start_cycle,1000100
local_to_global_position,0
local_to_global_position,1003000
local_to_global_position,0
local_to_global_position,0
local_to_global_position,0
handle_yolo_info,10047900
matched_object,0
matched_object,0
matched_object,0
matched_object,0
create_object,8910700
finish_cycle,1000100
warp_image_to_ground,1999900
process_segmentation_image,21372500
get_all_of,0
get_all_of,0
update,0
decide_player_position,0
local_to_global_position,0
local_to_global_position,0
local_to_global_position,0
local_to_global_position,0
local_to_global_position,0
local_to_global_position,0
local_to_global_position,0
local_to_global_position,0
get_current_chunks,0
start_cycle,0
local_to_global_position,0
local_to_global_position,0
local_to_global_position,0
local_to_global_position,0
handle_yolo_info,7655100
matched_object,0
matched_object,0
matched_object,0
matched_object,0
finish_cycle,0
get_all_of,0
get_all_of,0
update,0
decide_player_position,0
local_to_global_position,0
local_to_global_position,0
local_to_global_position,0
local_to_global_position,0
local_to_global_position,0
local_to_global_position,0
local_to_global_position,0
local_to_global_position,0
get_current_chunks,0
start_cycle,995600
local_to_global_position,0
local_to_global_position,0
local_to_global_position,0
local_to_global_position,0
local_to_global_position,0
handle_yolo_info,7372900
matched_object,0
matched_object,0
matched_object,0
matched_object,0
create_object,10533400
add_object,0
finish_cycle,0
warp_image_to_ground,1998400
process_segmentation_image,21146300
get_all_of,0
get_all_of,0
update,0
decide_player_position,0
local_to_global_position,0
local_to_global_position,0
local_to_global_position,0
local_to_global_position,0
local_to_global_position,0
local_to_global_position,0
local_to_global_position,0
local_to_global_position,0
get_current_chunks,0
start_cycle,1007200
local_to_global_position,0
local_to_global_position,0
local_to_global_position,0
local_to_global_position,0
local_to_global_position,0
handle_yolo_info,8015100
matched_object,0
matched_object,0
matched_object,0
matched_object,0
matched_object,0
finish_cycle,0
get_all_of,0
get_all_of,0
update,0
decide_player_position,0
local_to_global_position,0
local_to_global_position,0
local_to_global_position,0
local_to_global_position,0
local_to_global_position,0
local_to_global_position,0
local_to_global_position,0
local_to_global_position,0
get_current_chunks,0
start_cycle,0
local_to_global_position,0
local_to_global_position,0
local_to_global_position,0
local_to_global_position,0
handle_yolo_info,7792000
matched_object,0
matched_object,0
matched_object,0
matched_object,0
add_object,0
finish_cycle,1504700
warp_image_to_ground,1329500
process_segmentation_image,23372200
get_all_of,0
get_all_of,0
update,0
get_all_of,0
get_all_of,0
update,0
decide_player_position,0
local_to_global_position,0
local_to_global_position,0
local_to_global_position,0
local_to_global_position,0
local_to_global_position,0
local_to_global_position,0
local_to_global_position,0
local_to_global_position,0
get_current_chunks,0
start_cycle,1000300
local_to_global_position,0
local_to_global_position,0
local_to_global_position,0
local_to_global_position,0
handle_yolo_info,6522600
matched_object,0
matched_object,0
matched_object,0
matched_object,0
finish_cycle,1000000
warp_image_to_ground,1505900
process_segmentation_image,22663800
get_all_of,0
get_all_of,0
update,0
get_all_of,0
get_all_of,0
update,0
decide_player_position,0
local_to_global_position,0
local_to_global_position,0
local_to_global_position,0
local_to_global_position,0
local_to_global_position,0
local_to_global_position,0
local_to_global_position,0
local_to_global_position,0
get_current_chunks,0
start_cycle,1279000
local_to_global_position,0
local_to_global_position,0
local_to_global_position,0
local_to_global_position,0
handle_yolo_info,7798600
matched_object,0
matched_object,0
matched_object,0
matched_object,0
finish_cycle,0
warp_image_to_ground,999900
process_segmentation_image,19033000
get_all_of,0
get_all_of,0
update,0
decide_player_position,0
local_to_global_position,0
local_to_global_position,0
local_to_global_position,0
local_to_global_position,0
local_to_global_position,0
local_to_global_position,0
local_to_global_position,0
local_to_global_position,0
get_current_chunks,0
start_cycle,0
local_to_global_position,0
local_to_global_position,0
local_to_global_position,0
local_to_global_position,0
handle_yolo_info,5508700
matched_object,0
matched_object,0
matched_object,0
matched_object,0
finish_cycle,0
get_all_of,0
get_all_of,0
update,0
decide_player_position,0
local_to_global_position,0
local_to_global_position,0
local_to_global_position,0
local_to_global_position,0
local_to_global_position,0
local_to_global_position,0
local_to_global_position,0
local_to_global_position,0
get_current_chunks,0
start_cycle,0
local_to_global_position,0
local_to_global_position,0
local_to_global_position,0
local_to_global_position,0
handle_yolo_info,6677600
matched_object,0
matched_object,0
matched_object,0
matched_object,0
finish_cycle,0
warp_image_to_ground,1512900
process_segmentation_image,20856900
get_all_of,0
get_all_of,0
update,0
decide_player_position,0
local_to_global_position,0
local_to_global_position,0
local_to_global_position,0
local_to_global_position,0
local_to_global_position,0
local_to_global_position,0
local_to_global_position,0
local_to_global_position,0
get_current_chunks,0
start_cycle,0
local_to_global_position,0
local_to_global_position,0
local_to_global_position,0
local_to_global_position,0
local_to_global_position,0
handle_yolo_info,7562200
matched_object,0
matched_object,0
matched_object,0
matched_object,0
create_object,1996700
finish_cycle,1000200
get_all_of,0
get_all_of,0
update,0
decide_player_position,0
local_to_global_position,0
local_to_global_position,0
local_to_global_position,0
local_to_global_position,0
local_to_global_position,0
local_to_global_position,0
local_to_global_position,0
local_to_global_position,0
get_current_chunks,0
start_cycle,1005100
local_to_global_position,0
local_to_global_position,0
local_to_global_position,0
local_to_global_position,0
handle_yolo_info,6744900
matched_object,0
matched_object,0
matched_object,0
matched_object,0
finish_cycle,999600
warp_image_to_ground,2000900
process_segmentation_image,23567800
get_all_of,0
get_all_of,0
update,506500
decide_player_position,0
local_to_global_position,0
local_to_global_position,0
local_to_global_position,0
local_to_global_position,0
local_to_global_position,0
local_to_global_position,0
local_to_global_position,0
local_to_global_position,0
get_current_chunks,0
start_cycle,1000100
local_to_global_position,0
local_to_global_position,0
local_to_global_position,0
local_to_global_position,0
handle_yolo_info,6513000
matched_object,0
matched_object,0
matched_object,0
matched_object,0
finish_cycle,1003700
get_all_of,0
get_all_of,0
update,0
decide_player_position,0
local_to_global_position,0
local_to_global_position,0
local_to_global_position,0
local_to_global_position,0
local_to_global_position,0
local_to_global_position,0
local_to_global_position,0
local_to_global_position,0
get_current_chunks,0
start_cycle,1002000
local_to_global_position,0
local_to_global_position,0
local_to_global_position,999200
local_to_global_position,0
handle_yolo_info,7841900
matched_object,0
matched_object,0
matched_object,0
matched_object,0
finish_cycle,0
warp_image_to_ground,2512000
process_segmentation_image,23852400
get_all_of,0
get_all_of,0
update,0
decide_player_position,0
local_to_global_position,0
local_to_global_position,0
local_to_global_position,0
local_to_global_position,0
local_to_global_position,0
local_to_global_position,0
local_to_global_position,0
local_to_global_position,0
get_current_chunks,0
start_cycle,999200
local_to_global_position,0
local_to_global_position,0
local_to_global_position,0
handle_yolo_info,5519700
matched_object,0
matched_object,0
matched_object,0
finish_cycle,0
get_all_of,0
get_all_of,0
update,0
decide_player_position,0
local_to_global_position,0
local_to_global_position,0
local_to_global_position,0
local_to_global_position,0
local_to_global_position,0
local_to_global_position,0
local_to_global_position,0
local_to_global_position,0
get_current_chunks,0
start_cycle,0
local_to_global_position,0
local_to_global_position,0
local_to_global_position,0
handle_yolo_info,5513700
matched_object,0
matched_object,0
matched_object,0
finish_cycle,0
warp_image_to_ground,2356500
process_segmentation_image,19398900
get_all_of,0
get_all_of,0
update,0
decide_player_position,0
local_to_global_position,0
local_to_global_position,0
local_to_global_position,0
local_to_global_position,0
local_to_global_position,0
local_to_global_position,0
local_to_global_position,0
local_to_global_position,0
get_current_chunks,0
start_cycle,0
local_to_global_position,0
local_to_global_position,0
local_to_global_position,0
handle_yolo_info,3999900
matched_object,0
matched_object,0
matched_object,0
finish_cycle,0
get_all_of,0
get_all_of,0
update,0
warp_image_to_ground,2050800
process_segmentation_image,17041500
get_all_of,0
get_all_of,0
update,0
decide_player_position,0
local_to_global_position,0
local_to_global_position,0
local_to_global_position,0
local_to_global_position,0
local_to_global_position,0
local_to_global_position,0
local_to_global_position,0
local_to_global_position,0
get_current_chunks,0
start_cycle,0
local_to_global_position,0
local_to_global_position,0
local_to_global_position,0
local_to_global_position,0
handle_yolo_info,5135800
matched_object,0
matched_object,0
matched_object,0
create_object,3243600
finish_cycle,0
get_all_of,0
get_all_of,0
update,0
decide_player_position,0
local_to_global_position,0
local_to_global_position,0
local_to_global_position,0
local_to_global_position,0
local_to_global_position,0
local_to_global_position,0
local_to_global_position,0
local_to_global_position,0
get_current_chunks,0
start_cycle,0
local_to_global_position,0
local_to_global_position,0
local_to_global_position,0
handle_yolo_info,5998300
matched_object,0
matched_object,0
matched_object,0
finish_cycle,512100
get_all_of,0
get_all_of,0
update,0
decide_player_position,0
local_to_global_position,0
local_to_global_position,0
local_to_global_position,0
local_to_global_position,0
local_to_global_position,0
local_to_global_position,0
local_to_global_position,0
local_to_global_position,0
get_current_chunks,0
start_cycle,0
local_to_global_position,0
local_to_global_position,0
local_to_global_position,0
handle_yolo_info,5264000
matched_object,0
matched_object,0
matched_object,0
finish_cycle,1002700
warp_image_to_ground,1636200
process_segmentation_image,21213400
get_all_of,0
get_all_of,1000100
update,0
decide_player_position,0
local_to_global_position,0
local_to_global_position,0
local_to_global_position,0
local_to_global_position,0
local_to_global_position,0
local_to_global_position,0
local_to_global_position,0
local_to_global_position,0
get_current_chunks,0
start_cycle,504700
local_to_global_position,0
local_to_global_position,0
local_to_global_position,0
handle_yolo_info,5449200
matched_object,0
matched_object,0
matched_object,0
finish_cycle,0
get_all_of,0
get_all_of,0
update,1019500
decide_player_position,0
local_to_global_position,0
local_to_global_position,0
local_to_global_position,0
local_to_global_position,0
local_to_global_position,0
local_to_global_position,0
local_to_global_position,0
local_to_global_position,0
get_current_chunks,0
start_cycle,508200
local_to_global_position,0
local_to_global_position,0
local_to_global_position,0
handle_yolo_info,5521400
matched_object,0
matched_object,999800
matched_object,0
finish_cycle,0
warp_image_to_ground,2001100
process_segmentation_image,19388900
get_all_of,0
get_all_of,0
update,0
decide_player_position,0
local_to_global_position,0
local_to_global_position,0
local_to_global_position,0
local_to_global_position,0
local_to_global_position,0
local_to_global_position,0
local_to_global_position,0
local_to_global_position,0
get_current_chunks,0
start_cycle,1002500
local_to_global_position,0
local_to_global_position,0
local_to_global_position,0
handle_yolo_info,5527400
matched_object,0
matched_object,0
matched_object,0
finish_cycle,0
get_all_of,0
get_all_of,0
update,0
warp_image_to_ground,2000900
process_segmentation_image,22244600
get_all_of,0
get_all_of,0
update,0
decide_player_position,0
local_to_global_position,1000300
local_to_global_position,0
local_to_global_position,0
local_to_global_position,0
local_to_global_position,0
local_to_global_position,0
local_to_global_position,0
local_to_global_position,0
get_current_chunks,0
start_cycle,1000300
local_to_global_position,0
local_to_global_position,0
local_to_global_position,0
local_to_global_position,0
handle_yolo_info,8513600
matched_object,0
matched_object,0
matched_object,0
create_object,8523000
finish_cycle,0
get_all_of,0
get_all_of,0
update,0
warp_image_to_ground,2004500
process_segmentation_image,18527800
get_all_of,0
get_all_of,0
update,0
decide_player_position,0
local_to_global_position,0
local_to_global_position,0
local_to_global_position,0
local_to_global_position,0
local_to_global_position,0
local_to_global_position,0
local_to_global_position,1000300
local_to_global_position,0
get_current_chunks,0
start_cycle,1000300
local_to_global_position,0
local_to_global_position,0
local_to_global_position,0
local_to_global_position,0
local_to_global_position,0
handle_yolo_info,6847000
matched_object,0
matched_object,0
matched_object,0
matched_object,0
create_object,2030900
finish_cycle,0
get_all_of,0
get_all_of,0
update,0
decide_player_position,0
local_to_global_position,0
local_to_global_position,0
local_to_global_position,0
local_to_global_position,0
local_to_global_position,0
local_to_global_position,0
local_to_global_position,0
local_to_global_position,0
get_current_chunks,0
start_cycle,0
local_to_global_position,0
local_to_global_position,0
local_to_global_position,0
handle_yolo_info,5599100
matched_object,0
matched_object,0
matched_object,0
finish_cycle,1007400
warp_image_to_ground,2810200
process_segmentation_image,22014600
get_all_of,0
get_all_of,0
update,0
get_all_of,1082700
get_all_of,0
update,0
decide_player_position,0
local_to_global_position,0
local_to_global_position,0
local_to_global_position,0
local_to_global_position,0
local_to_global_position,0
local_to_global_position,0
local_to_global_position,0
local_to_global_position,0
get_current_chunks,0
start_cycle,0
local_to_global_position,0
local_to_global_position,0
local_to_global_position,0
handle_yolo_info,5006100
matched_object,0
matched_object,0
matched_object,0
finish_cycle,1007700
get_all_of,0
get_all_of,0
update,0
decide_player_position,0
local_to_global_position,0
local_to_global_position,0
local_to_global_position,0
local_to_global_position,0
local_to_global_position,0
local_to_global_position,0
local_to_global_position,0
local_to_global_position,0
get_current_chunks,0
start_cycle,1006500
local_to_global_position,0
local_to_global_position,0
local_to_global_position,0
handle_yolo_info,4015900
matched_object,0
matched_object,0
matched_object,0
finish_cycle,0
warp_image_to_ground,2012100
process_segmentation_image,22135200
get_all_of,0
get_all_of,0
update,0
decide_player_position,0
local_to_global_position,0
local_to_global_position,0
local_to_global_position,0
local_to_global_position,0
local_to_global_position,0
local_to_global_position,0
local_to_global_position,0
local_to_global_position,0
get_current_chunks,0
start_cycle,0
local_to_global_position,0
local_to_global_position,0
local_to_global_position,0
handle_yolo_info,3009700
matched_object,0
matched_object,0
matched_object,0
finish_cycle,0
get_all_of,0
get_all_of,0
update,0
decide_player_position,0
local_to_global_position,0
local_to_global_position,0
local_to_global_position,0
local_to_global_position,0
local_to_global_position,0
local_to_global_position,0
local_to_global_position,0
local_to_global_position,0
get_current_chunks,0
start_cycle,1005200
local_to_global_position,0
local_to_global_position,0
local_to_global_position,0
handle_yolo_info,6006300
matched_object,0
matched_object,0
matched_object,0
finish_cycle,0
warp_image_to_ground,2001000
process_segmentation_image,20299300
get_all_of,0
get_all_of,0
update,0
decide_player_position,0
local_to_global_position,0
local_to_global_position,0
local_to_global_position,0
local_to_global_position,0
local_to_global_position,0
local_to_global_position,0
local_to_global_position,0
local_to_global_position,0
get_current_chunks,0
start_cycle,0
local_to_global_position,0
local_to_global_position,0
local_to_global_position,1004500
handle_yolo_info,3884600
matched_object,0
matched_object,0
matched_object,0
finish_cycle,0
get_all_of,0
get_all_of,0
update,0
decide_player_position,0
local_to_global_position,0
local_to_global_position,0
local_to_global_position,0
local_to_global_position,0
local_to_global_position,0
local_to_global_position,0
local_to_global_position,0
local_to_global_position,0
get_current_chunks,0
start_cycle,0
local_to_global_position,0
local_to_global_position,0
local_to_global_position,0
handle_yolo_info,3514700
matched_object,1009400
matched_object,0
matched_object,0
finish_cycle,0
warp_image_to_ground,1499100
process_segmentation_image,19698100
get_all_of,0
get_all_of,0
update,0
decide_player_position,0
local_to_global_position,0
local_to_global_position,0
local_to_global_position,0
local_to_global_position,0
local_to_global_position,0
local_to_global_position,0
local_to_global_position,0
local_to_global_position,0
get_current_chunks,0
start_cycle,0
local_to_global_position,0
local_to_global_position,0
local_to_global_position,0
handle_yolo_info,2999900
matched_object,0
matched_object,0
matched_object,0
finish_cycle,0
get_all_of,0
get_all_of,0
update,0
decide_player_position,0
local_to_global_position,0
local_to_global_position,0
local_to_global_position,0
local_to_global_position,0
local_to_global_position,1513600
local_to_global_position,0
local_to_global_position,0
local_to_global_position,0
get_current_chunks,0
start_cycle,1513600
local_to_global_position,0
local_to_global_position,0
local_to_global_position,0
handle_yolo_info,5608900
matched_object,0
matched_object,0
matched_object,0
finish_cycle,0
warp_image_to_ground,2075600
process_segmentation_image,18434600
get_all_of,0
get_all_of,0
update,0
decide_player_position,0
local_to_global_position,0
local_to_global_position,0
local_to_global_position,0
local_to_global_position,0
local_to_global_position,0
local_to_global_position,0
local_to_global_position,0
local_to_global_position,0
get_current_chunks,0
start_cycle,0
local_to_global_position,0
local_to_global_position,0
local_to_global_position,0
handle_yolo_info,5506000
matched_object,0
matched_object,0
create_object,8528600
finish_cycle,1005900
get_all_of,0
get_all_of,0
update,0
decide_player_position,0
local_to_global_position,0
local_to_global_position,0
local_to_global_position,0
local_to_global_position,0
local_to_global_position,0
local_to_global_position,0
local_to_global_position,0
local_to_global_position,0
get_current_chunks,1007100
start_cycle,1007100
local_to_global_position,0
local_to_global_position,0
local_to_global_position,0
handle_yolo_info,5534600
matched_object,0
matched_object,0
matched_object,0
finish_cycle,0
warp_image_to_ground,2003100
process_segmentation_image,21042200
get_all_of,0
get_all_of,0
update,0
decide_player_position,0
local_to_global_position,0
local_to_global_position,0
local_to_global_position,0
local_to_global_position,0
local_to_global_position,0
local_to_global_position,0
local_to_global_position,0
local_to_global_position,0
get_current_chunks,0
start_cycle,1009100
local_to_global_position,0
local_to_global_position,0
handle_yolo_info,4008500
matched_object,0
matched_object,0
finish_cycle,0
get_all_of,0
get_all_of,0
update,0
warp_image_to_ground,1505200
process_segmentation_image,20651600
get_all_of,0
get_all_of,0
update,0
decide_player_position,0
local_to_global_position,0
local_to_global_position,0
local_to_global_position,0
local_to_global_position,0
local_to_global_position,0
local_to_global_position,0
local_to_global_position,0
local_to_global_position,0
get_current_chunks,0
start_cycle,0
local_to_global_position,0
local_to_global_position,0
handle_yolo_info,3518500
matched_object,0
matched_object,0
finish_cycle,0
get_all_of,0
get_all_of,0
update,0
decide_player_position,0
local_to_global_position,0
local_to_global_position,0
local_to_global_position,0
local_to_global_position,0
local_to_global_position,0
local_to_global_position,0
local_to_global_position,0
local_to_global_position,0
get_current_chunks,0
start_cycle,0
local_to_global_position,0
local_to_global_position,0
local_to_global_position,0
handle_yolo_info,5005900
matched_object,0
matched_object,0
create_object,2517100
finish_cycle,0
warp_image_to_ground,2006500
process_segmentation_image,20798400
get_all_of,0
get_all_of,0
update,0
decide_player_position,0
local_to_global_position,0
local_to_global_position,0
local_to_global_position,0
local_to_global_position,0
local_to_global_position,0
local_to_global_position,0
local_to_global_position,0
local_to_global_position,0
get_current_chunks,0
start_cycle,0
local_to_global_position,1010600
local_to_global_position,0
local_to_global_position,0
handle_yolo_info,5530700
matched_object,0
matched_object,0
matched_object,0
finish_cycle,0
get_all_of,0
get_all_of,0
update,0
decide_player_position,0
local_to_global_position,0
local_to_global_position,0
local_to_global_position,1504300
local_to_global_position,0
local_to_global_position,0
local_to_global_position,0
local_to_global_position,0
local_to_global_position,0
get_current_chunks,0
start_cycle,1504300
local_to_global_position,0
local_to_global_position,0
handle_yolo_info,5513300
matched_object,0
matched_object,0
finish_cycle,999800
warp_image_to_ground,2000100
process_segmentation_image,20875900
get_all_of,0
get_all_of,0
update,0
get_all_of,0
get_all_of,0
get_closest_unexplored_chunk,0
update,0
decide_player_position,0
local_to_global_position,0
local_to_global_position,0
local_to_global_position,0
local_to_global_position,0
local_to_global_position,0
local_to_global_position,0
local_to_global_position,0
local_to_global_position,0
get_current_chunks,0
start_cycle,0
local_to_global_position,0
local_to_global_position,0
handle_yolo_info,5550700
matched_object,988900
matched_object,0
finish_cycle,0
warp_image_to_ground,2485100
process_segmentation_image,21693500
get_all_of,0
get_all_of,0
update,0
decide_player_position,0
local_to_global_position,0
local_to_global_position,0
local_to_global_position,0
local_to_global_position,0
local_to_global_position,0
local_to_global_position,0
local_to_global_position,0
local_to_global_position,0
get_current_chunks,0
start_cycle,990000
local_to_global_position,0
local_to_global_position,0
handle_yolo_info,4994300
matched_object,0
matched_object,0
finish_cycle,0
get_all_of,0
get_all_of,0
update,0
decide_player_position,0
local_to_global_position,0
local_to_global_position,0
local_to_global_position,0
local_to_global_position,0
local_to_global_position,0
local_to_global_position,0
local_to_global_position,0
local_to_global_position,0
get_current_chunks,0
start_cycle,0
local_to_global_position,0
local_to_global_position,0
handle_yolo_info,5000500
matched_object,0
matched_object,0
finish_cycle,0
warp_image_to_ground,1512700
process_segmentation_image,21055500
get_all_of,0
get_all_of,0
update,0
decide_player_position,0
local_to_global_position,0
local_to_global_position,0
local_to_global_position,0
local_to_global_position,0
local_to_global_position,0
local_to_global_position,0
local_to_global_position,0
local_to_global_position,0
get_current_chunks,0
start_cycle,0
local_to_global_position,0
local_to_global_position,0
handle_yolo_info,4006100
matched_object,0
matched_object,0
finish_cycle,0
get_all_of,0
get_all_of,0
update,0
decide_player_position,0
local_to_global_position,0
local_to_global_position,0
local_to_global_position,0
local_to_global_position,0
local_to_global_position,0
local_to_global_position,0
local_to_global_position,0
local_to_global_position,0
get_current_chunks,0
start_cycle,0
local_to_global_position,0
local_to_global_position,0
handle_yolo_info,4005200
matched_object,0
matched_object,0
finish_cycle,0
get_all_of,0
get_all_of,0
update,0
decide_player_position,0
local_to_global_position,0
local_to_global_position,0
local_to_global_position,0
local_to_global_position,0
local_to_global_position,0
local_to_global_position,0
local_to_global_position,0
local_to_global_position,0
get_current_chunks,0
start_cycle,0
local_to_global_position,0
local_to_global_position,0
handle_yolo_info,4338100
matched_object,0
matched_object,0
finish_cycle,0
warp_image_to_ground,1449900
process_segmentation_image,19817100
get_all_of,0
get_all_of,997400
update,0
decide_player_position,0
local_to_global_position,0
local_to_global_position,0
local_to_global_position,0
local_to_global_position,0
local_to_global_position,0
local_to_global_position,0
local_to_global_position,0
local_to_global_position,0
get_current_chunks,0
start_cycle,0
local_to_global_position,0
local_to_global_position,0
handle_yolo_info,4201900
matched_object,0
matched_object,0
finish_cycle,0
get_all_of,0
get_all_of,0
update,0
decide_player_position,0
local_to_global_position,0
local_to_global_position,0
local_to_global_position,0
local_to_global_position,0
local_to_global_position,506900
local_to_global_position,0
local_to_global_position,0
local_to_global_position,0
get_current_chunks,0
start_cycle,506900
local_to_global_position,0
local_to_global_position,999700
handle_yolo_info,4514800
matched_object,0
matched_object,0
finish_cycle,999900
warp_image_to_ground,1000200
process_segmentation_image,18038600
get_all_of,0
get_all_of,0
update,0
get_all_of,0
get_all_of,0
update,0
decide_player_position,0
local_to_global_position,0
local_to_global_position,1503600
local_to_global_position,0
local_to_global_position,0
local_to_global_position,60000
local_to_global_position,0
local_to_global_position,0
local_to_global_position,0
get_current_chunks,0
start_cycle,1563600
local_to_global_position,0
local_to_global_position,0
local_to_global_position,0
handle_yolo_info,5828600
matched_object,0
matched_object,0
create_object,12248200
finish_cycle,0
warp_image_to_ground,2546800
process_segmentation_image,21823900
get_all_of,0
get_all_of,0
get_closest_unexplored_chunk,1007000
update,0
decide_player_position,0
local_to_global_position,0
local_to_global_position,0
local_to_global_position,0
local_to_global_position,0
local_to_global_position,0
local_to_global_position,0
local_to_global_position,0
local_to_global_position,0
get_current_chunks,0
start_cycle,0
local_to_global_position,0
local_to_global_position,0
local_to_global_position,0
handle_yolo_info,4514200
matched_object,1010200
matched_object,0
matched_object,0
finish_cycle,0
get_all_of,0
get_all_of,0
update,0
decide_player_position,0
local_to_global_position,0
local_to_global_position,0
local_to_global_position,0
local_to_global_position,0
local_to_global_position,0
local_to_global_position,0
local_to_global_position,0
local_to_global_position,999700
get_current_chunks,0
start_cycle,999700
local_to_global_position,0
local_to_global_position,0
local_to_global_position,0
handle_yolo_info,5508200
matched_object,0
matched_object,0
matched_object,0
add_object,0
finish_cycle,0
get_all_of,0
get_all_of,0
update,0
decide_player_position,0
local_to_global_position,0
local_to_global_position,0
local_to_global_position,0
local_to_global_position,0
local_to_global_position,0
local_to_global_position,0
local_to_global_position,0
local_to_global_position,0
get_current_chunks,0
start_cycle,0
local_to_global_position,0
local_to_global_position,0
handle_yolo_info,4525600
matched_object,0
matched_object,0
finish_cycle,0
warp_image_to_ground,1998500
process_segmentation_image,28064700
get_all_of,0
get_all_of,0
update,0
decide_player_position,0
local_to_global_position,0
local_to_global_position,0
local_to_global_position,0
local_to_global_position,0
local_to_global_position,0
local_to_global_position,0
local_to_global_position,0
local_to_global_position,0
get_current_chunks,0
start_cycle,0
local_to_global_position,0
handle_yolo_info,3004200
matched_object,0
finish_cycle,1004100
get_all_of,0
get_all_of,0
update,0
decide_player_position,0
local_to_global_position,0
local_to_global_position,0
local_to_global_position,0
local_to_global_position,0
local_to_global_position,0
local_to_global_position,0
local_to_global_position,0
local_to_global_position,0
get_current_chunks,0
start_cycle,0
local_to_global_position,0
local_to_global_position,0
handle_yolo_info,4387200
matched_object,0
matched_object,0
finish_cycle,0
warp_image_to_ground,2013900
process_segmentation_image,18754200
get_all_of,0
get_all_of,998700
update,0
decide_player_position,0
local_to_global_position,0
local_to_global_position,0
local_to_global_position,0
local_to_global_position,0
local_to_global_position,0
local_to_global_position,0
local_to_global_position,0
local_to_global_position,0
get_current_chunks,0
start_cycle,0
local_to_global_position,0
local_to_global_position,0
handle_yolo_info,6005900
matched_object,0
matched_object,0
finish_cycle,0
get_all_of,0
get_all_of,0
update,0
warp_image_to_ground,2519800
process_segmentation_image,19475100
get_all_of,0
get_all_of,0
update,0
decide_player_position,0
local_to_global_position,0
local_to_global_position,0
local_to_global_position,0
local_to_global_position,0
local_to_global_position,0
local_to_global_position,0
local_to_global_position,0
local_to_global_position,0
get_current_chunks,0
start_cycle,0
local_to_global_position,0
local_to_global_position,0
handle_yolo_info,4551300
matched_object,0
matched_object,0
finish_cycle,0
get_all_of,1010900
get_all_of,0
update,0
decide_player_position,999800
local_to_global_position,0
local_to_global_position,0
local_to_global_position,0
local_to_global_position,0
local_to_global_position,0
local_to_global_position,0
local_to_global_position,0
local_to_global_position,0
get_current_chunks,0
start_cycle,0
local_to_global_position,0
local_to_global_position,0
handle_yolo_info,3871200
matched_object,0
matched_object,0
finish_cycle,0
warp_image_to_ground,2221600
process_segmentation_image,20085800
get_all_of,0
get_all_of,0
update,0
decide_player_position,0
local_to_global_position,0
local_to_global_position,0
local_to_global_position,0
local_to_global_position,0
local_to_global_position,0
local_to_global_position,1000200
local_to_global_position,0
local_to_global_position,0
get_current_chunks,0
start_cycle,1000200
local_to_global_position,0
local_to_global_position,1011400
handle_yolo_info,7350000
matched_object,0
matched_object,0
finish_cycle,0
get_all_of,0
get_all_of,0
get_closest_unexplored_chunk,0
update,0
decide_player_position,0
local_to_global_position,0
local_to_global_position,0
local_to_global_position,0
local_to_global_position,0
local_to_global_position,0
local_to_global_position,0
local_to_global_position,0
local_to_global_position,0
get_current_chunks,0
start_cycle,0
local_to_global_position,0
local_to_global_position,0
handle_yolo_info,3513500
matched_object,0
create_object,8007000
finish_cycle,506100
warp_image_to_ground,2019500
process_segmentation_image,21483400
get_all_of,0
get_all_of,0
update,0
decide_player_position,0
local_to_global_position,0
local_to_global_position,0
local_to_global_position,0
local_to_global_position,0
local_to_global_position,0
local_to_global_position,0
local_to_global_position,0
local_to_global_position,0
get_current_chunks,0
start_cycle,999600
local_to_global_position,0
handle_yolo_info,4001300
matched_object,0
finish_cycle,0
get_all_of,0
get_all_of,0
update,0
decide_player_position,0
local_to_global_position,0
local_to_global_position,0
local_to_global_position,0
local_to_global_position,0
local_to_global_position,0
local_to_global_position,0
local_to_global_position,0
local_to_global_position,0
get_current_chunks,0
start_cycle,0
local_to_global_position,0
local_to_global_position,0
handle_yolo_info,3503600
matched_object,0
create_object,10805000
finish_cycle,0
get_all_of,0
get_all_of,0
update,0
decide_player_position,0
local_to_global_position,0
local_to_global_position,0
local_to_global_position,0
local_to_global_position,0
local_to_global_position,0
local_to_global_position,0
local_to_global_position,0
local_to_global_position,0
get_current_chunks,0
start_cycle,0
local_to_global_position,0
local_to_global_position,0
handle_yolo_info,4508500
matched_object,0
create_object,2003500
finish_cycle,999900
warp_image_to_ground,1000000
process_segmentation_image,25862300
get_all_of,0
get_all_of,1010100
update,0
decide_player_position,0
local_to_global_position,0
local_to_global_position,0
local_to_global_position,0
local_to_global_position,0
local_to_global_position,0
local_to_global_position,0
local_to_global_position,0
local_to_global_position,0
get_current_chunks,0
start_cycle,0
local_to_global_position,0
local_to_global_position,0
local_to_global_position,0
handle_yolo_info,5525800
matched_object,0
create_object,8836700
create_object,1999200
finish_cycle,0
get_all_of,0
get_all_of,0
update,0
decide_player_position,0
local_to_global_position,0
local_to_global_position,0
local_to_global_position,0
local_to_global_position,0
local_to_global_position,0
local_to_global_position,0
local_to_global_position,0
local_to_global_position,0
get_current_chunks,0
start_cycle,997800
local_to_global_position,0
handle_yolo_info,3952100
matched_object,0
finish_cycle,0
warp_image_to_ground,2038600
process_segmentation_image,25899400
get_all_of,0
get_all_of,0
update,0
decide_player_position,0
local_to_global_position,0
local_to_global_position,0
local_to_global_position,0
local_to_global_position,0
local_to_global_position,998200
local_to_global_position,0
local_to_global_position,0
local_to_global_position,0
get_current_chunks,0
start_cycle,998200
local_to_global_position,0
handle_yolo_info,3996800
matched_object,0
finish_cycle,0
get_all_of,0
get_all_of,0
update,0
decide_player_position,0
local_to_global_position,0
local_to_global_position,0
local_to_global_position,0
local_to_global_position,0
local_to_global_position,0
local_to_global_position,0
local_to_global_position,0
local_to_global_position,0
get_current_chunks,0
start_cycle,0
local_to_global_position,0
handle_yolo_info,3998700
matched_object,0
finish_cycle,0
warp_image_to_ground,2998300
process_segmentation_image,23167400
get_all_of,0
get_all_of,0
update,0
get_all_of,0
get_all_of,0
update,0
decide_player_position,0
local_to_global_position,0
local_to_global_position,0
local_to_global_position,0
local_to_global_position,0
local_to_global_position,0
local_to_global_position,0
local_to_global_position,0
local_to_global_position,0
get_current_chunks,0
start_cycle,1504800
local_to_global_position,0
handle_yolo_info,4520000
matched_object,0
finish_cycle,0
get_all_of,0
get_all_of,0
update,0
decide_player_position,0
local_to_global_position,0
local_to_global_position,0
local_to_global_position,0
local_to_global_position,0
local_to_global_position,0
local_to_global_position,0
local_to_global_position,0
local_to_global_position,0
get_current_chunks,0
start_cycle,1006300
local_to_global_position,0
handle_yolo_info,4021500
matched_object,0
finish_cycle,0
warp_image_to_ground,2998900
process_segmentation_image,24118300
get_all_of,0
get_all_of,0
get_closest_unexplored_chunk,0
update,0
decide_player_position,0
local_to_global_position,0
local_to_global_position,0
local_to_global_position,0
local_to_global_position,0
local_to_global_position,0
local_to_global_position,0
local_to_global_position,0
local_to_global_position,0
get_current_chunks,0
start_cycle,0
local_to_global_position,0
handle_yolo_info,4512000
matched_object,0
finish_cycle,0
get_all_of,0
get_all_of,0
update,0
decide_player_position,0
local_to_global_position,0
local_to_global_position,0
local_to_global_position,0
local_to_global_position,0
local_to_global_position,0
local_to_global_position,0
local_to_global_position,0
local_to_global_position,0
get_current_chunks,0
start_cycle,0
local_to_global_position,0
handle_yolo_info,4517200
matched_object,0
finish_cycle,0
warp_image_to_ground,3000000
process_segmentation_image,26464400
get_all_of,0
get_all_of,0
update,1000300
decide_player_position,998100
local_to_global_position,0
local_to_global_position,0
local_to_global_position,0
local_to_global_position,0
local_to_global_position,0
local_to_global_position,0
local_to_global_position,0
local_to_global_position,0
get_current_chunks,0
start_cycle,0
local_to_global_position,0
handle_yolo_info,2554900
matched_object,0
finish_cycle,0
get_all_of,0
get_all_of,0
update,0
decide_player_position,0
local_to_global_position,0
local_to_global_position,0
local_to_global_position,0
local_to_global_position,0
local_to_global_position,0
local_to_global_position,0
local_to_global_position,1011700
local_to_global_position,0
get_current_chunks,0
start_cycle,1011700
local_to_global_position,0
handle_yolo_info,4011000
matched_object,0
finish_cycle,0
warp_image_to_ground,2444100
process_segmentation_image,24529300
get_all_of,0
get_all_of,0
update,0
get_all_of,0
get_all_of,0
update,0
decide_player_position,0
local_to_global_position,0
local_to_global_position,0
local_to_global_position,0
local_to_global_position,0
local_to_global_position,0
local_to_global_position,0
local_to_global_position,0
local_to_global_position,0
get_current_chunks,0
start_cycle,1000500
local_to_global_position,0
handle_yolo_info,3999900
matched_object,0
finish_cycle,0
get_all_of,0
get_all_of,0
update,0
decide_player_position,0
local_to_global_position,0
local_to_global_position,0
local_to_global_position,0
local_to_global_position,0
local_to_global_position,0
local_to_global_position,0
local_to_global_position,0
local_to_global_position,0
get_current_chunks,0
start_cycle,0
local_to_global_position,0
handle_yolo_info,2999700
matched_object,0
finish_cycle,0
warp_image_to_ground,2505800
process_segmentation_image,22704800
get_all_of,0
get_all_of,0
update,0
decide_player_position,0
local_to_global_position,0
local_to_global_position,0
local_to_global_position,0
local_to_global_position,0
local_to_global_position,0
local_to_global_position,0
local_to_global_position,0
local_to_global_position,0
get_current_chunks,0
start_cycle,0
local_to_global_position,1000000
handle_yolo_info,4008300
matched_object,0
finish_cycle,0
get_all_of,0
get_all_of,0
update,999100
decide_player_position,0
local_to_global_position,0
local_to_global_position,0
local_to_global_position,0
local_to_global_position,0
local_to_global_position,0
local_to_global_position,0
local_to_global_position,0
local_to_global_position,0
get_current_chunks,0
start_cycle,1003800
local_to_global_position,0
handle_yolo_info,4004300
matched_object,0
finish_cycle,0
warp_image_to_ground,2000000
process_segmentation_image,22889100
get_all_of,0
get_all_of,1504300
update,0
decide_player_position,0
local_to_global_position,0
local_to_global_position,0
local_to_global_position,0
local_to_global_position,0
local_to_global_position,0
local_to_global_position,0
local_to_global_position,0
local_to_global_position,0
get_current_chunks,0
start_cycle,0
local_to_global_position,0
handle_yolo_info,3514000
matched_object,0
finish_cycle,0
get_all_of,0
get_all_of,0
update,0
decide_player_position,0
local_to_global_position,0
local_to_global_position,0
local_to_global_position,0
local_to_global_position,0
local_to_global_position,0
local_to_global_position,0
local_to_global_position,0
local_to_global_position,0
get_current_chunks,0
start_cycle,0
local_to_global_position,0
handle_yolo_info,3516600
matched_object,0
finish_cycle,0
warp_image_to_ground,3389500
process_segmentation_image,34079300
get_all_of,0
get_all_of,0
get_closest_unexplored_chunk,0
update,0
decide_player_position,0
local_to_global_position,0
local_to_global_position,0
local_to_global_position,0
local_to_global_position,0
local_to_global_position,0
local_to_global_position,0
local_to_global_position,0
local_to_global_position,0
get_current_chunks,0
start_cycle,0
local_to_global_position,996700
handle_yolo_info,4021300
matched_object,0
finish_cycle,0
get_all_of,0
get_all_of,0
update,0
decide_player_position,0
local_to_global_position,0
local_to_global_position,0
local_to_global_position,0
local_to_global_position,0
local_to_global_position,0
local_to_global_position,0
local_to_global_position,0
local_to_global_position,0
get_current_chunks,0
start_cycle,0
local_to_global_position,1000000
handle_yolo_info,4005600
matched_object,0
finish_cycle,0
warp_image_to_ground,3001800
process_segmentation_image,20928600
get_all_of,0
get_all_of,0
update,0
decide_player_position,0
local_to_global_position,0
local_to_global_position,0
local_to_global_position,0
local_to_global_position,0
local_to_global_position,0
local_to_global_position,0
local_to_global_position,0
local_to_global_position,0
get_current_chunks,1001500
start_cycle,1001500
local_to_global_position,999900
handle_yolo_info,4524500
matched_object,0
finish_cycle,0
get_all_of,1008900
get_all_of,0
update,0
warp_image_to_ground,1503600
process_segmentation_image,22053900
get_all_of,0
get_all_of,0
update,0
decide_player_position,0
local_to_global_position,0
local_to_global_position,0
local_to_global_position,0
local_to_global_position,0
local_to_global_position,0
local_to_global_position,0
local_to_global_position,0
local_to_global_position,0
get_current_chunks,0
start_cycle,0
local_to_global_position,0
handle_yolo_info,1999900
matched_object,0
finish_cycle,1000500
get_all_of,0
get_all_of,0
update,0
decide_player_position,0
local_to_global_position,0
local_to_global_position,0
local_to_global_position,0
local_to_global_position,0
local_to_global_position,0
local_to_global_position,0
local_to_global_position,0
local_to_global_position,0
get_current_chunks,0
start_cycle,0
local_to_global_position,0
handle_yolo_info,4320800
matched_object,0
finish_cycle,0
warp_image_to_ground,1001200
process_segmentation_image,21556900
get_all_of,0
get_all_of,0
update,0
decide_player_position,0
local_to_global_position,0
local_to_global_position,0
local_to_global_position,0
local_to_global_position,0
local_to_global_position,0
local_to_global_position,1005500
local_to_global_position,0
local_to_global_position,0
get_current_chunks,0
start_cycle,1005500
local_to_global_position,0
handle_yolo_info,3006000
matched_object,0
finish_cycle,0
get_all_of,0
get_all_of,0
update,0
decide_player_position,0
local_to_global_position,0
local_to_global_position,0
local_to_global_position,0
local_to_global_position,0
local_to_global_position,0
local_to_global_position,0
local_to_global_position,0
local_to_global_position,0
get_current_chunks,0
start_cycle,0
local_to_global_position,0
handle_yolo_info,2999500
matched_object,0
finish_cycle,0
warp_image_to_ground,1504000
process_segmentation_image,25118700
get_all_of,0
get_all_of,0
update,0
decide_player_position,0
local_to_global_position,0
local_to_global_position,0
local_to_global_position,0
local_to_global_position,0
local_to_global_position,0
local_to_global_position,0
local_to_global_position,0
local_to_global_position,0
get_current_chunks,0
start_cycle,0
local_to_global_position,0
handle_yolo_info,3005500
matched_object,0
finish_cycle,0
get_all_of,0
get_all_of,0
update,0
decide_player_position,0
local_to_global_position,0
local_to_global_position,0
local_to_global_position,0
local_to_global_position,0
local_to_global_position,0
local_to_global_position,0
local_to_global_position,0
local_to_global_position,0
get_current_chunks,0
start_cycle,999800
local_to_global_position,0
handle_yolo_info,4521200
matched_object,0
finish_cycle,0
get_all_of,0
get_all_of,0
update,0
decide_player_position,0
local_to_global_position,0
local_to_global_position,0
local_to_global_position,0
local_to_global_position,0
local_to_global_position,0
local_to_global_position,0
local_to_global_position,0
local_to_global_position,0
get_current_chunks,0
start_cycle,1004900
local_to_global_position,0
handle_yolo_info,4007700
matched_object,0
finish_cycle,0
warp_image_to_ground,1998800
process_segmentation_image,22980300
get_all_of,0
get_all_of,0
get_closest_unexplored_chunk,0
update,0
decide_player_position,0
local_to_global_position,0
local_to_global_position,0
local_to_global_position,0
local_to_global_position,0
local_to_global_position,0
local_to_global_position,0
local_to_global_position,0
local_to_global_position,0
get_current_chunks,1004600
start_cycle,1004600
local_to_global_position,0
handle_yolo_info,3516600
matched_object,0
finish_cycle,0
warp_image_to_ground,2320800
process_segmentation_image,25124100
get_all_of,0
get_all_of,0
update,0
decide_player_position,0
local_to_global_position,0
local_to_global_position,0
local_to_global_position,0
local_to_global_position,0
local_to_global_position,0
local_to_global_position,0
local_to_global_position,0
local_to_global_position,0
get_current_chunks,0
start_cycle,0
local_to_global_position,0
handle_yolo_info,3000100
matched_object,0
finish_cycle,0
warp_image_to_ground,1503700
process_segmentation_image,22256400
get_all_of,0
get_all_of,0
update,0
decide_player_position,0
local_to_global_position,0
local_to_global_position,0
local_to_global_position,0
local_to_global_position,0
local_to_global_position,0
local_to_global_position,0
local_to_global_position,0
local_to_global_position,0
get_current_chunks,0
start_cycle,1005100
local_to_global_position,0
handle_yolo_info,4001100
matched_object,0
finish_cycle,1506900
get_all_of,0
get_all_of,0
update,0
decide_player_position,0
local_to_global_position,0
local_to_global_position,0
local_to_global_position,0
local_to_global_position,0
local_to_global_position,0
local_to_global_position,0
local_to_global_position,0
local_to_global_position,0
get_current_chunks,0
start_cycle,0
local_to_global_position,0
handle_yolo_info,4515500
matched_object,0
finish_cycle,0
warp_image_to_ground,2008900
process_segmentation_image,19215600
get_all_of,0
get_all_of,0
update,0
get_all_of,0
get_all_of,0
update,0
decide_player_position,0
local_to_global_position,0
local_to_global_position,0
local_to_global_position,0
local_to_global_position,0
local_to_global_position,0
local_to_global_position,0
local_to_global_position,0
local_to_global_position,0
get_current_chunks,0
start_cycle,0
local_to_global_position,0
handle_yolo_info,3005900
matched_object,0
finish_cycle,0
warp_image_to_ground,2003800
process_segmentation_image,23053300
get_all_of,0
get_all_of,0
update,0
decide_player_position,0
local_to_global_position,0
local_to_global_position,0
local_to_global_position,0
local_to_global_position,0
local_to_global_position,0
local_to_global_position,0
local_to_global_position,0
local_to_global_position,0
get_current_chunks,0
start_cycle,0
local_to_global_position,0
handle_yolo_info,3425800
matched_object,0
finish_cycle,0
get_all_of,0
get_all_of,0
update,0
decide_player_position,0
local_to_global_position,0
local_to_global_position,0
local_to_global_position,0
local_to_global_position,0
local_to_global_position,0
local_to_global_position,0
local_to_global_position,0
local_to_global_position,0
get_current_chunks,0
start_cycle,0
local_to_global_position,0
handle_yolo_info,2519700
matched_object,0
finish_cycle,0
warp_image_to_ground,2003000
process_segmentation_image,17808200
get_all_of,0
get_all_of,0
update,0
decide_player_position,0
local_to_global_position,0
local_to_global_position,0
local_to_global_position,0
local_to_global_position,0
local_to_global_position,0
local_to_global_position,0
local_to_global_position,0
local_to_global_position,0
get_current_chunks,0
start_cycle,0
local_to_global_position,0
handle_yolo_info,2758100
matched_object,0
finish_cycle,0
get_all_of,0
get_all_of,0
get_closest_unexplored_chunk,0
update,0
decide_player_position,0
local_to_global_position,0
local_to_global_position,0
local_to_global_position,0
local_to_global_position,0
local_to_global_position,0
local_to_global_position,0
local_to_global_position,0
local_to_global_position,0
get_current_chunks,0
start_cycle,0
local_to_global_position,0
handle_yolo_info,3517000
matched_object,0
finish_cycle,0
warp_image_to_ground,1996600
process_segmentation_image,21579600
get_all_of,0
get_all_of,0
update,0
decide_player_position,0
local_to_global_position,0
local_to_global_position,0
local_to_global_position,0
local_to_global_position,0
local_to_global_position,0
local_to_global_position,0
local_to_global_position,0
local_to_global_position,0
get_current_chunks,0
start_cycle,0
local_to_global_position,0
handle_yolo_info,3137200
matched_object,0
finish_cycle,0
get_all_of,0
get_all_of,0
update,0
decide_player_position,0
local_to_global_position,0
local_to_global_position,0
local_to_global_position,0
local_to_global_position,0
local_to_global_position,0
local_to_global_position,0
local_to_global_position,0
local_to_global_position,0
get_current_chunks,0
start_cycle,996400
local_to_global_position,0
handle_yolo_info,4513900
matched_object,0
finish_cycle,0
warp_image_to_ground,3004800
process_segmentation_image,23472900
get_all_of,0
get_all_of,0
update,0
decide_player_position,0
local_to_global_position,1303800
local_to_global_position,0
local_to_global_position,0
local_to_global_position,0
local_to_global_position,0
local_to_global_position,0
local_to_global_position,0
local_to_global_position,0
get_current_chunks,0
start_cycle,1303800
local_to_global_position,0
handle_yolo_info,3397500
matched_object,0
finish_cycle,0
get_all_of,0
get_all_of,0
update,0
decide_player_position,0
local_to_global_position,0
local_to_global_position,0
local_to_global_position,0
local_to_global_position,0
local_to_global_position,0
local_to_global_position,0
local_to_global_position,0
local_to_global_position,0
get_current_chunks,0
start_cycle,999300
local_to_global_position,0
handle_yolo_info,4004700
matched_object,0
finish_cycle,0
warp_image_to_ground,2506800
process_segmentation_image,24543500
get_all_of,0
get_all_of,0
update,0
decide_player_position,0
local_to_global_position,0
local_to_global_position,0
local_to_global_position,0
local_to_global_position,0
local_to_global_position,0
local_to_global_position,0
local_to_global_position,0
local_to_global_position,0
get_current_chunks,0
start_cycle,0
local_to_global_position,0
handle_yolo_info,3506700
matched_object,0
finish_cycle,0
get_all_of,0
get_all_of,1008700
update,0
decide_player_position,0
local_to_global_position,0
local_to_global_position,0
local_to_global_position,0
local_to_global_position,0
local_to_global_position,0
local_to_global_position,0
local_to_global_position,0
local_to_global_position,0
get_current_chunks,0
start_cycle,0
local_to_global_position,0
handle_yolo_info,3509100
matched_object,0
finish_cycle,0
get_all_of,0
get_all_of,0
update,0
decide_player_position,0
local_to_global_position,0
local_to_global_position,0
local_to_global_position,0
local_to_global_position,0
local_to_global_position,0
local_to_global_position,0
local_to_global_position,0
local_to_global_position,0
get_current_chunks,0
start_cycle,0
local_to_global_position,0
handle_yolo_info,3511900
matched_object,0
finish_cycle,0
warp_image_to_ground,1998700
process_segmentation_image,23270000
get_all_of,0
get_all_of,0
update,0
decide_player_position,0
local_to_global_position,0
local_to_global_position,0
local_to_global_position,0
local_to_global_position,0
local_to_global_position,0
local_to_global_position,0
local_to_global_position,0
local_to_global_position,0
get_current_chunks,0
start_cycle,0
local_to_global_position,0
handle_yolo_info,2506300
matched_object,0
finish_cycle,0
get_all_of,0
get_all_of,0
update,0
decide_player_position,0
local_to_global_position,0
local_to_global_position,0
local_to_global_position,0
local_to_global_position,0
local_to_global_position,0
local_to_global_position,0
local_to_global_position,0
local_to_global_position,0
get_current_chunks,0
start_cycle,0
local_to_global_position,0
handle_yolo_info,4449600
matched_object,0
finish_cycle,0
warp_image_to_ground,2000200
process_segmentation_image,22732100
get_all_of,0
get_all_of,0
update,0
decide_player_position,0
local_to_global_position,0
local_to_global_position,0
local_to_global_position,0
local_to_global_position,0
local_to_global_position,0
local_to_global_position,0
local_to_global_position,0
local_to_global_position,0
get_current_chunks,1386700
start_cycle,1386700
local_to_global_position,0
handle_yolo_info,4906400
matched_object,0
finish_cycle,0
warp_image_to_ground,1028600
process_segmentation_image,22619700
get_all_of,0
get_all_of,0
get_closest_unexplored_chunk,0
update,0
decide_player_position,0
local_to_global_position,0
local_to_global_position,0
local_to_global_position,0
local_to_global_position,0
local_to_global_position,0
local_to_global_position,0
local_to_global_position,0
local_to_global_position,0
get_current_chunks,0
start_cycle,0
local_to_global_position,0
handle_yolo_info,3466000
matched_object,0
finish_cycle,1026700
get_all_of,0
get_all_of,0
update,0
decide_player_position,0
local_to_global_position,0
local_to_global_position,0
local_to_global_position,0
local_to_global_position,0
local_to_global_position,0
local_to_global_position,0
local_to_global_position,0
local_to_global_position,0
get_current_chunks,0
start_cycle,1012800
local_to_global_position,0
handle_yolo_info,3017600
matched_object,0
finish_cycle,0
warp_image_to_ground,2509200
process_segmentation_image,20671700
get_all_of,0
get_all_of,0
update,0
decide_player_position,0
local_to_global_position,0
local_to_global_position,0
local_to_global_position,0
local_to_global_position,0
local_to_global_position,0
local_to_global_position,0
local_to_global_position,0
local_to_global_position,0
get_current_chunks,0
start_cycle,0
local_to_global_position,0
handle_yolo_info,3371700
matched_object,0
finish_cycle,0
get_all_of,0
get_all_of,0
update,0
decide_player_position,0
local_to_global_position,0
local_to_global_position,0
local_to_global_position,0
local_to_global_position,0
local_to_global_position,0
local_to_global_position,0
local_to_global_position,0
local_to_global_position,0
get_current_chunks,0
start_cycle,1001300
local_to_global_position,0
handle_yolo_info,4000900
matched_object,0
finish_cycle,0
warp_image_to_ground,2014700
process_segmentation_image,22844300
get_all_of,0
get_all_of,0
update,0
decide_player_position,0
local_to_global_position,0
local_to_global_position,0
local_to_global_position,0
local_to_global_position,0
local_to_global_position,0
local_to_global_position,0
local_to_global_position,0
local_to_global_position,0
get_current_chunks,0
start_cycle,0
local_to_global_position,0
handle_yolo_info,3010600
matched_object,0
finish_cycle,1000300
get_all_of,0
get_all_of,0
update,0
decide_player_position,0
local_to_global_position,0
local_to_global_position,0
local_to_global_position,0
local_to_global_position,0
local_to_global_position,0
local_to_global_position,0
local_to_global_position,0
local_to_global_position,0
get_current_chunks,0
start_cycle,0
local_to_global_position,0
handle_yolo_info,2680000
matched_object,0
finish_cycle,0
warp_image_to_ground,1999400
process_segmentation_image,19502300
get_all_of,0
get_all_of,0
update,0
decide_player_position,0
local_to_global_position,0
local_to_global_position,0
local_to_global_position,0
local_to_global_position,0
local_to_global_position,0
local_to_global_position,0
local_to_global_position,0
local_to_global_position,0
get_current_chunks,0
start_cycle,0
local_to_global_position,0
handle_yolo_info,3042800
matched_object,0
finish_cycle,0
get_all_of,0
get_all_of,0
update,0
decide_player_position,0
local_to_global_position,0
local_to_global_position,0
local_to_global_position,0
local_to_global_position,0
local_to_global_position,0
local_to_global_position,0
local_to_global_position,0
local_to_global_position,0
get_current_chunks,0
start_cycle,0
local_to_global_position,0
handle_yolo_info,3220600
matched_object,0
finish_cycle,0
warp_image_to_ground,2041000
process_segmentation_image,21383700
get_all_of,0
get_all_of,0
update,0
decide_player_position,0
local_to_global_position,0
local_to_global_position,0
local_to_global_position,0
local_to_global_position,0
local_to_global_position,0
local_to_global_position,0
local_to_global_position,0
local_to_global_position,0
get_current_chunks,0
start_cycle,0
local_to_global_position,0
handle_yolo_info,4002000
matched_object,0
finish_cycle,0
get_all_of,0
get_all_of,0
update,0
decide_player_position,0
local_to_global_position,0
local_to_global_position,0
local_to_global_position,0
local_to_global_position,0
local_to_global_position,0
local_to_global_position,0
local_to_global_position,0
local_to_global_position,0
get_current_chunks,0
start_cycle,0
local_to_global_position,0
handle_yolo_info,2005300
matched_object,0
finish_cycle,0
get_all_of,0
get_all_of,0
update,0
decide_player_position,0
local_to_global_position,0
local_to_global_position,0
local_to_global_position,0
local_to_global_position,0
local_to_global_position,0
local_to_global_position,0
local_to_global_position,0
local_to_global_position,0
get_current_chunks,1001400
start_cycle,1001400
local_to_global_position,0
handle_yolo_info,4008800
matched_object,0
finish_cycle,0
warp_image_to_ground,2000400
process_segmentation_image,26554900
get_all_of,0
get_all_of,0
get_closest_unexplored_chunk,0
