model,name,confidence,error_x1,error_x2
first,grass,0.865969,4.5,6.0
first,sapling,0.84567,-1.5,4.0
first,tree_evergreen_1,0.829911,5.0,-2.0
first,wilson,0.822836,-1.0,4.0
first,grass,0.85946,1.5,3.0
first,sapling,0.858629,2.5,0.0
first,tree_evergreen_1,0.823073,2.5,1.0
first,wilson,0.803459,-1.0,8.0
first,sapling,0.857751,0.5,4.0
first,grass,0.857585,2.0,4.0
first,wilson,0.821274,-1.5,7.0
first,tree_evergreen_1,0.58121,3.0,2.0
first,grass,0.819371,-1.0,5.0
first,flint,0.796831,-3.0,1.0
first,wilson,0.76061,2.5,0.0
first,grass_picked,0.757008,-2.5,3.0
first,grass,0.855205,1.5,0.0
first,tree_evergreen_3,0.849452,-1.5,7.0
first,sapling,0.849358,0.5,5.0
first,tree_evergreen_2,0.849074,-0.5,5.0
first,tree_evergreen_2,0.832651,1.0,10.0
first,wilson,0.818351,-1.0,0.0
first,sapling,0.816169,1.5,0.0
first,tree_evergreen_2,0.808442,0.0,6.0
first,berry_bush,0.795121,1.0,-4.0
first,flint,0.791216,-0.5,4.0
first,grass_picked,0.735926,-0.5,2.0
first,grass,0.714135,0.5,-2.0
first,sapling,0.603182,5.0,2.0
first,flint,0.34507,-0.5,2.0
first,grass,0.856124,3.0,3.0
first,grass,0.848245,0.0,1.0
first,tree_evergreen_1,0.844181,3.5,5.0
first,sapling,0.833039,0.0,4.0
first,sapling,0.826984,1.5,4.0
first,grass,0.825855,4.0,5.0
first,tree_evergreen_2,0.822771,2.0,9.0
first,grass,0.813145,3.0,3.0
first,tree_evergreen_2,0.806359,0.0,7.0
first,flint,0.802527,-0.5,0.0
first,wilson,0.800476,-4.5,4.0
first,flint,0.800236,-1.0,4.0
first,tree_evergreen_1,0.798612,0.5,4.0
first,grass,0.797641,0.5,6.0
first,sapling,0.865193,3.0,5.0
first,sapling,0.845815,1.5,3.0
first,grass,0.842356,0.0,5.0
first,grass,0.834328,3.0,-1.0
first,grass,0.833622,-1.0,8.0
first,flint,0.832046,0.5,4.0
first,tree_evergreen_2,0.825909,-0.5,1.0
first,tree_evergreen_1,0.820263,4.0,7.0
first,flint,0.809284,0.5,3.0
first,flint,0.807031,-1.0,3.0
first,sapling_picked,0.791888,1.5,5.0
first,wilson,0.781968,0.0,3.0
first,grass,0.76746,3.0,4.0
first,sapling,0.870666,0.0,6.0
first,berry_bush,0.862052,2.0,6.0
first,sapling,0.861466,-0.5,5.0
first,sapling,0.853723,0.0,2.0
first,tree_evergreen_1,0.850684,2.5,1.0
first,flint,0.840855,0.5,1.0
first,grass,0.831125,3.5,2.0
first,carrot_planted,0.811864,3.0,0.0
first,tree_evergreen_2,0.811164,4.0,0.0
first,grass,0.800886,-0.5,3.0
first,flint,0.800578,1.0,1.0
first,grass,0.795477,1.5,2.0
first,sapling_picked,0.794265,0.5,0.0
first,wilson,0.78055,2.0,2.0
first,grass_picked,0.759916,1.0,6.0
first,sapling,0.873316,-1.0,8.0
first,grass,0.856856,0.5,2.0
first,grass,0.840987,0.0,9.0
first,tree_evergreen_1,0.835989,0.5,-5.0
first,tree_evergreen_2,0.825155,-2.0,-1.0
first,tree_evergreen_2,0.824673,3.0,1.0
first,tree_evergreen_1,0.822941,1.0,-8.0
first,grass,0.811771,-0.5,4.0
first,sapling_picked,0.81015,-1.5,7.0
first,flint,0.804175,0.5,8.0
first,sapling,0.800631,-1.0,1.0
first,grass,0.799098,-3.0,4.0
first,grass_picked,0.768555,-1.0,5.0
first,tree_evergreen_3,0.386878,1.0,-4.0
first,grass,0.855482,1.5,4.0
first,tree_evergreen_1,0.845341,0.0,0.0
first,tree_evergreen_2,0.842595,2.5,7.0
first,grass,0.83367,0.0,5.0
first,grass,0.823971,3.0,3.0
first,tree_evergreen_3,0.81132,3.0,-4.0
first,sapling_picked,0.805235,3.5,5.0
first,sapling,0.799392,4.5,3.0
first,grass,0.796934,-1.0,0.0
first,tree_evergreen_2,0.793557,-3.0,-5.0
first,tree_evergreen_1,0.790234,0.0,-6.0
first,sapling_picked,0.788598,1.0,8.0
first,flint,0.779803,0.5,1.0
first,grass,0.752478,0.0,5.0
first,grass_picked,0.744516,-3.0,4.0
first,flint,0.523715,-3.0,6.0
first,grass,0.859352,-1.0,8.0
first,grass,0.85832,0.0,11.0
first,tree_evergreen_3,0.85729,2.0,-5.0
first,tree_evergreen_1,0.854068,1.5,-7.0
first,tree_evergreen_2,0.835537,3.5,7.0
first,tree_evergreen_1,0.827394,3.0,1.0
first,grass,0.826181,-0.5,5.0
first,sapling_picked,0.806181,1.5,0.0
first,sapling_picked,0.797911,2.5,-2.0
first,flint,0.797168,-3.5,7.0
first,grass,0.794911,-0.5,0.0
first,grass,0.784266,-3.0,6.0
first,flint,0.763557,-2.0,8.0
first,grass_picked,0.756147,-3.0,6.0
first,tree_evergreen_2,0.609698,-1.0,-1.0
first,grass,0.882564,1.5,1.0
first,grass,0.874477,-0.5,3.0
first,grass,0.872398,2.0,3.0
first,grass,0.870209,0.5,3.0
first,grass,0.859084,2.0,3.0
first,grass,0.781063,1.5,2.0
first,spider,0.777258,0.5,4.0
first,wilson,0.747063,0.5,4.0
first,hound,0.69318,-0.5,7.0
first,spider,0.687056,-0.5,5.0
first,flint,0.525521,-2.0,2.0
first,hound,0.379711,-10.0,2.0
first,hound,0.280845,2.5,16.0
first,grass,0.848824,-2.0,5.0
first,grass,0.846875,-1.0,4.0
first,wilson,0.841499,1.5,9.0
first,grass,0.839061,0.0,6.0
first,tree_evergreen_1,0.837972,2.0,0.0
first,tree_evergreen_1,0.837839,6.5,-3.0
first,tree_evergreen_2,0.829619,2.5,-7.0
first,tree_evergreen_3,0.812154,2.0,5.0
first,grass,0.805781,-2.5,9.0
first,sapling_picked,0.799233,2.5,3.0
first,flint,0.796468,1.0,4.0
first,sapling_picked,0.794538,1.0,3.0
first,sapling_picked,0.777175,0.5,8.0
first,grass,0.770435,-1.0,4.0
first,grass_picked,0.730596,-2.5,3.0
first,grass,0.861886,-1.5,0.0
first,grass,0.859891,1.5,5.0
first,tree_evergreen_3,0.851025,-0.5,-1.0
first,tree_evergreen_1,0.84862,3.0,2.0
first,grass,0.843553,-1.0,3.0
first,grass,0.82384,2.0,6.0
first,tree_evergreen_2,0.819057,-2.5,-2.0
first,grass,0.809714,2.0,2.0
first,wilson,0.798056,0.5,8.0
first,flint,0.795714,1.5,4.0
first,sapling_picked,0.791552,-1.0,2.0
first,berry_bush,0.773809,0.0,2.0
first,sapling_picked,0.765699,2.0,0.0
first,grass,0.754707,1.0,4.0
first,grass_picked,0.736293,-3.0,4.0
first,flint,0.718901,1.0,1.0
first,grass,0.683199,1.5,3.0
first,tree_evergreen_1,0.653228,3.0,3.0
first,grass,0.218652,-44.0,69.0
first,sapling,0.898087,0.5,2.0
first,sapling,0.889863,1.0,1.0
first,berry_bush_harvested,0.88217,1.0,2.0
first,sapling,0.842469,5.0,3.0
first,wilson,0.83038,-0.5,5.0
first,grass,0.829046,2.5,1.0
first,tree_evergreen_2,0.828301,-4.0,-1.0
first,tree_evergreen_1,0.82245,-0.5,-4.0
first,grass,0.817727,2.0,3.0
first,tree_evergreen_1,0.816849,-2.0,2.0
first,carrot_planted,0.814489,1.5,1.0
first,carrot_planted,0.786328,3.5,1.0
first,grass_picked,0.774052,-0.5,0.0
first,flint,0.745968,0.0,1.0
first,grass_picked,0.726991,1.5,-2.0
first,carrot_planted,0.186814,2.0,6.0
first,tree_evergreen_3,0.869277,-7.0,7.0
first,tree_evergreen_2,0.846908,0.5,1.0
first,tree_evergreen_1,0.844437,0.0,-7.0
first,sapling,0.840161,-1.5,-2.0
first,tree_evergreen_1,0.839064,3.5,5.0
first,carrot_planted,0.830034,2.0,-3.0
first,berry_bush,0.824195,-2.0,-1.0
first,tree_evergreen_2,0.820021,-2.0,-1.0
first,flint,0.800851,-1.0,0.0
first,wilson,0.800669,0.0,1.0
first,carrot_planted,0.795077,-1.0,0.0
first,sapling_picked,0.788014,4.0,0.0
first,grass_picked,0.763375,-0.5,-2.0
first,carrot_planted,0.761261,1.5,-3.0
first,sapling,0.872825,-0.5,3.0
first,tree_evergreen_3,0.863319,2.0,6.0
first,berry_bush,0.856259,0.5,3.0
first,tree_evergreen_1,0.849192,1.0,3.0
first,tree_evergreen_1,0.842553,2.0,12.0
first,tree_evergreen_2,0.834756,0.5,0.0
first,carrot_planted,0.819241,-2.5,0.0
first,wilson,0.815643,1.0,-1.0
first,tree_evergreen_2,0.809899,-1.0,2.0
first,sapling_picked,0.800088,1.5,8.0
first,carrot_planted,0.795998,0.5,7.0
first,grass_picked,0.758865,0.5,1.0
first,carrot_planted,0.39005,0.5,6.0
first,sapling,0.87004,4.0,-1.0
first,tree_evergreen_3,0.863505,2.0,9.0
first,grass,0.855307,3.0,1.0
first,grass,0.853588,2.0,0.0
first,tree_evergreen_1,0.844097,1.0,5.0
first,grass,0.839278,2.0,1.0
first,tree_evergreen_2,0.838291,1.0,5.0
first,grass,0.834102,-1.0,2.0
first,grass,0.825053,0.0,1.0
first,carrot_planted,0.820901,0.5,2.0
first,flint,0.819366,0.0,0.0
first,tree_evergreen_2,0.816093,1.0,0.0
first,rock1,0.798718,-2.0,6.0
first,sapling_picked,0.783163,2.5,0.0
first,wilson,0.773355,-0.5,0.0
first,tree_evergreen_1,0.741132,-2.5,-2.0
first,tree_evergreen_3,0.878996,-2.0,6.0
first,grass,0.860522,1.5,1.0
first,sapling,0.846479,3.0,2.0
first,tree_evergreen_1,0.846015,2.5,-6.0
first,grass,0.844278,-0.5,2.0
first,tree_evergreen_2,0.840316,3.5,6.0
first,grass,0.836974,1.5,2.0
first,grass,0.83504,1.0,-1.0
first,grass,0.832125,1.5,2.0
first,tree_evergreen_1,0.831151,2.5,6.0
first,tree_evergreen_2,0.823271,2.0,6.0
first,wilson,0.822254,0.5,3.0
first,carrot_planted,0.818791,1.5,1.0
first,rock1,0.804562,0.0,1.0
first,flint,0.791302,-2.0,2.0
first,sapling_picked,0.787444,2.0,6.0
first,grass,0.862468,0.5,4.0
first,grass,0.855625,2.0,1.0
first,grass,0.85444,3.0,2.0
first,grass,0.816561,4.0,1.0
first,rock1,0.812094,4.5,8.0
first,rock1,0.805698,8.5,4.0
first,grass,0.884462,2.0,1.0
first,grass,0.877189,0.5,2.0
first,grass,0.876391,0.5,3.0
first,grass,0.867452,1.5,2.0
first,grass,0.863782,2.0,2.0
first,hound,0.804643,-2.0,1.0
first,wilson,0.79864,3.5,2.0
first,hound,0.791607,0.5,5.0
first,spider,0.755212,3.0,9.0
first,spider,0.726767,0.5,-1.0
first,sapling,0.833747,-0.5,-1.0
first,grass,0.832314,3.5,1.0
first,wilson,0.825898,1.0,4.0
first,berry_bush,0.822505,5.5,-1.0
first,tree_evergreen_2,0.817129,0.5,-9.0
first,tree_evergreen_1,0.800205,6.5,6.0
first,sapling,0.770744,1.5,3.0
first,grass,0.737636,1.5,5.0
first,flint,0.719104,1.0,3.0
first,sapling,0.88414,0.5,-2.0
first,tree_evergreen_3,0.874273,2.0,5.0
first,berry_bush,0.860986,1.5,-2.0
first,sapling,0.843641,-0.5,0.0
first,grass,0.839199,1.5,1.0
first,tree_evergreen_1,0.838227,2.5,-1.0
first,tree_evergreen_1,0.829578,0.5,-1.0
first,tree_evergreen_1,0.820736,3.5,5.0
first,flint,0.819429,-2.0,1.0
first,wilson,0.813248,-0.5,-1.0
first,flint,0.779756,1.0,-1.0
first,carrot_planted,0.778472,-1.0,2.0
first,flint,0.681401,1.0,5.0
first,sapling,0.858051,1.5,1.0
first,tree_evergreen_1,0.841909,-4.0,1.0
first,tree_evergreen_1,0.835917,-1.5,-1.0
first,grass,0.835772,3.5,1.0
first,flint,0.829006,-1.5,1.0
first,tree_evergreen_1,0.821344,0.5,1.0
first,berry_bush,0.820747,3.0,0.0
first,tree_evergreen_2,0.818975,-3.5,4.0
first,carrot_planted,0.814004,0.5,3.0
first,carrot_planted,0.808408,-2.5,4.0
first,wilson,0.796069,2.5,4.0
first,flint,0.78012,-2.5,5.0
first,flint,0.77506,-3.0,-1.0
first,flint,0.763664,-1.5,4.0
first,grass_picked,0.742765,0.0,0.0
first,tree_evergreen_1,0.845904,-0.5,-1.0
first,tree_evergreen_1,0.84451,0.0,2.0
first,carrot_planted,0.838774,-1.0,3.0
first,tree_evergreen_2,0.837295,-1.5,6.0
first,berry_bush,0.814027,4.0,-1.0
first,sapling,0.799098,6.5,-8.0
first,flint,0.797155,1.5,7.0
first,sapling_picked,0.790415,-0.5,5.0
first,flint,0.788216,1.0,1.0
first,flint,0.765426,-1.0,0.0
first,grass_picked,0.750437,-0.5,-3.0
first,carrot_planted,0.739846,2.5,2.0
first,grass_picked,0.739824,0.5,4.0
first,berry_bush_harvested,0.860866,3.5,-2.0
first,tree_evergreen_1,0.843176,0.0,1.0
first,tree_evergreen_1,0.839455,3.5,-6.0
first,tree_evergreen_2,0.836345,0.0,4.0
first,flint,0.836317,-3.0,-4.0
first,wilson,0.827047,0.5,3.0
first,tree_evergreen_1,0.825932,-3.0,0.0
first,carrot_planted,0.809199,1.0,5.0
first,sapling_picked,0.79805,2.0,1.0
first,flint,0.779113,-2.0,1.0
first,grass_picked,0.775851,-2.0,1.0
first,flint,0.768818,0.5,0.0
first,grass_picked,0.768229,-2.0,4.0
first,carrot_planted,0.767568,-1.0,0.0
first,sapling,0.864457,3.0,1.0
first,tree_evergreen_1,0.850648,0.0,3.0
first,tree_evergreen_2,0.833576,-2.0,4.0
first,tree_evergreen_2,0.8295,-1.5,-7.0
first,tree_evergreen_3,0.828596,3.5,0.0
first,sapling_picked,0.814658,2.0,-4.0
first,carrot_planted,0.812349,0.5,0.0
first,wilson,0.803181,-2.0,-3.0
first,tree_evergreen_1,0.800804,1.5,1.0
first,flint,0.778277,1.0,1.0
first,grass_picked,0.756556,-1.5,-6.0
first,carrot_planted,0.63415,0.0,-1.0
first,berry_bush_harvested,0.886408,2.0,-1.0
first,carrot_planted,0.861175,0.5,2.0
first,tree_evergreen_1,0.846509,2.0,-2.0
first,tree_evergreen_1,0.838164,0.5,-5.0
first,tree_evergreen_2,0.830205,-3.5,2.0
first,carrot_planted,0.822281,2.5,4.0
first,tree_evergreen_2,0.81841,1.0,-8.0
first,sapling_picked,0.805126,2.5,-1.0
first,sapling_picked,0.802121,-0.5,1.0
first,wilson,0.784929,-4.5,-1.0
first,grass_picked,0.784484,-2.0,4.0
first,berry_bush_harvested,0.861998,2.0,0.0
first,tree_evergreen_1,0.835645,-0.5,-1.0
first,tree_evergreen_2,0.833252,2.5,-4.0
first,tree_evergreen_2,0.831636,0.5,10.0
first,tree_evergreen_1,0.817448,-2.0,2.0
first,carrot_planted,0.800669,0.5,2.0
first,wilson,0.789637,-3.5,-8.0
first,sapling_picked,0.786395,2.5,4.0
first,grass_picked,0.786237,-0.5,1.0
first,sapling_picked,0.781738,2.5,10.0
first,carrot_planted,0.781456,1.0,6.0
first,tree_evergreen_1,0.841505,-0.5,-1.0
first,tree_evergreen_1,0.834781,-4.0,-1.0
first,tree_evergreen_1,0.834157,1.0,2.0
first,carrot_planted,0.824555,-2.0,5.0
first,wilson,0.818523,1.5,-6.0
first,carrot_planted,0.799088,-1.5,2.0
first,grass_picked,0.791894,-2.0,8.0
first,sapling_picked,0.789541,-0.5,-3.0
first,tree_evergreen_2,0.783495,5.0,1.0
first,sapling_picked,0.409832,-2.0,2.0
first,grass_picked,0.187452,-8.0,5.0
first,tree_evergreen_1,0.839798,1.0,-1.0
first,tree_evergreen_1,0.836145,-4.5,2.0
first,tree_evergreen_1,0.830437,-4.0,6.0
first,carrot_planted,0.80703,-1.0,2.0
first,carrot_planted,0.800675,0.5,5.0
first,grass_picked,0.781516,-2.5,2.0
first,sapling_picked,0.780057,-0.5,1.0
first,grass_picked,0.761321,0.0,4.0
first,sapling_picked,0.718625,4.5,5.0
first,grass,0.88056,1.0,1.0
first,grass,0.876226,1.0,1.0
first,grass,0.876208,1.5,0.0
first,grass,0.867475,0.5,3.0
first,grass,0.866916,1.5,3.0
first,wilson,0.829602,0.0,7.0
first,hound,0.815002,0.0,4.0
first,hound,0.812597,-2.0,2.0
first,spider,0.767327,0.5,-1.0
first,spider,0.614558,2.5,-3.0
first,grass,0.886801,0.5,0.0
first,grass,0.881718,2.0,1.0
first,grass,0.877873,1.5,0.0
first,grass,0.876549,1.5,4.0
first,grass,0.871291,1.5,0.0
first,hound,0.856584,3.0,3.0
first,hound,0.820816,-2.5,-1.0
first,wilson,0.810151,0.5,0.0
first,spider,0.751906,2.0,1.0
first,spider,0.74876,-1.0,0.0
first,tree_evergreen_3,0.873379,-4.0,2.0
first,grass,0.854356,2.5,2.0
first,tree_evergreen_1,0.85207,-1.5,-4.0
first,grass,0.825558,1.5,3.0
first,carrot_planted,0.806466,1.0,-1.0
first,wilson,0.801563,0.5,6.0
first,grass_picked,0.751036,2.0,2.0
first,carrot_planted,0.716616,-2.5,0.0
first,carrot_planted,0.679351,1.0,2.0
first,flint,0.360438,3.0,-5.0
first,grass,0.886744,-0.5,3.0
first,grass,0.873319,1.0,3.0
first,grass,0.869644,2.0,1.0
first,grass,0.86857,1.5,0.0
first,hound,0.843667,4.5,-1.0
first,wilson,0.836738,1.5,1.0
first,spider,0.823267,3.5,3.0
first,hound,0.79755,2.5,4.0
first,grass,0.785041,2.5,3.0
first,spider,0.780928,1.5,1.0
first,tree_evergreen_3,0.860668,-0.5,2.0
first,tree_evergreen_1,0.851818,-4.0,1.0
first,grass,0.849635,0.5,1.0
first,carrot_planted,0.840961,1.5,1.0
first,wilson,0.831813,-1.0,1.0
first,grass,0.828432,-0.5,0.0
first,carrot_planted,0.803913,1.5,3.0
first,grass_picked,0.762059,2.5,2.0
first,carrot_planted,0.518081,1.5,1.0
first,berry_bush_harvested,0.89311,2.0,2.0
first,tree_evergreen_1,0.844809,1.5,2.0
first,grass,0.838539,0.5,1.0
first,carrot_planted,0.827972,2.0,0.0
first,wilson,0.820227,-1.0,-1.0
first,tree_evergreen_3,0.806713,-2.5,4.0
first,carrot_planted,0.801108,2.0,1.0
first,grass,0.743655,1.5,2.0
first,carrot_planted,0.722158,2.0,6.0
first,grass_picked,0.721266,0.5,0.0
first,grass,0.876671,3.0,3.0
first,grass,0.873753,1.5,1.0
first,grass,0.868964,0.5,1.0
first,wilson,0.810935,2.5,-1.0
first,spider,0.787996,2.5,-1.0
first,hound,0.769599,-8.5,2.0
first,hound,0.747763,2.0,-4.0
first,spider,0.731205,-0.5,4.0
first,grass,0.649213,6.0,-4.0
first,berry_bush_harvested,0.884809,1.5,-2.0
first,grass,0.849164,-0.5,1.0
first,wilson,0.744538,0.5,4.0
first,grass_picked,0.739216,2.0,-1.0
first,carrot_planted,0.659439,0.0,1.0
first,berry_bush_harvested,0.869469,4.0,1.0
first,grass,0.845628,2.0,1.0
first,tree_evergreen_1,0.837337,-4.0,13.0
first,carrot_planted,0.826839,0.5,2.0
first,carrot_planted,0.81695,1.5,1.0
first,wilson,0.790021,4.0,5.0
first,sapling,0.855908,2.5,2.0
first,sapling,0.852994,0.5,4.0
first,tree_evergreen_1,0.850735,-0.5,-3.0
first,tree_evergreen_1,0.843686,1.5,7.0
first,tree_evergreen_1,0.842747,2.0,0.0
first,tree_evergreen_2,0.838612,2.5,0.0
first,berry_bush,0.836456,1.0,1.0
first,sapling,0.828993,0.5,1.0
first,tree_evergreen_1,0.828857,-0.5,3.0
first,grass,0.827103,0.0,2.0
first,tree_evergreen_2,0.826314,-0.5,-1.0
first,grass,0.786783,-0.5,0.0
first,sapling,0.884152,2.5,2.0
first,grass,0.858111,0.5,1.0
first,tree_evergreen_3,0.857521,1.0,-4.0
first,grass,0.84802,1.5,4.0
first,sapling,0.845415,1.5,5.0
first,tree_evergreen_2,0.842115,-2.5,-1.0
first,grass,0.837232,2.0,1.0
first,grass,0.830472,1.5,1.0
first,tree_evergreen_1,0.825625,-3.5,-3.0
first,grass,0.822578,2.0,0.0
first,wilson,0.814651,0.0,2.0
first,tree_evergreen_2,0.807717,-1.0,0.0
first,tree_evergreen_3,0.745332,2.0,0.0
first,tree_evergreen_1,0.733694,-2.0,1.0
first,sapling,0.884134,0.0,1.0
first,sapling,0.876935,2.5,2.0
first,tree_evergreen_3,0.865815,1.0,1.0
first,tree_evergreen_3,0.863186,2.0,6.0
first,grass,0.862018,1.5,1.0
first,grass,0.860801,0.5,2.0
first,tree_evergreen_1,0.854141,4.5,4.0
first,tree_evergreen_2,0.843732,-0.5,11.0
first,grass,0.836098,1.5,1.0
first,grass,0.836092,0.5,2.0
first,grass,0.82707,1.5,3.0
first,tree_evergreen_2,0.741036,-0.5,4.0
first,wilson,0.729633,0.0,5.0
first,sapling,0.885405,2.0,3.0
first,sapling,0.876817,1.0,-1.0
first,tree_evergreen_3,0.87641,6.0,1.0
first,tree_evergreen_3,0.86429,-1.0,-7.0
first,grass,0.857757,-1.0,-1.0
first,grass,0.85211,1.0,1.0
first,grass,0.844744,0.5,-1.0
first,tree_evergreen_2,0.838265,4.0,-4.0
first,tree_evergreen_1,0.833233,-0.5,0.0
first,grass,0.82101,3.0,-2.0
first,grass,0.815952,-0.5,2.0
first,wilson,0.734139,-15.5,-4.0
first,tree_evergreen_3,0.882531,3.5,-3.0
first,tree_evergreen_3,0.866163,-3.0,11.0
first,berry_bush_harvested,0.865527,1.5,0.0
first,grass,0.85771,0.5,2.0
first,grass,0.847354,-0.5,3.0
first,tree_evergreen_2,0.847059,0.0,-7.0
first,tree_evergreen_1,0.84252,0.0,-4.0
first,tree_evergreen_3,0.834391,-1.5,6.0
first,grass,0.834154,1.0,2.0
first,sapling,0.834039,1.5,4.0
first,sapling,0.825946,2.0,6.0
first,grass,0.784471,1.5,-1.0
first,tree_evergreen_3,0.877142,-3.0,-3.0
first,tree_evergreen_3,0.868582,-1.5,7.0
first,tree_evergreen_3,0.862779,-4.5,-6.0
first,grass,0.847814,2.5,0.0
first,sapling,0.839323,-1.0,3.0
first,wilson,0.816429,3.5,-2.0
first,sapling_picked,0.813938,1.0,3.0
first,grass,0.807135,1.5,-1.0
first,tree_evergreen_2,0.80081,1.0,6.0
first,tree_evergreen_3,0.886948,0.0,2.0
first,tree_evergreen_3,0.873353,4.5,6.0
first,sapling,0.863815,-1.0,-1.0
first,tree_evergreen_3,0.854391,-5.5,-6.0
first,grass,0.8396,2.0,-1.0
first,grass,0.821693,2.0,2.0
first,sapling_picked,0.797972,2.0,3.0
first,wilson,0.792241,0.0,-4.0
first,tree_evergreen_2,0.78986,0.0,-3.0
first,grass_picked,0.770343,1.0,3.0
first,grass,0.87172,0.5,0.0
first,tree_evergreen_3,0.866199,1.5,-7.0
first,tree_evergreen_3,0.851743,3.0,2.0
first,grass,0.849735,0.5,1.0
first,tree_evergreen_3,0.841625,-3.5,5.0
first,tree_evergreen_2,0.839592,1.5,2.0
first,tree_evergreen_1,0.832917,1.5,-4.0
first,tree_evergreen_2,0.824992,4.5,2.0
first,grass,0.820894,0.0,2.0
first,sapling_picked,0.802198,0.5,4.0
first,sapling_picked,0.787502,1.5,1.0
first,grass_picked,0.761211,1.0,3.0
first,grass_picked,0.140036,1.5,-1.0
first,grass,0.871993,0.5,0.0
first,tree_evergreen_3,0.867571,2.0,-1.0
first,tree_evergreen_3,0.857696,-0.5,6.0
first,tree_evergreen_3,0.854156,1.0,8.0
first,grass,0.847798,1.5,-2.0
first,tree_evergreen_2,0.847476,0.5,-1.0
first,tree_evergreen_1,0.845911,-3.0,1.0
first,tree_evergreen_2,0.825261,3.0,2.0
first,wilson,0.806201,-2.0,4.0
first,sapling_picked,0.805311,2.5,4.0
first,grass,0.798154,0.5,2.0
first,sapling_picked,0.788901,1.5,2.0
first,grass_picked,0.73725,1.5,4.0
first,grass_picked,0.620356,1.5,5.0
first,berry_bush_harvested,0.881327,0.5,-1.0
first,grass,0.855822,0.5,1.0
first,tree_evergreen_1,0.847731,1.5,-3.0
first,tree_evergreen_2,0.841311,2.5,1.0
first,tree_evergreen_1,0.831867,1.0,3.0
first,tree_evergreen_1,0.827058,-2.5,8.0
first,tree_evergreen_3,0.826513,-0.5,-5.0
first,tree_evergreen_2,0.818926,0.5,-4.0
first,sapling_picked,0.802291,0.5,3.0
first,sapling_picked,0.785776,2.0,5.0
first,sapling_picked,0.781442,0.5,-1.0
first,grass_picked,0.771376,0.0,4.0
first,grass_picked,0.767784,-1.0,4.0
first,grass_picked,0.766335,1.0,0.0
first,grass_picked,0.762012,0.5,2.0
first,grass_picked,0.755167,-0.5,1.0
first,wilson,0.6419,4.0,4.0
first,tree_evergreen_3,0.417329,0.0,2.0
first,tree_evergreen_1,0.111528,3.0,80.0
first,grass,0.87974,1.5,0.0
first,grass,0.865912,0.5,0.0
first,hound,0.839293,1.0,-1.0
first,grass,0.833672,-0.5,2.0
first,wilson,0.822931,1.5,7.0
first,sapling,0.809375,1.5,3.0
first,grass,0.786825,-0.5,2.0
first,grass,0.786737,1.5,1.0
first,hound,0.657647,2.5,2.0
first,spider,0.564157,-0.5,5.0
first,spider,0.305234,-37.5,47.0
first,spider,0.104912,-14.5,7.0
first,sapling,0.865136,2.5,3.0
first,tree_evergreen_3,0.859375,2.5,-1.0
first,grass,0.858376,1.5,2.0
first,wilson,0.855821,0.5,-1.0
first,grass,0.855549,-0.5,4.0
first,grass,0.84091,2.0,4.0
first,tree_evergreen_1,0.837756,-1.0,8.0
first,sapling,0.836177,0.5,1.0
first,tree_evergreen_2,0.817835,-5.0,2.0
first,tree_evergreen_1,0.779459,-3.0,3.0
first,grass,0.87324,2.0,0.0
first,grass,0.869809,1.5,1.0
first,wilson,0.836242,0.0,3.0
first,hound,0.828831,3.0,0.0
first,grass,0.82803,-1.0,0.0
first,grass,0.825022,-2.0,1.0
first,sapling,0.796907,-1.0,4.0
first,hound,0.796433,-3.0,3.0
first,grass,0.761899,1.0,0.0
first,spider,0.691584,-4.0,2.0
first,spider,0.605383,1.0,-9.0
first,spider,0.391149,-32.0,10.0
first,tree_evergreen_3,0.866997,3.5,7.0
first,tree_evergreen_3,0.854379,0.0,0.0
first,tree_evergreen_1,0.853685,-2.0,1.0
first,tree_evergreen_1,0.815985,-3.0,5.0
first,sapling_picked,0.787804,0.5,0.0
first,wilson,0.784716,-1.5,-6.0
first,sapling_picked,0.77868,-1.5,3.0
first,grass_picked,0.756769,2.5,3.0
first,tree_evergreen_3,0.86604,-7.0,4.0
first,wilson,0.814579,-3.0,1.0
first,tree_evergreen_1,0.808703,0.0,0.0
first,tree_evergreen_1,0.802187,-2.0,0.0
first,sapling_picked,0.784632,1.0,2.0
first,tree_evergreen_3,0.764142,-0.5,-7.0
first,sapling_picked,0.749698,-0.5,5.0
first,grass_picked,0.739411,-0.5,1.0
first,wilson,0.865427,0.5,2.0
first,grass,0.86179,1.5,2.0
first,tree_evergreen_1,0.846856,0.0,1.0
first,sapling,0.842654,1.0,1.0
first,grass,0.838736,0.5,0.0
first,sapling_picked,0.79853,2.0,4.0
first,tree_evergreen_2,0.720955,3.5,4.0
first,grass,0.391009,-2.0,8.0
first,sapling,0.871415,1.5,1.0
first,grass,0.862823,1.0,2.0
first,grass,0.855162,0.5,1.0
first,grass,0.850474,1.5,3.0
first,grass,0.848558,0.5,2.0
first,tree_evergreen_3,0.835093,-3.5,-4.0
first,grass,0.822513,2.5,4.0
first,tree_evergreen_2,0.820022,-2.5,-1.0
first,wilson,0.812169,3.0,1.0
first,grass,0.624619,5.5,45.0
first,grass,0.878254,2.0,0.0
first,grass,0.86732,0.5,1.0
first,grass,0.865639,1.5,2.0
first,grass,0.860277,1.0,-4.0
first,sapling,0.857851,2.5,2.0
first,grass,0.848687,0.5,3.0
first,grass,0.839232,2.5,2.0
first,wilson,0.836075,-2.5,4.0
first,tree_evergreen_2,0.821738,3.0,-2.0
first,tree_evergreen_3,0.814966,-5.5,3.0
first,grass,0.879009,2.0,1.0
first,grass,0.86245,1.0,3.0
first,tree_evergreen_3,0.855758,-4.5,-3.0
first,wilson,0.829152,3.0,5.0
first,grass,0.796577,-0.5,1.0
first,grass,0.775399,2.5,14.0
first,tree_evergreen_2,0.70564,-5.5,1.0
first,grass,0.868065,1.5,2.0
first,wilson,0.859753,1.0,4.0
first,grass,0.857713,-0.5,3.0
first,grass,0.829968,0.5,2.0
first,grass,0.827526,1.0,1.0
first,grass,0.797649,2.0,0.0
first,grass_picked,0.795439,-1.5,4.0
first,sapling_picked,0.78877,-0.5,3.0
first,tree_evergreen_2,0.695791,4.0,-1.0
first,grass,0.491655,3.0,5.0
first,grass,0.39737,5.0,1.0
first,grass,0.840232,1.5,2.0
first,wilson,0.826353,1.5,4.0
first,grass,0.823665,1.5,3.0
first,grass,0.815848,1.5,1.0
first,grass,0.80912,2.0,6.0
first,grass,0.807175,1.5,3.0
first,grass_picked,0.79495,-0.5,0.0
first,grass_picked,0.777986,-0.5,0.0
first,grass,0.153722,7.5,68.0
first,grass,0.864003,-0.5,-8.0
first,grass,0.83998,1.5,1.0
first,grass,0.829425,-0.5,3.0
first,grass,0.826893,2.5,-1.0
first,grass,0.808766,1.5,1.0
first,wilson,0.808551,-0.5,4.0
first,grass_picked,0.799321,-1.5,3.0
first,grass_picked,0.795253,1.0,2.0
first,grass,0.867837,0.5,2.0
first,grass,0.860334,0.5,3.0
first,wilson,0.860017,1.5,2.0
first,grass,0.858361,0.5,2.0
first,grass,0.849562,1.5,0.0
first,grass,0.844774,2.5,2.0
first,grass,0.855173,0.0,2.0
first,grass,0.852583,0.5,3.0
first,grass,0.850204,0.5,3.0
first,wilson,0.831783,0.5,5.0
first,grass,0.825794,1.5,4.0
first,grass,0.873999,-0.5,2.0
first,grass,0.861627,1.5,-2.0
first,grass,0.852541,3.0,4.0
first,wilson,0.811519,2.5,4.0
first,sapling,0.866221,0.5,5.0
first,grass,0.853183,1.0,1.0
first,grass,0.851017,-1.5,0.0
first,grass,0.84065,2.5,3.0
first,wilson,0.805786,1.5,-1.0
first,spider,0.750964,3.0,6.0
first,grass,0.863306,1.5,2.0
first,grass,0.854684,0.5,3.0
first,grass,0.85159,1.5,0.0
first,wilson,0.848774,-0.5,6.0
first,grass,0.845942,1.5,2.0
first,grass,0.854472,1.0,2.0
first,grass,0.84851,0.5,5.0
first,grass,0.843742,2.0,1.0
first,wilson,0.83054,1.5,-2.0
first,grass,0.873684,0.5,1.0
first,grass,0.869613,3.0,3.0
first,grass,0.866073,1.0,2.0
first,grass,0.86528,2.5,2.0
first,grass,0.860095,1.5,3.0
first,wilson,0.858706,-1.0,5.0
first,grass,0.857832,1.5,2.0
first,grass,0.864431,1.5,3.0
first,grass,0.861675,1.5,3.0
first,grass,0.861401,1.0,0.0
first,grass,0.856003,0.5,0.0
first,grass,0.855429,1.0,0.0
first,grass,0.853932,1.0,0.0
first,grass,0.852877,1.5,0.0
first,wilson,0.846131,-3.5,6.0
first,grass,0.865739,2.0,1.0
first,grass,0.863548,2.0,1.0
first,grass,0.862545,3.0,2.0
first,grass,0.859429,2.0,2.0
first,grass,0.857259,1.0,1.0
first,grass,0.85505,2.0,1.0
first,grass,0.854785,0.5,1.0
first,grass,0.835379,1.5,2.0
first,wilson,0.793837,2.0,3.0
first,grass,0.854876,1.0,2.0
first,grass,0.85168,0.5,2.0
first,grass,0.845365,-1.0,3.0
first,grass,0.837041,6.0,3.0
first,wilson,0.827824,0.5,-1.0
first,grass,0.103727,57.0,60.0
first,wilson,0.85259,1.0,-3.0
first,wilson,0.820112,0.5,-1.0
first,tree_evergreen_3,0.871047,0.5,5.0
first,sapling,0.866954,1.5,1.0
first,sapling,0.860385,0.0,-2.0
first,tree_evergreen_1,0.836766,-1.5,0.0
first,tree_evergreen_2,0.826014,-1.0,-1.0
first,carrot_planted,0.796108,1.0,2.0
first,sapling,0.898743,2.5,1.0
first,tree_evergreen_3,0.877417,-1.5,1.0
first,sapling,0.851926,1.5,2.0
first,sapling,0.847864,0.0,-1.0
first,tree_evergreen_2,0.838769,3.0,2.0
first,tree_evergreen_2,0.83835,4.5,4.0
first,tree_evergreen_1,0.836572,0.0,1.0
first,tree_evergreen_1,0.833665,0.5,4.0
first,flint,0.80994,0.0,1.0
first,carrot_planted,0.774745,1.0,-1.0
first,sapling,0.876985,3.0,1.0
first,tree_evergreen_3,0.866024,-0.5,3.0
first,tree_evergreen_1,0.850767,1.5,-2.0
first,tree_evergreen_2,0.842322,5.5,-8.0
first,sapling,0.840385,1.0,6.0
first,tree_evergreen_1,0.836414,-4.0,-3.0
first,wilson,0.824377,1.5,4.0
first,flint,0.824139,0.0,1.0
first,tree_evergreen_2,0.819775,4.5,-2.0
first,sapling_picked,0.787654,0.0,2.0
first,carrot_planted,0.782431,3.0,4.0
first,flint,0.739655,0.0,7.0
first,tree_evergreen_3,0.851992,-2.0,-6.0
first,tree_evergreen_2,0.832256,0.0,-8.0
first,sapling,0.816752,3.0,1.0
first,tree_evergreen_2,0.815899,2.0,1.0
first,flint,0.807317,1.5,1.0
first,tree_evergreen_1,0.80536,2.5,-2.0
first,sapling_picked,0.786355,-0.5,-1.0
first,sapling,0.784119,1.0,2.0
first,wilson,0.778811,0.5,2.0
first,tree_evergreen_2,0.83547,-2.0,-6.0
first,grass,0.833015,-0.5,2.0
first,wilson,0.790847,1.5,12.0
first,sapling_picked,0.782207,0.5,4.0
first,sapling_picked,0.781798,3.0,2.0
first,sapling,0.772037,2.5,-3.0
first,flint,0.731392,-2.5,2.0
first,tree_evergreen_2,0.858972,-2.5,1.0
first,wilson,0.79831,-3.0,7.0
first,sapling_picked,0.796251,0.0,4.0
first,sapling_picked,0.795401,1.5,2.0
first,grass,0.776475,2.0,2.0
first,wilson,0.835635,1.0,-1.0
first,sapling_picked,0.421944,1.0,1.0
first,wilson,0.808914,-0.5,3.0
first,wilson,0.831236,-1.5,2.0
first,wilson,0.822608,-2.5,-6.0
first,wilson,0.823865,0.0,1.0
first,tree_evergreen_1,0.842652,2.0,-7.0
first,tree_evergreen_3,0.83264,1.5,1.0
first,rock1,0.814798,-1.5,-5.0
first,tree_evergreen_2,0.809847,4.0,0.0
first,wilson,0.791684,0.0,-1.0
first,grass,0.868518,1.5,0.0
first,tree_evergreen_1,0.833417,-3.5,-4.0
first,rock1,0.830281,-1.0,3.0
first,wilson,0.822543,0.5,4.0
first,tree_evergreen_3,0.820279,-2.0,-1.0
first,tree_evergreen_2,0.797574,-1.0,2.0
first,wilson,0.833588,0.5,4.0
first,tree_evergreen_1,0.827455,-1.5,-3.0
first,grass,0.806154,0.5,1.0
first,wilson,0.819929,3.0,2.0
first,sapling,0.885945,1.0,3.0
first,sapling,0.879908,-0.5,1.0
first,sapling,0.867375,1.5,1.0
first,wilson,0.826952,-0.5,4.0
first,sapling,0.875346,0.5,-1.0
first,wilson,0.820441,4.0,5.0
first,grass,0.86268,2.0,2.0
first,wilson,0.825178,2.5,2.0
first,grass,0.874375,2.0,-1.0
first,grass,0.87193,0.0,1.0
first,grass,0.86973,1.5,2.0
first,sapling,0.861489,1.0,4.0
first,wilson,0.83377,-1.0,1.0
first,grass,0.862438,3.0,0.0
first,wilson,0.851111,0.5,4.0
first,grass,0.871492,1.5,1.0
first,wilson,0.829598,-0.5,3.0
first,grass,0.873338,0.5,-3.0
first,grass,0.861954,1.5,2.0
first,wilson,0.808615,-0.5,2.0
first,grass,0.882838,1.5,1.0
first,wilson,0.806641,2.5,0.0
first,grass,0.879658,0.0,0.0
first,wilson,0.817816,3.5,0.0
first,grass,0.86948,1.5,0.0
first,grass,0.845106,2.5,0.0
first,wilson,0.822673,0.5,3.0
first,grass,0.802516,1.5,4.0
first,grass,0.873908,3.0,0.0
first,grass,0.854954,2.0,2.0
first,grass,0.853195,0.5,3.0
first,grass,0.849375,3.0,0.0
first,wilson,0.810395,1.5,-5.0
first,grass,0.881865,1.5,2.0
first,grass,0.881596,1.5,2.0
first,grass,0.87898,3.0,1.0
first,grass,0.868257,1.5,0.0
first,wilson,0.799111,3.5,3.0
first,grass,0.866787,0.0,-1.0
first,grass,0.850242,1.5,3.0
first,grass,0.817562,3.5,3.0
first,wilson,0.816477,-1.5,-1.0
first,grass,0.877,2.0,2.0
first,grass,0.871958,0.5,3.0
first,grass,0.867454,0.5,1.0
first,wilson,0.823529,-1.0,1.0
first,wilson,0.815983,-2.5,-3.0
first,grass,0.876558,1.5,2.0
first,grass,0.843552,1.5,3.0
first,wilson,0.797875,1.0,-4.0
first,grass,0.872991,0.5,2.0
first,grass,0.868986,1.5,3.0
first,grass,0.868093,3.0,1.0
first,grass,0.856076,1.0,3.0
first,rock2,0.8151,0.0,0.0
first,wilson,0.797341,-9.0,8.0
first,grass,0.870133,1.0,1.0
first,grass,0.864459,0.0,2.0
first,rock2,0.836628,-2.0,2.0
first,wilson,0.833564,1.0,7.0
first,grass,0.807479,2.0,5.0
first,tallbird,0.459654,-0.5,-25.0
first,grass,0.875296,-0.5,1.0
first,grass,0.870662,-0.5,0.0
first,grass,0.870514,0.5,2.0
first,rock2,0.864235,-0.5,-5.0
first,wilson,0.810523,0.0,-4.0
first,tallbird,0.596082,0.5,0.0
first,grass,0.884502,0.5,1.0
first,grass,0.873791,1.0,4.0
first,wilson,0.834076,-1.5,-3.0
first,sapling,0.878552,1.0,4.0
first,grass,0.872073,1.5,2.0
first,grass,0.843582,1.5,2.0
first,grass,0.838616,0.5,1.0
first,grass,0.829207,1.5,3.0
first,tree_evergreen_1,0.828861,3.5,4.0
first,grass,0.827437,1.5,3.0
first,tree_evergreen_1,0.820928,-3.0,5.0
first,tree_evergreen_1,0.816865,-1.5,0.0
first,wilson,0.807005,6.5,7.0
first,grass,0.784753,-1.0,6.0
first,tree_evergreen_3,0.18418,-2.0,2.0
first,grass,0.879217,2.0,2.0
first,grass,0.850172,0.5,1.0
first,sapling,0.839727,4.5,4.0
first,grass,0.80536,-0.5,1.0
first,wilson,0.796273,2.5,0.0
first,grass,0.727899,3.0,0.0
first,hound,0.708822,-1.0,-1.0
first,spider,0.564395,0.5,1.0
first,hound,0.19703,-40.0,-3.0
first,grass,0.880605,0.5,1.0
first,grass,0.859586,-0.5,0.0
first,grass,0.8566,0.5,2.0
first,wilson,0.811713,5.5,2.0
first,grass,0.867548,2.0,2.0
first,grass,0.861607,1.5,2.0
first,grass,0.83794,1.5,1.0
first,wilson,0.828231,0.0,-4.0
first,grass,0.880555,2.0,2.0
first,grass,0.85809,2.5,1.0
first,wilson,0.817049,1.5,6.0
first,grass,0.798536,-1.5,4.0
first,grass,0.879776,1.5,1.0
first,wilson,0.824527,4.5,5.0
first,grass,0.880105,2.0,3.0
first,wilson,0.810274,0.0,4.0
first,grass,0.882566,1.5,1.0
first,wilson,0.82001,3.5,3.0
first,grass,0.881406,0.5,4.0
first,grass,0.850669,2.0,1.0
first,sapling,0.840845,5.0,4.0
first,grass,0.829247,0.0,1.0
first,wilson,0.809596,0.5,0.0
first,hound,0.789176,3.5,15.0
first,hound,0.765272,8.0,2.0
first,spider,0.696423,3.5,5.0
first,grass,0.635806,4.0,6.0
first,grass,0.88375,1.5,1.0
first,grass,0.86699,1.0,0.0
first,grass,0.855603,1.0,2.0
first,grass,0.83455,1.5,0.0
first,grass,0.818491,1.0,1.0
first,wilson,0.813912,3.0,2.0
first,grass,0.881142,0.5,2.0
first,grass,0.857965,2.0,1.0
first,grass,0.846926,1.5,1.0
first,grass,0.828476,0.0,3.0
first,wilson,0.819544,0.0,3.0
first,grass,0.874621,0.5,3.0
first,grass,0.874588,2.0,3.0
first,grass,0.86958,1.5,2.0
first,grass,0.849892,1.5,4.0
first,grass,0.844913,0.5,4.0
first,wilson,0.826288,-3.0,5.0
first,grass,0.882274,2.0,0.0
first,grass,0.874508,1.5,1.0
first,grass,0.871202,3.0,0.0
first,wilson,0.82712,3.0,6.0
first,wilson,0.820978,-0.5,6.0
first,grass,0.885278,3.0,3.0
first,grass,0.844979,0.5,1.0
first,sapling,0.834402,1.5,1.0
first,grass,0.825456,0.5,1.0
first,hound,0.80658,2.5,-5.0
first,hound,0.739857,0.0,-4.0
first,spider,0.68477,3.0,1.0
first,grass,0.634458,2.5,6.0
first,wilson,0.63166,-4.0,1.0
first,hound,0.111698,-8.0,-5.0
first,grass,0.888494,1.5,2.0
first,grass,0.881588,1.5,2.0
first,wilson,0.813518,0.0,3.0
first,grass,0.725591,1.5,3.0
first,grass,0.876391,0.5,1.0
first,grass,0.870817,1.0,2.0
first,wilson,0.809475,-1.0,3.0
first,grass,0.869461,2.0,2.0
first,rock2,0.845752,-3.5,6.0
first,wilson,0.807002,0.0,0.0
first,flint,0.790988,0.5,3.0
first,grass,0.885137,-0.5,2.0
first,grass,0.860737,1.0,-1.0
first,grass,0.850394,2.0,1.0
first,wilson,0.824162,0.5,-2.0
first,flint,0.785498,-2.5,7.0
first,grass,0.866104,0.5,2.0
first,wilson,0.825888,3.0,3.0
first,tree_evergreen_2,0.328322,5.5,4.0
first,grass,0.875926,2.0,1.0
first,grass,0.859498,0.5,2.0
first,wilson,0.80817,0.0,3.0
first,grass,0.877308,0.5,4.0
first,grass,0.851349,2.0,3.0
first,sapling,0.84197,-0.5,2.0
first,wilson,0.829921,-0.5,6.0
first,grass,0.825345,-0.5,5.0
first,grass,0.821863,3.5,8.0
first,hound,0.755651,-0.5,6.0
first,spider,0.703934,-1.0,3.0
first,hound,0.59626,3.0,5.0
first,hound,0.224408,21.0,9.0
first,hound,0.108862,-15.5,-1.0
first,grass,0.814862,0.0,3.0
first,wilson,0.785507,-3.0,4.0
first,sapling_picked,0.752922,2.0,6.0
first,tree_evergreen_2,0.300581,-3.0,-3.0
first,wilson,0.820246,0.5,0.0
first,sapling_picked,0.709207,-1.5,4.0
first,tree_evergreen_2,0.222914,0.5,10.0
first,sapling,0.85556,1.0,2.0
first,wilson,0.818244,0.5,4.0
first,wilson,0.816733,-0.5,4.0
first,sapling_picked,0.279184,-0.5,-1.0
first,berry_bush_harvested,0.89462,3.0,6.0
first,sapling,0.878817,0.5,4.0
first,sapling,0.873319,1.0,1.0
first,grass,0.871641,1.0,0.0
first,grass,0.865973,0.5,1.0
first,grass,0.855485,0.5,2.0
first,wilson,0.815606,-1.0,-1.0
first,tree_evergreen_3,0.763505,3.0,-1.0
first,sapling_picked,0.735463,2.0,6.0
first,tree_evergreen_2,0.678762,0.0,3.0
first,berry_bush_harvested,0.886197,2.0,3.0
first,sapling,0.878749,1.5,0.0
first,grass,0.866006,1.0,5.0
first,grass,0.852813,1.5,1.0
first,sapling,0.827272,1.5,2.0
first,sapling,0.781103,4.0,7.0
first,tree_evergreen_1,0.747041,2.5,10.0
first,tree_evergreen_2,0.517248,-0.5,1.0
first,sapling,0.885564,1.0,4.0
first,grass,0.861748,0.5,2.0
first,sapling,0.852941,2.0,5.0
first,tree_evergreen_3,0.833912,0.5,6.0
first,wilson,0.808415,1.5,-2.0
first,grass,0.794671,1.0,5.0
first,sapling_picked,0.786231,1.0,3.0
first,grass_picked,0.728508,0.5,-1.0
first,sapling_picked,0.711382,1.5,3.0
first,tree_evergreen_2,0.664703,4.0,0.0
first,tree_evergreen_2,0.609398,7.0,14.0
first,grass,0.855641,1.0,-1.0
first,sapling,0.850376,1.0,2.0
first,tree_evergreen_3,0.8348,5.5,8.0
first,sapling_picked,0.785908,2.5,2.0
first,sapling_picked,0.782357,0.5,1.0
first,tree_evergreen_2,0.748993,3.5,6.0
first,grass_picked,0.726067,-1.5,2.0
first,tree_evergreen_2,0.717263,0.0,-2.0
first,grass,0.884267,1.5,-1.0
first,sapling,0.872832,0.0,1.0
first,tree_evergreen_3,0.859281,3.0,-2.0
first,grass,0.835786,-1.5,2.0
first,grass,0.821535,0.0,2.0
first,wilson,0.797754,1.0,4.0
first,grass,0.793869,-1.5,7.0
first,grass,0.693849,-2.0,-2.0
first,grass,0.401293,-33.5,0.0
first,sapling,0.871292,2.0,2.0
first,tree_evergreen_3,0.870618,4.0,-1.0
first,grass,0.86041,-0.5,7.0
first,tree_evergreen_1,0.849102,1.5,2.0
first,grass,0.841773,2.0,1.0
first,grass,0.831346,0.0,8.0
first,tree_evergreen_3,0.828575,0.5,-3.0
first,wilson,0.800202,1.5,4.0
first,grass,0.746153,3.5,2.0
first,berry_bush,0.280255,-0.5,-1.0
first,sapling,0.883991,-0.5,1.0
first,grass,0.862926,1.5,5.0
first,grass,0.849657,0.5,-2.0
first,tree_evergreen_3,0.849421,1.0,8.0
first,tree_evergreen_3,0.847322,1.5,-2.0
first,tree_evergreen_1,0.835153,0.5,-1.0
first,wilson,0.761463,3.0,4.0
first,grass,0.325533,-71.5,-62.0
first,sapling,0.894593,1.5,2.0
first,grass,0.867736,1.5,0.0
first,grass,0.849539,2.5,-1.0
first,grass,0.842866,1.5,2.0
first,tree_evergreen_3,0.821044,4.0,6.0
first,tree_evergreen_1,0.819535,1.0,1.0
first,wilson,0.750354,-2.5,2.0
first,sapling,0.887431,1.5,0.0
first,berry_bush_harvested,0.876236,1.0,3.0
first,grass,0.861775,-0.5,2.0
first,grass,0.851544,0.5,7.0
first,tree_evergreen_3,0.831523,4.0,8.0
first,tree_evergreen_1,0.825902,-0.5,3.0
first,wilson,0.803945,0.5,1.0
first,berry_bush_harvested,0.876179,2.0,2.0
first,grass,0.855625,1.0,4.0
first,grass,0.853406,-0.5,5.0
first,tree_evergreen_3,0.848912,1.5,-1.0
first,tree_evergreen_1,0.841527,2.5,-3.0
first,wilson,0.825058,1.0,1.0
first,tree_evergreen_3,0.802045,0.0,-3.0
first,sapling_picked,0.789577,0.0,2.0
first,grass,0.350598,-64.5,-57.0
first,grass,0.863247,0.5,2.0
first,tree_evergreen_3,0.86314,6.5,2.0
first,grass,0.855434,0.0,4.0
first,tree_evergreen_3,0.818433,0.0,2.0
first,tree_evergreen_1,0.817648,-2.0,3.0
first,wilson,0.804999,-4.5,3.0
first,sapling_picked,0.798017,1.0,3.0
first,grass_picked,0.766845,1.0,0.0
first,grass,0.669583,-1.0,-2.0
first,grass,0.840736,0.0,5.0
first,wilson,0.80994,-2.5,2.0
first,grass,0.872453,1.5,4.0
first,grass,0.869583,2.5,0.0
first,hound,0.865558,-0.5,-1.0
first,grass,0.862125,2.0,4.0
first,grass,0.848761,0.5,2.0
first,sapling,0.831968,2.5,3.0
first,wilson,0.81788,0.5,1.0
first,hound,0.768247,3.0,3.0
first,grass,0.879591,1.5,1.0
first,grass,0.876767,1.5,1.0
first,grass,0.876078,1.5,1.0
first,grass,0.867338,1.5,3.0
first,wilson,0.812683,1.0,3.0
first,clock_knight,0.624061,-3.0,-3.0
first,grass,0.862938,6.5,3.0
first,wilson,0.807522,-1.0,2.0
first,clock_bishop,0.741281,2.5,10.0
first,wilson,0.81708,7.0,7.0
first,flint,0.760867,-0.5,5.0
first,sapling,0.865609,0.0,-2.0
first,sapling,0.856565,2.5,1.0
first,wilson,0.804771,1.0,5.0
first,tree_evergreen_2,0.161732,9.0,5.0
first,wilson,0.800931,-0.5,8.0
first,wilson,0.814457,2.0,3.0
first,flint,0.80087,-1.5,-2.0
first,rock2,0.802234,13.5,-3.0
first,wilson,0.797905,-2.0,-6.0
first,flint,0.775958,-1.0,2.0
first,flint,0.78817,-2.0,4.0
first,flint,0.61453,-4.5,-2.0
first,flint,0.775548,2.5,3.0
first,flint,0.50557,-8.5,-9.0
first,wilson,0.559724,10.0,4.0
first,flint,0.282557,-3.0,8.0
first,wilson,0.129136,7.0,39.0
first,wilson,0.768416,-2.0,-2.0
first,wilson,0.779454,3.5,-1.0
first,grass,0.844635,4.5,3.0
first,hound,0.837706,0.0,2.0
first,wilson,0.825947,3.5,-3.0
first,hound,0.801266,1.5,4.0
first,wilson,0.792486,2.0,9.0
first,wilson,0.824432,1.5,4.0
first,wilson,0.807378,1.0,2.0
first,wilson,0.805159,1.0,-2.0
first,wilson,0.769918,-2.0,1.0
first,grass,0.865864,0.5,0.0
first,grass,0.8445,-0.5,0.0
first,grass,0.844071,1.5,6.0
first,wilson,0.814375,5.0,8.0
first,hound,0.789324,-1.0,3.0
first,hound,0.775844,-0.5,4.0
first,wilson,0.824726,0.5,1.0
first,wilson,0.827853,-2.0,-2.0
first,wilson,0.757445,1.0,1.0
first,wilson,0.786878,0.5,10.0
first,wilson,0.776532,-8.0,14.0
first,wilson,0.793924,0.0,-6.0
first,wilson,0.819968,5.5,4.0
first,wilson,0.792352,2.0,11.0
first,wilson,0.830467,1.5,-1.0
first,wilson,0.801072,0.5,7.0
first,wilson,0.834798,0.0,1.0
first,flint,0.81435,1.5,1.0
first,rock2,0.80073,4.5,-2.0
first,wilson,0.79973,0.5,-4.0
first,rock1,0.780195,6.0,0.0
first,wilson,0.794509,3.5,-2.0
first,wilson,0.755051,4.5,-1.0
first,rock2,0.752339,-1.5,5.0
first,rock2,0.793163,4.0,3.0
first,wilson,0.799693,3.0,-3.0
first,wilson,0.800642,-1.5,3.0
first,wilson,0.810839,2.0,3.0
first,wilson,0.815785,0.0,3.0
first,rock2,0.854817,0.0,6.0
first,wilson,0.783564,-0.5,0.0
first,flint,0.686129,1.0,-2.0
first,sapling,0.885407,3.0,0.0
first,grass,0.872619,0.5,2.0
first,sapling,0.863801,2.0,-2.0
first,grass,0.854923,1.5,0.0
first,grass,0.854727,0.0,1.0
first,grass,0.838802,1.5,1.0
first,grass,0.825823,-0.5,5.0
first,wilson,0.821892,-3.0,7.0
first,hound,0.771552,-0.5,6.0
first,spider,0.644221,-0.5,1.0
first,spider,0.584332,2.0,9.0
first,spider,0.322478,-10.0,6.0
first,spider,0.298667,12.5,10.0
first,hound,0.122366,18.5,10.0
first,flint,0.821929,0.5,1.0
first,wilson,0.792851,-3.5,-2.0
first,wilson,0.830135,2.5,2.0
first,flint,0.728593,3.0,0.0
first,rock2,0.851206,3.0,-1.0
first,wilson,0.8268,2.5,2.0
first,flint,0.701941,-1.5,4.0
first,rock1,0.820523,1.5,-1.0
first,wilson,0.718358,9.0,5.0
first,rock2,0.221639,-5.0,-2.0
first,rock1,0.826576,-2.5,-4.0
first,wilson,0.720152,-1.0,1.0
first,rock2,0.445069,-5.5,6.0
first,rock1,0.820602,-1.5,2.0
first,wilson,0.815902,1.5,9.0
first,rock2,0.853074,2.5,4.0
first,wilson,0.843324,-0.5,3.0
first,rock1,0.830943,4.0,6.0
first,gold_nugget,0.721892,2.0,0.0
first,rocks,0.227767,0.5,0.0
first,rock1,0.818621,2.0,6.0
first,wilson,0.813387,1.5,2.0
first,rocks,0.362022,1.5,-40.0
first,rocks,0.185248,2.5,2.0
first,rocks,0.124902,0.5,-32.0
first,rock2,0.84493,-2.5,6.0
first,wilson,0.840305,2.0,1.0
first,rock2,0.827812,1.0,1.0
first,rock1,0.825695,-1.5,2.0
first,rock1,0.823294,1.0,-7.0
first,rock2,0.819541,1.0,6.0
first,rock1,0.796662,-2.0,4.0
first,rock1,0.79387,-3.0,3.0
first,flint,0.782808,1.5,3.0
first,sapling,0.877845,1.5,4.0
first,sapling,0.876053,1.5,1.0
first,sapling,0.872113,-0.5,-3.0
first,sapling,0.871459,-0.5,4.0
first,grass,0.869886,1.5,2.0
first,grass,0.859527,1.5,6.0
first,grass,0.859265,0.5,3.0
first,grass,0.847231,-0.5,4.0
first,hound,0.815487,-1.5,4.0
first,hound,0.799688,1.5,6.0
first,wilson,0.790977,-4.0,1.0
first,spider,0.748827,-0.5,1.0
first,spider,0.484725,7.5,7.0
first,sapling,0.439553,4.5,2.0
first,wilson,0.854411,0.5,-1.0
first,rock1,0.816269,-4.0,3.0
first,rock1,0.796665,-1.0,4.0
first,flint,0.792761,1.0,1.0
first,flint,0.775436,0.5,0.0
first,rock2,0.841015,3.0,-1.0
first,rock2,0.823428,2.0,-2.0
first,rock1,0.810283,1.0,0.0
first,spider_nest1,0.806939,7.0,0.0
first,rock1,0.799027,-2.0,-1.0
first,wilson,0.792319,2.0,4.0
first,gold_nugget,0.172876,1.0,-2.0
first,rock2,0.843288,5.0,7.0
first,wilson,0.830831,1.0,5.0
first,rock2,0.819354,2.0,3.0
first,rock2,0.817521,0.0,-4.0
first,rock1,0.80767,3.5,6.0
first,rock1,0.768279,5.5,6.0
first,spider_nest1,0.696857,4.5,6.0
first,rocks,0.628263,-3.0,1.0
first,spider_nest1,0.934137,1.0,-3.0
first,rock2,0.83034,2.0,1.0
first,rock1,0.829234,1.5,1.0
first,rock1,0.820163,3.5,4.0
first,rock1,0.817501,1.5,4.0
first,wilson,0.80273,1.0,-1.0
first,rocks,0.733856,-0.5,0.0
first,rocks,0.732025,0.5,2.0
first,flint,0.698075,0.0,3.0
first,rocks,0.693644,1.5,2.0
first,gold_nugget,0.683911,1.0,4.0
first,spider_nest1,0.849587,0.0,6.0
first,wilson,0.838116,-1.0,2.0
first,spider_nest2,0.826516,5.0,1.0
first,rock1,0.819583,-1.5,0.0
first,spider_nest1,0.799836,4.0,-1.0
first,rocks,0.770818,-2.0,-1.0
first,rocks,0.758731,1.5,4.0
first,rocks,0.718985,2.5,4.0
first,rocks,0.626713,-3.0,7.0
first,gold_nugget,0.5685,-0.5,2.0
first,rock2,0.844878,0.0,1.0
first,wilson,0.83966,2.0,0.0
first,spider_nest1,0.830033,1.0,-2.0
first,rock1,0.805844,0.0,2.0
first,spider_nest2,0.77665,5.5,-8.0
first,rocks,0.731501,-2.0,0.0
first,rocks,0.712038,-1.5,1.0
first,spider_nest2,0.664966,-1.0,-3.0
first,rocks,0.664422,2.0,0.0
first,spider_nest1,0.510342,2.0,1.0
first,gold_nugget,0.115237,-3.0,6.0
first,berry_bush,0.847105,1.5,3.0
first,grass,0.836765,1.5,0.0
first,tree_evergreen_2,0.805128,0.5,2.0
first,wilson,0.804782,0.5,0.0
first,rocks,0.74467,-1.0,3.0
first,spider_nest2,0.567906,3.0,-4.0
first,wilson,0.843214,1.5,-3.0
first,tree_evergreen_1,0.825952,-0.5,-1.0
first,rock2,0.820882,-1.5,-1.0
first,gold_nugget,0.207263,2.0,2.0
first,sapling,0.868948,1.5,1.0
first,grass,0.868376,3.0,0.0
first,grass,0.86615,1.5,4.0
first,grass,0.853554,1.0,5.0
first,grass,0.843501,-1.5,14.0
first,grass,0.838011,2.0,2.0
first,grass,0.837568,0.5,2.0
first,grass,0.821241,1.0,3.0
first,wilson,0.807857,-0.5,3.0
first,hound,0.754012,-14.0,1.0
first,hound,0.7514,5.0,-15.0
first,spider,0.461804,-3.5,6.0
first,sapling,0.83771,-1.0,2.0
first,grass,0.831944,-0.5,2.0
first,grass,0.824464,-0.5,1.0
first,grass,0.822807,-3.0,10.0
first,wilson,0.811488,-2.5,5.0
first,hound,0.78578,-3.0,4.0
first,grass,0.773297,1.0,0.0
first,grass,0.755447,2.0,5.0
first,hound,0.705357,-8.5,-6.0
first,spider,0.678193,4.0,-3.0
first,spider,0.671761,0.5,-1.0
first,spider,0.351158,-10.0,5.0
first,spider,0.309399,11.5,-6.0
first,grass,0.791242,2.5,4.0
first,wilson,0.777536,4.0,11.0
first,grass,0.816271,0.0,0.0
first,grass,0.801708,3.5,8.0
first,wilson,0.800721,-2.5,2.0
first,spider,0.755799,-4.5,2.0
first,sapling,0.836797,-2.0,4.0
first,grass,0.798992,0.5,1.0
first,spider,0.753278,1.5,1.0
first,sapling,0.834147,-2.5,3.0
first,wilson,0.769225,1.5,5.0
first,wilson,0.782732,1.5,0.0
first,hound,0.525312,-2.0,5.0
first,wilson,0.816883,3.5,9.0
first,hound,0.39752,16.0,-7.0
first,wilson,0.786864,0.5,3.0
first,wilson,0.790525,-6.0,0.0
first,wilson,0.767595,-4.5,-2.0
first,hound,0.349062,-3.5,-8.0
first,wilson,0.779155,1.5,4.0
first,wilson,0.779444,-1.5,1.0
first,sapling,0.853831,-0.5,5.0
first,grass,0.820594,1.0,4.0
first,grass,0.81654,-0.5,6.0
first,hound,0.803548,-0.5,9.0
first,wilson,0.759796,2.0,1.0
first,carrot_planted,0.235331,-5.0,4.0
first,sapling,0.857954,0.5,2.0
first,grass,0.805367,-1.5,3.0
first,hound,0.8002,1.0,3.0
first,grass,0.797553,2.0,14.0
first,wilson,0.757672,2.0,7.0
first,hound,0.749279,5.5,-6.0
first,wilson,0.781865,3.5,2.0
first,grass,0.82283,0.0,4.0
first,wilson,0.768734,-5.5,4.0
first,hound,0.652189,-4.5,-2.0
first,sapling,0.451803,12.0,9.0
first,hound,0.778535,-14.5,9.0
first,hound,0.745245,0.0,6.0
first,wilson,0.618423,1.0,2.0
first,grass,0.799696,2.0,1.0
first,grass,0.79492,4.0,6.0
first,wilson,0.773811,6.0,1.0
first,grass,0.532046,5.0,21.0
first,hound,0.529823,10.0,10.0
first,hound,0.763524,-1.5,-4.0
first,wilson,0.728847,2.0,4.0
first,wilson,0.100144,-11.0,16.0
first,wilson,0.788771,-1.0,3.0
first,grass,0.782324,-1.5,-2.0
first,wilson,0.789804,-2.5,2.0
first,wilson,0.767307,2.5,2.0
first,hound,0.667742,3.5,25.0
first,hound,0.293896,-6.0,17.0
first,sapling,0.863606,0.5,-2.0
first,grass,0.825142,-1.0,3.0
first,grass,0.796513,5.0,7.0
first,hound,0.765851,-0.5,-2.0
first,wilson,0.743335,4.5,6.0
first,hound,0.736964,0.0,3.0
first,grass,0.720826,2.0,3.0
first,sapling,0.861665,1.0,1.0
first,grass,0.855836,-0.5,1.0
first,grass,0.830407,0.5,-1.0
first,grass,0.818618,-1.5,6.0
first,wilson,0.795313,1.5,0.0
first,hound,0.77372,-0.5,1.0
first,hound,0.716132,-8.5,-13.0
first,grass,0.841861,-0.5,1.0
first,grass,0.808752,0.0,3.0
first,wilson,0.788212,0.5,-1.0
first,hound,0.517177,-14.0,1.0
first,hound,0.362119,-13.0,-25.0
first,hound,0.303113,11.0,6.0
first,hound,0.271651,5.0,-9.0
first,hound,0.845975,11.0,-10.0
first,wilson,0.796499,0.5,3.0
first,grass,0.796041,6.0,1.0
first,hound,0.779294,-2.0,-12.0
first,grass,0.838657,3.0,2.0
first,hound,0.829462,-1.5,6.0
first,grass,0.828528,-1.5,7.0
first,grass,0.814645,0.0,0.0
first,wilson,0.797695,-1.5,7.0
first,hound,0.788379,2.5,6.0
first,sapling,0.616944,-3.0,4.0
first,sapling,0.215695,1.5,2.0
first,sapling,0.861028,3.5,7.0
first,grass,0.842899,0.0,7.0
first,hound,0.840519,1.5,5.0
first,grass,0.820307,2.0,2.0
first,grass,0.813937,-2.0,1.0
first,grass,0.801954,1.5,6.0
first,wilson,0.789296,0.5,4.0
first,hound,0.769634,0.5,-1.0
first,sapling,0.499022,-6.0,4.0
first,sapling,0.871165,2.5,0.0
first,hound,0.849529,-1.5,2.0
first,grass,0.846089,1.5,2.0
first,grass,0.831445,2.5,0.0
first,grass,0.824734,-1.0,0.0
first,grass,0.824508,-0.5,7.0
first,grass,0.798617,0.5,11.0
first,hound,0.769786,2.5,1.0
first,sapling,0.699516,-13.5,18.0
first,sapling,0.280595,-8.0,7.0
first,sapling,0.107067,-12.0,6.0
first,sapling,0.848014,0.5,6.0
first,grass,0.843314,-1.0,-2.0
first,grass,0.843167,0.5,2.0
first,grass,0.826017,-0.5,3.0
first,hound,0.824741,-0.5,4.0
first,grass,0.824372,3.0,1.0
first,sapling,0.818479,1.0,-5.0
first,wilson,0.80764,0.5,3.0
first,grass,0.804094,2.5,2.0
first,carrot_planted,0.79349,0.5,2.0
first,grass,0.787835,1.5,2.0
first,hound,0.75723,3.0,5.0
first,hound,0.101831,-25.0,62.0
first,sapling,0.873563,2.0,3.0
first,grass,0.843828,0.5,1.0
first,wilson,0.842961,1.5,5.0
first,grass,0.842612,1.0,1.0
first,grass,0.837513,1.5,2.0
first,grass,0.819858,-0.5,1.0
first,carrot_planted,0.80289,2.0,3.0
first,hound,0.7651,8.5,-4.0
first,hound,0.674111,-0.5,-2.0
first,sapling,0.857876,0.0,3.0
first,hound,0.856289,1.5,8.0
first,grass,0.849041,1.5,2.0
first,grass,0.839856,1.5,2.0
first,wilson,0.807365,4.0,-2.0
first,hound,0.804539,0.5,0.0
first,sapling,0.881798,1.0,2.0
first,grass,0.875555,2.0,4.0
first,grass,0.851718,1.5,2.0
first,wilson,0.829861,0.5,2.0
first,hound,0.808423,1.0,3.0
first,grass,0.796479,0.5,2.0
first,hound,0.764274,2.5,10.0
first,sapling,0.843209,1.5,1.0
first,grass,0.838534,0.5,1.0
first,wilson,0.814424,-0.5,5.0
first,grass,0.797671,3.5,1.0
first,hound,0.785624,-0.5,3.0
first,hound,0.537505,14.5,5.0
first,grass,0.871723,1.5,1.0
first,wilson,0.818454,4.0,3.0
first,hound,0.801352,-2.5,7.0
first,grass,0.773902,1.0,9.0
first,spider,0.751202,-1.5,2.0
first,hound,0.730741,-9.5,1.0
first,spider,0.714781,-4.0,1.0
first,grass,0.852916,1.5,1.0
first,sapling,0.847618,0.0,3.0
first,grass,0.843509,1.5,2.0
first,grass,0.796185,1.0,1.0
first,hound,0.781778,1.0,-5.0
first,wilson,0.778697,1.5,-1.0
first,spider,0.769935,-1.0,1.0
first,hound,0.75432,-5.5,-4.0
first,spider,0.731399,-0.5,1.0
first,sapling,0.879364,0.0,0.0
first,grass,0.867873,0.5,1.0
first,grass,0.86561,1.5,2.0
first,grass,0.855123,1.5,3.0
first,grass,0.853453,1.5,2.0
first,grass,0.85322,1.5,2.0
first,wilson,0.814809,-1.5,3.0
first,spider,0.727633,0.5,0.0
first,hound,0.713725,-5.5,17.0
first,spider,0.651492,-0.5,3.0
first,hound,0.621096,1.5,-2.0
first,grass,0.855422,1.5,0.0
first,sapling,0.854474,0.5,1.0
first,grass,0.836592,0.5,2.0
first,wilson,0.817387,-3.5,-1.0
first,hound,0.760598,6.0,4.0
first,spider,0.128687,0.0,2.0
first,grass,0.873802,1.5,2.0
first,grass,0.873237,2.0,0.0
first,grass,0.863272,3.0,0.0
first,sapling,0.863128,3.0,2.0
first,grass,0.859914,1.5,1.0
first,grass,0.849193,2.0,0.0
first,wilson,0.806607,-4.5,9.0
first,hound,0.774242,0.0,2.0
first,spider,0.762421,0.0,5.0
first,spider,0.705586,-2.5,2.0
first,hound,0.699417,-2.5,8.0
first,spider,0.106556,-62.5,-7.0
first,grass,0.854423,0.5,1.0
first,grass,0.837574,1.5,2.0
first,hound,0.826685,4.5,1.0
first,hound,0.80703,3.0,1.0
first,wilson,0.800472,-0.5,4.0
first,spider,0.749925,-0.5,2.0
first,grass,0.871658,0.5,1.0
first,grass,0.866857,1.5,0.0
first,sapling,0.856508,1.0,2.0
first,wilson,0.844086,0.0,3.0
first,hound,0.768686,0.5,-5.0
first,hound,0.753389,3.5,2.0
first,spider,0.675624,2.5,4.0
first,grass,0.868301,1.5,3.0
first,grass,0.862506,0.5,1.0
first,sapling,0.860899,-0.5,3.0
first,grass,0.852574,1.0,-1.0
first,grass,0.843943,0.5,2.0
first,wilson,0.813377,-3.0,-8.0
first,hound,0.770739,2.5,5.0
first,hound,0.724344,-1.0,-4.0
first,spider,0.699383,7.5,0.0
first,spider,0.455867,20.5,4.0
first,sapling,0.868307,3.0,4.0
first,grass,0.865132,1.5,1.0
first,grass,0.841468,0.5,2.0
first,grass,0.840928,1.0,3.0
first,grass,0.840043,1.5,1.0
first,wilson,0.810864,-1.0,2.0
first,hound,0.787916,3.5,-2.0
first,hound,0.473126,12.0,2.0
first,hound,0.308562,-18.0,-1.0
first,hound,0.223026,0.0,-10.0
first,grass,0.866828,0.0,0.0
first,grass,0.864991,1.5,-1.0
first,sapling,0.862299,2.5,4.0
first,grass,0.859243,2.5,3.0
first,grass,0.833095,0.0,2.0
first,hound,0.816403,2.5,11.0
first,wilson,0.806429,3.0,3.0
first,hound,0.785682,4.5,7.0
first,spider,0.698753,-1.0,-3.0
first,sapling,0.87989,1.5,1.0
first,grass,0.869729,1.5,1.0
first,grass,0.85337,1.5,1.0
first,grass,0.849783,0.5,1.0
first,grass,0.820789,1.5,3.0
first,spider,0.707181,0.0,1.0
first,wilson,0.69485,0.0,1.0
first,sapling,0.873397,0.5,1.0
first,grass,0.86315,0.5,2.0
first,grass,0.859198,0.5,3.0
first,grass,0.855473,1.0,2.0
first,wilson,0.767917,-6.0,-3.0
first,grass,0.705374,0.5,1.0
first,spider,0.65779,1.5,2.0
first,spider,0.245467,-9.5,8.0
first,grass,0.878664,0.5,4.0
first,sapling,0.857228,1.0,2.0
first,grass,0.853369,3.0,0.0
first,wilson,0.812704,0.5,1.0
first,grass,0.844915,2.0,-1.0
first,sapling,0.83298,4.0,2.0
first,wilson,0.807426,-2.0,2.0
first,grass,0.764258,0.5,1.0
first,spider,0.73202,-1.0,1.0
first,spider,0.711685,0.5,2.0
first,hound,0.503091,1.0,12.0
first,hound,0.476767,-12.0,-19.0
first,hound,0.323803,-9.0,10.0
first,spider,0.261569,-28.0,26.0
first,grass,0.858636,0.0,3.0
first,sapling,0.857928,0.5,3.0
first,hound,0.810849,0.5,6.0
first,wilson,0.804069,-0.5,6.0
first,grass,0.797201,1.5,0.0
first,hound,0.750746,0.5,4.0
first,grass,0.72832,0.5,7.0
first,spider,0.494475,3.0,-8.0
first,spider,0.176397,6.5,-5.0
first,grass,0.867664,0.5,3.0
first,grass,0.86319,1.5,2.0
first,sapling,0.854465,3.0,5.0
first,grass,0.848158,1.5,2.0
first,hound,0.837813,-0.5,1.0
first,wilson,0.835474,0.5,3.0
first,spider,0.821335,1.0,5.0
first,hound,0.784006,3.5,3.0
first,spider,0.760167,2.0,6.0
first,sapling,0.869539,0.5,0.0
first,grass,0.865192,0.5,4.0
first,grass,0.864461,0.5,1.0
first,grass,0.861393,1.5,1.0
first,grass,0.840619,2.0,5.0
first,grass,0.825169,0.0,6.0
first,wilson,0.821378,2.0,5.0
first,spider,0.801263,-1.5,0.0
first,hound,0.672682,-11.0,-4.0
first,spider,0.66879,3.5,-1.0
first,hound,0.578748,0.5,47.0
first,hound,0.239451,-3.5,12.0
first,spider,0.191933,12.5,10.0
first,grass,0.854049,1.5,0.0
first,sapling,0.845797,-0.5,1.0
first,wilson,0.823486,-1.0,4.0
first,spider,0.810875,-1.0,3.0
first,hound,0.74086,-6.0,-4.0
first,hound,0.523274,-10.0,-3.0
first,spider,0.331943,-7.5,-3.0
first,hound,0.298749,-22.0,-3.0
first,hound,0.191957,33.0,0.0
first,hound,0.162458,-10.0,-4.0
first,hound,0.101708,-31.0,-4.0
first,grass,0.870108,2.0,1.0
first,wilson,0.840187,1.0,2.0
first,grass,0.757828,0.5,3.0
first,hound,0.732774,-11.0,9.0
first,hound,0.710516,-4.0,7.0
first,spider,0.709633,1.0,3.0
first,spider,0.420285,-77.0,34.0
first,sapling,0.860095,1.0,2.0
first,grass,0.819218,2.0,4.0
first,wilson,0.801219,1.5,2.0
first,hound,0.709059,5.5,23.0
first,hound,0.699192,4.5,2.0
first,spider,0.684504,0.5,8.0
first,hound,0.275866,19.5,9.0
first,sapling,0.880444,1.5,3.0
first,grass,0.865702,1.0,2.0
first,grass,0.844195,1.5,3.0
first,wilson,0.787548,2.0,6.0
first,hound,0.786835,0.5,-3.0
first,hound,0.766168,3.0,0.0
first,spider,0.694235,-1.0,4.0
first,grass,0.853354,2.5,-3.0
first,sapling,0.847724,-1.0,0.0
first,grass,0.836591,1.0,4.0
first,wilson,0.787753,1.0,5.0
first,hound,0.748354,7.5,-2.0
first,grass,0.870445,1.5,2.0
first,grass,0.868439,3.0,3.0
first,sapling,0.860491,1.5,2.0
first,hound,0.85232,-0.5,0.0
first,wilson,0.823486,1.0,4.0
first,hound,0.811704,-1.5,-2.0
first,grass,0.868473,0.5,1.0
first,sapling,0.861105,1.5,1.0
first,grass,0.84438,2.0,3.0
first,wilson,0.805779,1.0,3.0
first,hound,0.771419,2.0,6.0
first,hound,0.768868,0.5,-3.0
first,sapling,0.882884,1.5,3.0
first,grass,0.871365,0.5,4.0
first,grass,0.856534,0.0,2.0
first,wilson,0.82436,-1.5,3.0
first,hound,0.668799,-2.5,10.0
first,hound,0.651784,-2.0,0.0
first,hound,0.335262,-1.0,-12.0
first,hound,0.109547,-17.0,32.0
first,grass,0.859375,0.5,0.0
first,grass,0.853034,0.5,0.0
first,sapling,0.846496,-0.5,0.0
first,wilson,0.777262,-0.5,4.0
first,hound,0.77692,4.0,-7.0
first,grass,0.855731,1.5,0.0
first,grass,0.835956,0.5,4.0
first,wilson,0.82184,-0.5,1.0
first,hound,0.781747,3.0,-1.0
first,sapling,0.852464,1.5,1.0
first,grass,0.843038,1.5,2.0
first,wilson,0.785081,-0.5,1.0
first,hound,0.71842,2.0,-3.0
first,grass,0.86894,1.0,0.0
first,grass,0.862757,2.0,1.0
first,grass,0.854735,1.0,2.0
first,wilson,0.786773,0.5,4.0
first,hound,0.647537,13.5,4.0
first,sapling,0.881739,1.0,2.0
first,grass,0.87245,0.5,-1.0
first,grass,0.867963,1.5,2.0
first,grass,0.863949,0.5,1.0
first,grass,0.847864,-0.5,3.0
first,hound,0.708142,-7.0,1.0
first,wilson,0.670175,3.0,8.0
first,grass,0.870865,1.0,2.0
first,grass,0.865612,2.0,1.0
first,grass,0.863173,0.5,0.0
first,wilson,0.831857,-1.5,6.0
first,grass,0.869795,1.0,0.0
first,wilson,0.799057,-0.5,3.0
first,wilson,0.827386,0.5,1.0
first,wilson,0.828325,0.5,1.0
first,wilson,0.784173,0.0,1.0
first,wilson,0.814206,0.5,1.0
first,wilson,0.809932,1.0,3.0
first,wilson,0.81733,0.5,0.0
first,wilson,0.84365,0.5,1.0
first,wilson,0.833402,1.0,1.0
first,wilson,0.840876,0.5,1.0
first,wilson,0.805377,-0.5,1.0
first,wilson,0.803458,0.5,1.0
first,wilson,0.814181,0.5,0.0
first,wilson,0.832395,0.5,1.0
first,wilson,0.799624,0.5,1.0
first,wilson,0.818679,0.5,0.0
first,wilson,0.779063,0.5,1.0
first,wilson,0.796304,0.0,1.0
first,wilson,0.833438,1.0,1.0
first,wilson,0.817361,0.5,0.0
first,wilson,0.794012,0.5,0.0
first,wilson,0.820987,0.5,1.0
first,wilson,0.82127,0.5,1.0
first,wilson,0.843498,0.5,0.0
first,wilson,0.839614,0.5,1.0
first,wilson,0.814915,1.0,1.0
first,wilson,0.795555,0.5,1.0
first,wilson,0.818628,0.5,1.0
first,wilson,0.788589,0.0,1.0
first,wilson,0.818511,0.5,0.0
first,wilson,0.814327,1.0,0.0
first,wilson,0.796883,1.0,0.0
first,wilson,0.787493,0.5,-1.0
first,wilson,0.806618,0.5,1.0
first,wilson,0.82187,1.0,1.0
first,wilson,0.825853,0.5,3.0
first,wilson,0.813989,1.0,1.0
first,wilson,0.80972,1.0,0.0
first,wilson,0.816015,0.0,1.0
first,wilson,0.807615,0.0,1.0
first,wilson,0.809036,0.5,1.0
first,wilson,0.778141,0.5,1.0
first,wilson,0.806212,0.5,1.0
first,wilson,0.786427,1.0,1.0
first,wilson,0.829607,0.0,1.0
first,wilson,0.838784,1.0,0.0
first,wilson,0.842432,0.0,1.0
first,wilson,0.8524,1.0,1.0
first,wilson,0.81998,0.5,2.0
first,wilson,0.822087,-0.5,1.0
first,wilson,0.804341,0.5,0.0
first,berry_bush,0.830993,0.5,1.0
first,wilson,0.794059,0.0,0.0
first,spider_nest1,0.741953,-1.0,1.0
first,berry_bush,0.483616,6.0,0.0
first,rocks,0.12897,-0.5,0.0
first,berry_bush,0.826966,1.0,0.0
first,wilson,0.8118,0.5,0.0
first,spider_nest1,0.810363,0.5,1.0
first,spider_nest1,0.891408,0.5,1.0
first,berry_bush,0.846264,0.5,1.0
first,wilson,0.804611,1.5,1.0
first,spider_nest2,0.63432,1.5,0.0
first,berry_bush,0.847596,0.5,1.0
first,wilson,0.812082,2.0,1.0
first,spider_nest1,0.786916,0.0,1.0
first,spider_nest2,0.545151,0.5,1.0
first,spider_nest1,0.872506,0.5,1.0
first,berry_bush,0.847244,1.0,2.0
first,wilson,0.815783,0.5,1.0
first,meat,0.548468,1.0,0.0
first,spider_nest1,0.850465,0.5,0.0
first,wilson,0.818687,0.0,0.0
first,berry_bush,0.806571,-1.5,2.0
first,meat,0.134597,-1.5,4.0
first,spider_nest1,0.858234,1.5,0.0
first,berry_bush,0.840855,1.0,1.0
first,wilson,0.824217,0.5,1.0
first,spider_nest2,0.275371,1.5,4.0
first,spider_nest1,0.843772,1.0,1.0
first,wilson,0.82291,0.5,1.0
first,wilson,0.795637,1.0,1.0
first,spider_nest1,0.631407,0.5,0.0
first,rocks,0.214999,-1.0,5.0
first,wilson,0.816188,1.5,1.0
first,spider_nest2,0.702019,0.5,1.0
first,wilson,0.838098,0.5,1.0
first,spider_nest2,0.690576,0.0,1.0
first,spider_nest1,0.596816,-0.5,0.0
first,rocks,0.410985,2.5,3.0
first,spider_nest3,0.816294,1.0,0.0
first,wilson,0.798763,0.5,0.0
first,rocks,0.154097,1.0,10.0
first,spider_nest3,0.809447,1.0,1.0
first,wilson,0.772092,1.5,1.0
first,meat,0.360078,2.5,2.0
first,wilson,0.826906,1.0,0.0
first,spider_nest3,0.813643,1.5,2.0
first,berry_bush,0.762621,0.5,0.0
first,berry_bush,0.38302,-3.5,-6.0
first,spider_nest2,0.353874,-4.0,4.0
first,wilson,0.837705,0.5,0.0
first,spider_nest3,0.815921,1.0,0.0
first,berry_bush,0.757334,0.0,1.0
first,spider_nest1,0.685095,0.5,1.0
first,spider_nest2,0.614687,0.5,1.0
first,berry_bush,0.589682,1.0,0.0
first,berry_bush,0.840093,0.0,1.0
first,wilson,0.820455,0.5,2.0
first,meat,0.76868,0.5,1.0
first,berry_bush,0.678498,-10.0,-3.0
first,spider_nest1,0.892861,1.0,1.0
first,wilson,0.842746,0.5,1.0
first,berry_bush,0.8256,0.5,1.0
first,berry_bush,0.686444,-0.5,0.0
first,spider_nest1,0.870813,1.5,1.0
first,wilson,0.855135,1.0,1.0
first,berry_bush,0.832926,0.0,0.0
first,wilson,0.831742,1.0,1.0
first,berry_bush,0.792383,0.5,1.0
first,spider_nest1,0.749795,0.5,2.0
first,wilson,0.829955,0.0,1.0
first,wilson,0.799826,0.0,1.0
first,spider_nest1,0.71054,1.0,1.0
first,wilson,0.79726,0.5,1.0
first,wilson,0.78979,0.5,1.0
first,wilson,0.796306,0.5,0.0
first,spider_nest1,0.878011,0.5,1.0
first,wilson,0.841649,0.0,1.0
first,berry_bush,0.672474,0.5,1.0
first,spider_nest2,0.426581,8.0,7.0
first,spider_nest1,0.925444,0.5,1.0
first,berry_bush,0.844012,0.5,1.0
first,wilson,0.826533,0.5,0.0
first,spider_nest3,0.480463,4.5,10.0
first,spider_nest2,0.256347,1.5,1.0
first,rocks,0.255909,1.5,9.0
first,spider_nest1,0.895645,1.0,1.0
first,wilson,0.840595,1.0,1.0
first,berry_bush,0.825407,1.0,1.0
first,spider_nest1,0.861206,0.5,1.0
first,berry_bush,0.827922,0.5,0.0
first,wilson,0.822691,1.0,-1.0
first,meat,0.288436,2.0,5.0
first,spider_nest1,0.874233,0.5,1.0
first,berry_bush,0.846708,1.0,0.0
first,wilson,0.843274,0.0,1.0
first,spider_nest2,0.619535,0.0,0.0
first,spider_nest1,0.874103,0.5,1.0
first,berry_bush,0.849727,0.5,-1.0
first,wilson,0.822371,0.5,1.0
first,spider_nest3,0.678579,0.0,0.0
first,spider_nest2,0.633996,0.5,1.0
first,meat,0.400064,-1.0,3.0
first,berry_bush,0.261354,0.0,-7.0
first,spider_nest1,0.88105,1.0,1.0
first,berry_bush,0.836783,0.5,1.0
first,wilson,0.82238,0.5,1.0
first,spider_nest3,0.654074,1.5,1.0
first,berry_bush,0.220464,0.0,4.0
first,spider_nest1,0.825781,1.0,1.0
first,berry_bush,0.796008,0.5,1.0
first,wilson,0.793681,0.5,1.0
first,berry_bush,0.706474,1.5,1.0
first,spider_nest3,0.687929,1.0,1.0
first,spider_nest1,0.89158,0.5,1.0
first,wilson,0.831123,0.5,1.0
first,berry_bush,0.819124,0.5,1.0
first,spider_nest3,0.704778,1.0,0.0
first,berry_bush,0.212661,-2.5,-5.0
first,meat,0.1686,-1.5,1.0
first,spider_nest1,0.887213,0.5,1.0
first,berry_bush,0.793344,0.5,1.0
first,wilson,0.778971,0.0,1.0
first,spider_nest3,0.748068,0.5,2.0
first,berry_bush,0.485019,9.5,-9.0
first,berry_bush,0.860089,0.5,1.0
first,spider_nest1,0.850071,0.5,2.0
first,wilson,0.806653,-1.0,1.0
first,berry_bush,0.761913,5.5,2.0
first,spider_nest3,0.731898,0.0,1.0
first,berry_bush,0.851285,0.5,1.0
first,wilson,0.838175,0.0,0.0
first,spider_nest1,0.791096,0.5,0.0
first,spider_nest3,0.753359,0.5,1.0
first,berry_bush,0.518396,2.5,-6.0
first,wilson,0.833132,1.0,0.0
first,berry_bush,0.82532,0.5,1.0
first,spider_nest3,0.720346,1.5,1.0
first,meat,0.598474,1.0,2.0
first,berry_bush,0.188816,5.0,14.0
first,wilson,0.816779,0.5,0.0
first,meat,0.801872,1.0,1.0
first,berry_bush,0.798502,0.5,0.0
first,spider_nest3,0.569958,1.0,1.0
first,berry_bush,0.315857,-7.0,-8.0
first,berry_bush,0.814053,0.5,0.0
first,wilson,0.805456,0.5,0.0
first,meat,0.753895,0.5,1.0
first,spider_nest3,0.69253,1.5,0.0
first,berry_bush,0.353432,-5.0,-12.0
first,berry_bush,0.849766,0.5,1.0
first,spider_nest1,0.81,0.0,1.0
first,wilson,0.787923,0.5,1.0
first,spider_nest3,0.742597,0.5,1.0
first,berry_bush,0.502962,1.5,2.0
first,spider_nest1,0.880419,0.5,1.0
first,berry_bush,0.845157,0.0,1.0
first,wilson,0.820849,0.5,1.0
first,spider_nest3,0.752605,0.5,0.0
first,meat,0.138002,1.0,3.0
first,spider_nest1,0.906959,0.5,1.0
first,berry_bush,0.839441,1.0,1.0
first,wilson,0.811729,0.5,0.0
first,spider_nest3,0.718584,1.0,1.0
first,spider_nest1,0.862759,0.5,0.0
first,berry_bush,0.851546,0.0,1.0
first,wilson,0.812265,0.0,2.0
first,spider_nest2,0.756968,1.0,1.0
first,spider_nest3,0.548142,1.0,1.0
first,spider_nest1,0.902293,0.0,0.0
first,wilson,0.856481,0.5,0.0
first,berry_bush,0.839385,1.0,1.0
first,spider_nest2,0.645322,0.5,1.0
first,spider_nest3,0.54254,1.0,0.0
first,berry_bush,0.841545,0.5,1.0
first,wilson,0.829994,0.5,1.0
first,spider_nest1,0.7811,1.0,1.0
first,berry_bush,0.768147,0.5,1.0
first,spider_nest3,0.69707,0.5,1.0
first,meat,0.286948,2.5,1.0
first,meat,0.801975,0.5,1.0
first,wilson,0.801157,0.5,1.0
first,spider_nest3,0.727215,1.0,1.0
first,berry_bush,0.342027,0.0,-5.0
first,berry_bush,0.83586,0.5,0.0
first,wilson,0.796112,0.5,1.0
first,spider_nest2,0.620424,1.0,1.0
first,spider_nest3,0.557121,2.0,1.0
first,meat,0.226462,4.0,6.0
first,berry_bush,0.811526,0.5,1.0
first,wilson,0.797534,0.0,1.0
first,meat,0.784465,1.0,1.0
first,spider_nest3,0.706371,1.0,1.0
first,spider_nest1,0.813365,0.5,1.0
first,spider_nest3,0.790152,0.0,1.0
first,wilson,0.78451,1.0,1.0
first,meat,0.638276,0.5,1.0
first,berry_bush,0.428272,-6.0,-2.0
first,berry_bush,0.837652,1.0,1.0
first,wilson,0.835483,0.0,1.0
first,spider_nest3,0.809336,0.0,1.0
first,meat,0.690364,0.0,1.0
first,spider_nest3,0.814319,1.0,1.0
first,wilson,0.785402,0.5,0.0
first,berry_bush,0.499819,-0.5,1.0
first,meat,0.260171,-0.5,1.0
first,spider_nest3,0.818599,0.5,1.0
first,wilson,0.817241,0.0,1.0
first,meat,0.76298,0.0,1.0
first,spider_nest3,0.828666,0.5,1.0
first,wilson,0.820486,0.5,2.0
first,berry_bush,0.784867,0.0,1.0
first,meat,0.655904,0.5,1.0
first,spider_nest3,0.819342,0.5,1.0
first,wilson,0.785865,0.0,0.0
first,spider_nest2,0.692446,0.5,1.0
first,rocks,0.10286,-1.0,2.0
first,spider_nest3,0.79842,1.0,1.0
first,wilson,0.784361,-1.0,0.0
first,spider_nest2,0.709562,0.5,0.0
first,meat,0.351858,-2.0,6.0
first,spider_nest3,0.815672,1.0,1.0
first,wilson,0.795676,1.5,1.0
first,spider_nest2,0.611503,0.5,0.0
first,meat,0.26636,5.5,5.0
first,wilson,0.807343,1.0,1.0
first,spider_nest3,0.776965,1.5,1.0
first,spider_nest1,0.749796,0.5,1.0
first,rocks,0.568462,1.0,0.0
first,spider_nest2,0.475742,4.0,-1.0
first,wilson,0.793679,0.0,1.0
first,spider_nest2,0.723223,0.5,2.0
first,rocks,0.35978,-3.0,1.0
first,wilson,0.829522,0.5,1.0
first,spider_nest2,0.734851,0.5,1.0
first,rocks,0.360639,1.5,5.0
first,wilson,0.84229,0.5,1.0
first,spider_nest2,0.612333,0.0,1.0
first,rocks,0.263396,2.5,5.0
first,spider_nest1,0.821076,0.5,0.0
first,wilson,0.820839,0.5,1.0
first,spider_nest2,0.711374,0.5,0.0
first,wilson,0.836616,1.0,0.0
first,spider_nest2,0.728771,0.5,1.0
first,rocks,0.700296,0.5,1.0
first,spider_nest1,0.674362,0.5,1.0
first,spider_nest1,0.885061,0.5,0.0
first,wilson,0.809629,0.5,1.0
first,spider_nest2,0.716185,-0.5,0.0
first,rocks,0.586098,0.5,1.0
first,meat,0.183632,-0.5,4.0
first,spider_nest1,0.867862,0.5,1.0
first,wilson,0.804542,0.5,2.0
first,spider_nest2,0.456041,8.5,5.0
first,berry_bush,0.847643,1.0,1.0
first,wilson,0.819436,0.5,1.0
first,meat,0.809425,0.5,1.0
first,spider_nest1,0.75918,0.5,-1.0
first,spider_nest1,0.851207,0.5,1.0
first,berry_bush,0.841767,0.0,1.0
first,wilson,0.804551,0.0,1.0
first,spider_nest2,0.719797,0.5,1.0
first,spider_nest3,0.546904,0.0,-1.0
first,spider_nest1,0.937477,0.5,0.0
first,berry_bush,0.831574,0.5,2.0
first,wilson,0.810284,0.5,1.0
first,spider_nest3,0.643636,2.0,1.0
first,spider_nest2,0.449199,-2.0,3.0
first,meat,0.117411,2.0,2.0
first,spider_nest1,0.921432,0.5,0.0
first,berry_bush,0.83408,0.5,0.0
first,wilson,0.809294,2.0,0.0
first,spider_nest3,0.602,-3.0,7.0
first,spider_nest2,0.548364,0.0,1.0
first,meat,0.444153,4.0,9.0
first,spider_nest1,0.846572,1.0,1.0
first,berry_bush,0.834522,0.5,3.0
first,wilson,0.79379,0.5,1.0
first,spider_nest2,0.757372,2.0,1.0
first,spider_nest3,0.515203,0.5,1.0
first,spider_nest1,0.873547,0.5,0.0
first,berry_bush,0.855279,0.5,1.0
first,wilson,0.820824,1.0,0.0
first,meat,0.795635,0.5,0.0
first,spider_nest2,0.716931,-0.5,1.0
first,spider_nest3,0.437235,-5.5,1.0
first,spider_nest1,0.881649,0.5,-1.0
first,berry_bush,0.85436,-0.5,1.0
first,wilson,0.810502,1.0,0.0
first,meat,0.743602,0.5,1.0
first,spider_nest2,0.633587,0.5,1.0
first,spider_nest3,0.49595,-1.0,3.0
first,wilson,0.831347,3.5,-2.0
first,frog,0.802307,-0.5,10.0
first,spider_warrior,0.761378,2.5,3.0
first,spider_warrior,0.75966,1.0,-7.0
first,frog,0.661352,-1.5,10.0
first,wilson,0.802271,-0.5,0.0
first,frog,0.798924,1.5,1.0
first,frog,0.793185,0.0,7.0
first,spider_warrior,0.769891,1.5,6.0
first,spider_warrior,0.75464,5.0,5.0
first,tallbird,0.619283,-1.0,13.0
first,wilson,0.808967,-2.0,2.0
first,tallbird,0.806224,-4.5,7.0
first,frog,0.7931,-1.0,5.0
first,frog,0.77727,1.0,1.0
first,spider_warrior,0.774435,1.5,2.0
first,spider_warrior,0.745231,-2.5,2.0
first,tallbird,0.801986,3.5,-2.0
first,wilson,0.796017,1.5,4.0
first,frog,0.778897,-2.0,3.0
first,frog,0.770764,-0.5,2.0
first,spider_warrior,0.604302,-4.0,14.0
first,tallbird,0.8136,4.5,4.0
first,frog,0.812601,0.5,3.0
first,frog,0.799695,0.0,0.0
first,wilson,0.794681,-4.0,2.0
first,spider_warrior,0.743287,-5.0,6.0
first,frog,0.841103,1.0,1.0
first,wilson,0.824298,4.0,1.0
first,frog,0.812853,0.0,0.0
first,spider_warrior,0.74656,1.0,10.0
first,wilson,0.810541,-2.5,-1.0
first,frog,0.800203,1.5,-3.0
first,frog,0.783037,-1.5,0.0
first,spider_warrior,0.745938,-4.0,6.0
first,frog,0.821998,4.0,1.0
first,wilson,0.813417,0.0,4.0
first,spider_warrior,0.76379,2.5,5.0
first,frog,0.754175,-0.5,1.0
first,tallbird,0.810688,0.0,3.0
first,wilson,0.803838,0.5,7.0
first,frog,0.77657,0.5,1.0
first,frog,0.77462,2.0,1.0
first,spider_warrior,0.738899,-2.0,1.0
first,spider_warrior,0.73302,0.0,1.0
first,wilson,0.805563,-4.0,2.0
first,frog,0.803794,0.0,4.0
first,frog,0.782624,1.5,-5.0
first,tallbird,0.779168,-1.5,0.0
first,spider_warrior,0.739931,-1.5,0.0
first,spider_warrior,0.738488,-2.0,-1.0
first,wilson,0.834787,-2.5,2.0
first,frog,0.777249,1.0,6.0
first,spider_warrior,0.765902,-1.0,6.0
first,tallbird,0.751563,-1.5,3.0
first,spider_warrior,0.709617,2.0,4.0
first,frog,0.596964,-2.5,4.0
first,frog,0.799511,0.0,4.0
first,wilson,0.794617,-1.5,7.0
first,frog,0.790984,-4.0,3.0
first,spider_warrior,0.777226,-3.5,19.0
first,tallbird,0.776635,-4.5,1.0
first,spider_warrior,0.114752,-25.5,14.0
first,wilson,0.807198,3.0,2.0
first,spider_warrior,0.773731,2.0,5.0
first,frog,0.489342,4.0,-5.0
first,tallbird,0.317181,18.5,24.0
first,frog,0.822735,0.5,-1.0
first,tallbird,0.804132,5.0,3.0
first,wilson,0.788239,2.5,2.0
first,spider_warrior,0.72582,-2.5,3.0
first,wilson,0.836199,0.5,2.0
first,tallbird,0.804514,1.0,4.0
first,frog,0.793066,1.5,4.0
first,frog,0.787939,-2.0,0.0
first,spider_warrior,0.775446,0.5,-3.0
first,spider_warrior,0.167776,-17.5,3.0
first,spider_warrior,0.820827,3.5,-1.0
first,wilson,0.817947,0.0,-3.0
first,frog,0.795274,0.0,-3.0
first,tallbird,0.794576,-1.0,3.0
first,spider_warrior,0.211863,29.5,5.0
first,wilson,0.817695,-0.5,-8.0
first,frog,0.816323,-0.5,5.0
first,tallbird,0.801203,9.0,-1.0
first,spider_warrior,0.740227,0.5,-2.0
first,tallbird,0.802132,-0.5,34.0
first,wilson,0.799473,5.5,-3.0
first,frog,0.798222,0.5,5.0
first,spider_warrior,0.705673,-0.5,0.0
first,tallbird,0.122854,-26.5,31.0
first,wilson,0.813242,4.0,3.0
first,tallbird,0.746541,-2.0,1.0
first,wilson,0.833092,-0.5,3.0
first,tallbird,0.789244,0.5,-1.0
first,spider_warrior,0.731646,0.5,0.0
first,frog,0.549679,5.0,6.0
first,wilson,0.817655,1.5,0.0
first,tallbird,0.787585,8.0,-4.0
first,spider_warrior,0.651351,2.5,7.0
first,wilson,0.823366,0.5,0.0
first,tallbird,0.793825,-3.0,6.0
first,wilson,0.817942,-1.5,5.0
first,tallbird,0.812597,2.0,-1.0
first,frog,0.770474,1.5,1.0
first,spider_warrior,0.734528,1.5,0.0
first,frog,0.817474,-1.5,0.0
first,tallbird,0.771245,2.0,7.0
first,spider_warrior,0.736625,0.5,-4.0
first,wilson,0.810421,-1.5,1.0
first,tallbird,0.784817,1.5,10.0
first,spider_warrior,0.748847,5.0,6.0
first,tallbird,0.816361,1.0,-3.0
first,frog,0.816281,-1.5,5.0
first,wilson,0.790006,-2.0,-4.0
first,spider_warrior,0.759784,-0.5,6.0
first,wilson,0.815391,3.0,2.0
first,frog,0.810876,0.5,4.0
first,tallbird,0.795857,1.5,1.0
first,spider_warrior,0.763761,2.0,4.0
first,tallbird,0.824581,3.0,-2.0
first,wilson,0.808387,5.5,17.0
first,frog,0.805061,1.0,5.0
first,spider_warrior,0.743304,11.0,-2.0
first,wilson,0.790833,1.0,-2.0
first,tallbird,0.751704,2.5,-5.0
first,tallbird,0.839527,-6.0,4.0
first,wilson,0.800978,-1.0,-7.0
first,frog,0.795037,1.5,3.0
first,spider_warrior,0.689357,-1.0,4.0
first,wilson,0.797757,0.0,4.0
first,tallbird,0.786164,0.5,5.0
first,spider_warrior,0.772005,1.5,2.0
first,frog,0.600349,2.0,-7.0
first,wilson,0.841893,2.5,-14.0
first,tallbird,0.794718,-4.0,5.0
first,frog,0.789832,2.0,-2.0
first,spider_warrior,0.760854,-1.0,4.0
first,tallbird,0.825169,-4.0,18.0
first,wilson,0.810824,2.5,-2.0
first,spider_warrior,0.784813,2.5,-2.0
first,frog,0.782748,-1.5,3.0
first,wilson,0.790661,0.0,-7.0
first,tallbird,0.776931,-2.0,7.0
first,spider_warrior,0.695206,0.0,-9.0
first,wilson,0.803442,1.5,-3.0
first,tallbird,0.794833,10.0,-4.0
first,frog,0.755218,-3.5,1.0
first,spider_warrior,0.731732,-1.5,-2.0
first,wilson,0.807116,2.0,2.0
first,frog,0.782696,3.0,1.0
first,tallbird,0.770842,11.0,-6.0
first,spider_warrior,0.754058,1.5,2.0
first,tallbird,0.287122,72.0,0.0
first,tallbird,0.258135,-39.0,9.0
first,wilson,0.780898,-2.5,1.0
first,tallbird,0.778288,6.5,-4.0
first,spider_warrior,0.734664,2.0,3.0
first,wilson,0.806996,-1.0,-1.0
first,tallbird,0.778567,-1.5,1.0
first,spider_warrior,0.709077,1.0,12.0
first,frog,0.677873,-0.5,-1.0
first,spider_warrior,0.219717,9.0,5.0
first,wilson,0.825529,2.5,-1.0
first,tallbird,0.79513,-4.5,-4.0
first,spider_warrior,0.737782,5.5,-2.0
first,frog,0.419807,1.5,-3.0
first,spider_warrior,0.81428,-7.0,-3.0
first,wilson,0.79179,0.0,6.0
first,tallbird,0.779704,-3.0,-4.0
first,frog,0.776978,2.0,-2.0
first,wilson,0.828657,0.0,-9.0
first,tallbird,0.807635,1.5,1.0
first,frog,0.768572,3.5,2.0
first,wilson,0.805896,2.5,-3.0
first,tallbird,0.785356,-5.5,14.0
first,frog,0.77034,1.5,-1.0
first,spider_warrior,0.627353,-0.5,4.0
first,frog,0.215971,-4.5,54.0
first,wilson,0.829573,-1.5,-7.0
first,tallbird,0.805116,-6.0,-3.0
first,frog,0.711512,3.0,3.0
first,spider_warrior,0.581815,-18.0,67.0
first,spider_warrior,0.384583,-2.0,12.0
first,spider_warrior,0.379489,-11.0,38.0
first,spider_warrior,0.11813,11.0,0.0
first,wilson,0.767481,-4.5,4.0
first,spider_warrior,0.736485,-0.5,4.0
first,tallbird,0.306766,2.0,-20.0
first,frog_legs,0.825555,-3.0,3.0
first,honey,0.803487,1.5,3.0
first,monster_meat,0.801461,2.5,2.0
first,meat,0.796378,-1.5,1.0
first,seeds,0.78955,1.0,4.0
first,wilson,0.788981,3.0,-3.0
first,seeds,0.778582,-2.5,-1.0
first,log,0.727441,-0.5,3.0
first,morsel,0.7196,-0.5,4.0
first,fish,0.646594,1.0,5.0
first,frog_legs,0.83857,0.5,3.0
first,honey,0.818095,-2.0,6.0
first,seeds,0.796528,-2.5,4.0
first,seeds,0.79403,1.0,1.0
first,wilson,0.792462,-1.5,0.0
first,monster_meat,0.787155,0.0,3.0
first,log,0.743369,1.5,6.0
first,morsel,0.716832,0.0,2.0
first,fish,0.68926,2.0,-6.0
first,meat,0.599511,1.5,1.0
first,frog_legs,0.827346,3.5,0.0
first,honey,0.81701,0.5,-2.0
first,spider_nest3,0.815299,7.5,-7.0
first,seeds,0.80347,-0.5,3.0
first,wilson,0.799759,1.5,-8.0
first,seeds,0.791233,1.0,0.0
first,monster_meat,0.777044,1.0,3.0
first,log,0.747415,0.5,2.0
first,morsel,0.703707,-0.5,3.0
first,fish,0.666735,1.5,0.0
first,meat,0.358772,2.5,2.0
first,frog_legs,0.81854,1.5,2.0
first,spider_nest3,0.817012,6.0,-2.0
first,meat,0.805667,1.5,1.0
first,wilson,0.792668,-0.5,-6.0
first,seeds,0.78454,1.0,-1.0
first,seeds,0.768185,-1.0,4.0
first,monster_meat,0.763436,1.5,3.0
first,honey,0.746842,-1.0,-1.0
first,log,0.744186,3.5,1.0
first,fish,0.728855,-1.0,1.0
first,morsel,0.700256,0.5,2.0
first,frog_legs,0.819363,2.0,2.0
first,spider_nest3,0.81837,5.0,-10.0
first,meat,0.796377,0.0,-1.0
first,wilson,0.794251,-1.0,-3.0
first,seeds,0.793831,-1.5,1.0
first,monster_meat,0.786345,0.5,4.0
first,seeds,0.774083,-2.0,5.0
first,log,0.736203,2.0,2.0
first,honey,0.734536,-0.5,4.0
first,fish,0.720279,0.0,0.0
first,morsel,0.704183,-1.0,4.0
first,spider_nest3,0.833065,-3.0,-3.0
first,wilson,0.814876,-3.0,-1.0
first,meat,0.798533,0.0,1.0
first,frog_legs,0.780765,1.0,4.0
first,seeds,0.780028,-0.5,2.0
first,seeds,0.773149,0.5,4.0
first,monster_meat,0.760453,1.5,-2.0
first,fish,0.750625,1.5,1.0
first,morsel,0.734113,2.0,3.0
first,log,0.710314,1.0,3.0
first,honey,0.69994,3.0,2.0
first,wilson,0.837181,0.5,3.0
first,spider_nest3,0.830863,1.0,-1.0
first,seeds,0.811367,0.5,6.0
first,monster_meat,0.797782,0.0,-1.0
first,meat,0.796365,0.5,1.0
first,frog_legs,0.782059,2.0,1.0
first,log,0.752562,3.5,-5.0
first,seeds,0.746699,-2.0,2.0
first,morsel,0.739816,1.0,0.0
first,fish,0.735017,0.5,8.0
first,honey,0.726396,2.0,4.0
first,spider_nest3,0.832255,1.5,1.0
first,wilson,0.827432,1.5,1.0
first,meat,0.812185,1.5,-1.0
first,monster_meat,0.804383,0.5,4.0
first,frog_legs,0.797475,0.0,7.0
first,seeds,0.777653,0.5,1.0
first,log,0.765536,0.0,1.0
first,seeds,0.749124,-2.5,-2.0
first,morsel,0.728771,0.0,4.0
first,honey,0.726212,-1.0,4.0
first,fish,0.704172,3.5,-2.0
first,spider_nest3,0.824204,-2.5,-5.0
first,wilson,0.822208,-1.5,8.0
first,meat,0.797888,1.0,1.0
first,seeds,0.791915,1.5,4.0
first,frog_legs,0.787564,2.0,-3.0
first,seeds,0.78422,0.5,1.0
first,monster_meat,0.781806,7.0,-2.0
first,log,0.765674,3.5,-2.0
first,morsel,0.741892,1.5,-2.0
first,honey,0.740388,-2.0,0.0
first,fish,0.725555,-1.5,3.0
first,monster_meat,0.809259,5.0,0.0
first,seeds,0.800791,4.5,3.0
first,wilson,0.800241,0.5,1.0
first,meat,0.79934,-1.5,-2.0
first,seeds,0.793962,0.5,0.0
first,frog_legs,0.789768,2.5,3.0
first,spider_nest3,0.789259,0.5,-10.0
first,log,0.77011,6.0,1.0
first,morsel,0.767328,0.5,-1.0
first,honey,0.736952,0.0,5.0
first,fish,0.709581,2.0,6.0
first,wilson,0.80735,2.0,7.0
first,frog_legs,0.800175,2.0,-2.0
first,meat,0.793108,-1.5,1.0
first,monster_meat,0.790264,2.5,3.0
first,seeds,0.783014,0.0,2.0
first,seeds,0.766729,-1.5,1.0
first,morsel,0.752523,2.0,-1.0
first,fish,0.740464,1.0,-1.0
first,log,0.7313,0.0,6.0
first,honey,0.710795,0.5,2.0
first,fish,0.118138,-12.0,10.0
first,spider_nest3,0.812771,-2.0,-5.0
first,wilson,0.806061,1.5,-1.0
first,seeds,0.79517,1.0,0.0
first,meat,0.793483,0.5,2.0
first,monster_meat,0.770863,2.5,2.0
first,fish,0.763074,2.0,-2.0
first,frog_legs,0.757778,1.5,3.0
first,honey,0.752161,2.0,6.0
first,log,0.747259,0.5,5.0
first,morsel,0.740208,1.0,2.0
first,seeds,0.70431,4.0,1.0
first,spider_nest3,0.819322,0.0,-5.0
first,wilson,0.812075,-1.0,0.0
first,seeds,0.795098,1.5,-1.0
first,frog_legs,0.794342,1.0,0.0
first,meat,0.786946,-0.5,3.0
first,seeds,0.785,2.0,1.0
first,honey,0.759127,0.5,5.0
first,fish,0.758098,1.0,5.0
first,log,0.749709,2.5,1.0
first,morsel,0.721067,2.5,1.0
first,monster_meat,0.697275,2.5,-2.0
first,spider_nest3,0.840112,15.0,-7.0
first,wilson,0.808485,1.5,4.0
first,meat,0.793799,-0.5,-1.0
first,seeds,0.773011,-1.0,5.0
first,seeds,0.770454,-2.5,-2.0
first,monster_meat,0.768004,2.0,0.0
first,honey,0.761483,-1.5,3.0
first,fish,0.756048,4.0,2.0
first,log,0.725113,2.0,-1.0
first,morsel,0.717107,1.5,-2.0
first,frog_legs,0.668448,-2.5,3.0
first,spider_nest3,0.821327,-0.5,-3.0
first,wilson,0.80579,-2.0,1.0
first,monster_meat,0.798171,2.5,-1.0
first,seeds,0.789469,1.0,-3.0
first,meat,0.786489,3.0,3.0
first,frog_legs,0.782471,1.5,3.0
first,seeds,0.781455,2.0,-4.0
first,fish,0.749974,3.0,0.0
first,honey,0.746972,1.0,2.0
first,morsel,0.743501,0.0,1.0
first,log,0.73368,0.5,1.0
first,meat,0.824812,-0.5,-2.0
first,spider_nest3,0.81434,-3.0,-5.0
first,wilson,0.81218,0.0,-6.0
first,frog_legs,0.80137,1.5,1.0
first,monster_meat,0.796432,1.5,2.0
first,fish,0.752872,6.0,3.0
first,seeds,0.750659,-7.0,1.0
first,log,0.743221,0.5,1.0
first,honey,0.740449,2.0,-2.0
first,seeds,0.680359,-1.5,4.0
first,morsel,0.665094,-0.5,1.0
first,spider_nest3,0.839307,0.5,6.0
first,wilson,0.804702,0.5,-2.0
first,log,0.77511,-0.5,6.0
first,honey,0.768469,-0.5,3.0
first,fish,0.734516,0.5,-1.0
first,spider_nest3,0.809402,-11.5,8.0
first,wilson,0.799495,-3.0,6.0
first,honey,0.241976,0.0,4.0
first,spider_nest3,0.828031,-9.0,3.0
first,wilson,0.808894,1.0,1.0
first,fish,0.755336,3.5,-2.0
first,honey,0.753109,3.0,1.0
first,seeds,0.746043,-15.5,3.0
first,log,0.729523,1.5,2.0
first,spider_nest3,0.83027,-7.5,11.0
first,wilson,0.814197,1.0,1.0
first,honey,0.761434,-3.0,5.0
first,seeds,0.760917,-1.0,2.0
first,frog_legs,0.751097,3.5,1.0
first,log,0.746401,-1.0,-1.0
first,fish,0.745606,2.0,4.0
first,seeds,0.728883,3.0,-2.0
first,spider_nest3,0.822841,3.0,14.0
first,wilson,0.813966,-3.5,10.0
first,seeds,0.801622,-6.0,4.0
first,seeds,0.76573,-3.5,3.0
first,log,0.754687,-1.0,1.0
first,fish,0.738479,0.0,-2.0
first,honey,0.709089,-2.0,1.0
first,spider_nest3,0.812748,-1.0,-4.0
first,wilson,0.803295,0.5,-2.0
first,seeds,0.774046,-2.0,1.0
first,seeds,0.772232,-7.0,5.0
first,honey,0.766888,1.5,6.0
first,fish,0.764802,1.5,-1.0
first,spider_nest3,0.828078,-3.0,3.0
first,wilson,0.800384,0.0,10.0
first,seeds,0.791843,0.0,1.0
first,seeds,0.768328,-1.5,4.0
first,honey,0.729244,1.5,2.0
first,fish,0.715171,1.0,3.0
first,spider_nest3,0.840728,-6.0,9.0
first,wilson,0.809449,-2.0,1.0
first,seeds,0.772819,-2.0,3.0
first,fish,0.749753,2.5,2.0
first,honey,0.747782,-1.0,1.0
first,seeds,0.631277,4.5,1.0
first,spider_nest3,0.825134,0.5,11.0
first,wilson,0.806749,-2.0,9.0
first,seeds,0.798059,-1.0,3.0
first,fish,0.774095,1.0,2.0
first,honey,0.755867,2.5,4.0
first,spider_nest3,0.819512,-3.0,7.0
first,wilson,0.811224,1.5,4.0
first,seeds,0.802563,-3.0,6.0
first,fish,0.75297,-5.0,5.0
first,honey,0.744504,-2.5,-2.0
first,spider_nest3,0.837415,-3.0,6.0
first,seeds,0.802608,0.0,5.0
first,wilson,0.798271,0.5,-1.0
first,fish,0.75911,2.5,0.0
first,honey,0.731295,3.5,2.0
first,wilson,0.815334,-1.5,6.0
first,seeds,0.809671,0.5,3.0
first,seeds,0.771059,1.0,3.0
first,fish,0.765951,1.5,-3.0
first,honey,0.73111,-3.0,1.0
first,wilson,0.81095,-0.5,1.0
first,seeds,0.787164,1.5,1.0
first,frog_legs,0.782486,3.0,4.0
first,seeds,0.754879,2.5,6.0
first,fish,0.738585,2.5,3.0
first,honey,0.733834,1.5,4.0
first,log,0.730708,0.0,-3.0
first,seeds,0.806358,4.0,2.0
first,wilson,0.806092,-0.5,-1.0
first,morsel,0.776762,-2.5,-2.0
first,frog_legs,0.772456,4.0,8.0
first,log,0.77072,0.5,-2.0
first,fish,0.752383,2.0,7.0
first,seeds,0.750503,-1.5,7.0
first,honey,0.731342,0.0,-3.0
first,seeds,0.809217,1.5,-2.0
first,wilson,0.798076,3.5,0.0
first,seeds,0.763878,1.5,1.0
first,frog_legs,0.759335,-1.0,-2.0
first,honey,0.759239,2.0,5.0
first,fish,0.747217,1.0,-1.0
first,log,0.735673,2.0,1.0
first,morsel,0.70383,3.5,5.0
first,wilson,0.818707,-3.5,3.0
first,frog_legs,0.777668,1.0,-2.0
first,seeds,0.766786,0.5,4.0
first,seeds,0.762518,-0.5,1.0
first,morsel,0.756987,1.0,2.0
first,honey,0.749579,0.0,-5.0
first,log,0.743764,-0.5,-9.0
first,fish,0.687922,0.0,9.0
first,seeds,0.100541,59.5,80.0
first,wilson,0.848365,-0.5,7.0
first,frog_legs,0.804711,-1.5,4.0
first,meat,0.786745,2.0,0.0
first,log,0.75926,1.0,10.0
first,seeds,0.758085,0.5,3.0
first,seeds,0.757149,0.0,5.0
first,morsel,0.754932,-1.0,3.0
first,fish,0.752643,2.0,8.0
first,honey,0.744626,-0.5,3.0
first,monster_meat,0.741837,4.0,-3.0
first,fish,0.141473,-2.0,11.0
first,seeds,0.817868,3.0,4.0
first,meat,0.811736,0.5,4.0
first,wilson,0.79876,-1.0,1.0
first,seeds,0.788171,2.0,2.0
first,frog_legs,0.783953,-0.5,2.0
first,monster_meat,0.771856,3.0,5.0
first,honey,0.737614,1.0,4.0
first,fish,0.737007,3.5,5.0
first,log,0.731143,5.0,3.0
first,morsel,0.726339,0.5,2.0
first,wilson,0.822138,0.0,-1.0
first,monster_meat,0.794237,5.0,2.0
first,frog_legs,0.789313,2.5,4.0
first,meat,0.784675,0.5,4.0
first,seeds,0.77846,0.5,1.0
first,seeds,0.76104,0.5,1.0
first,fish,0.75858,-1.5,6.0
first,morsel,0.747284,0.5,0.0
first,log,0.7227,0.0,5.0
first,fish,0.141137,-7.5,9.0
first,wilson,0.839329,2.5,3.0
first,meat,0.80913,0.0,-1.0
first,seeds,0.803144,0.0,0.0
first,monster_meat,0.788669,1.0,-1.0
first,frog_legs,0.785034,-4.5,0.0
first,seeds,0.782141,-0.5,-1.0
first,morsel,0.778726,-2.5,0.0
first,log,0.744681,-2.5,1.0
first,wilson,0.841494,4.5,8.0
first,frog_legs,0.824972,-1.5,3.0
first,meat,0.810698,1.0,4.0
first,seeds,0.795096,3.0,6.0
first,seeds,0.786659,-1.0,3.0
first,morsel,0.778936,0.5,1.0
first,log,0.767415,-1.5,3.0
first,monster_meat,0.645505,3.5,5.0
first,wilson,0.830467,1.0,7.0
first,seeds,0.796211,0.5,3.0
first,frog_legs,0.789743,0.5,5.0
first,morsel,0.77252,0.5,5.0
first,meat,0.768237,4.0,1.0
first,log,0.749701,-5.0,-1.0
first,monster_meat,0.407021,2.5,-1.0
first,wilson,0.838296,3.5,4.0
first,meat,0.803505,-0.5,1.0
first,frog_legs,0.777977,1.5,8.0
first,seeds,0.761104,-3.5,1.0
first,log,0.748805,3.5,0.0
first,morsel,0.726474,2.0,4.0
first,wilson,0.823413,2.5,2.0
first,monster_meat,0.81038,3.5,-4.0
first,frog_legs,0.7942,-1.5,2.0
first,seeds,0.78729,-1.0,-2.0
first,morsel,0.771342,0.0,-1.0
first,log,0.747634,1.0,0.0
first,meat,0.562956,4.5,5.0
first,wilson,0.827289,3.5,2.0
first,morsel,0.805315,1.5,-3.0
first,meat,0.804285,0.0,1.0
first,frog_legs,0.788139,0.5,2.0
first,log,0.767744,-1.0,0.0
first,seeds,0.764875,1.0,5.0
first,monster_meat,0.399998,7.0,3.0
first,wilson,0.799298,0.0,7.0
first,morsel,0.788132,0.0,1.0
first,frog_legs,0.786614,1.5,2.0
first,meat,0.78364,-0.5,3.0
first,log,0.756444,-3.5,3.0
first,seeds,0.729489,-2.5,0.0
first,monster_meat,0.722816,3.5,5.0
first,meat,0.805076,1.5,4.0
first,wilson,0.80244,0.0,-1.0
first,morsel,0.786434,-5.0,0.0
first,log,0.784964,1.0,4.0
first,monster_meat,0.783838,3.0,1.0
first,frog_legs,0.774778,-0.5,0.0
first,seeds,0.744352,4.5,0.0
first,meat,0.816719,-2.5,0.0
first,seeds,0.803668,-1.0,6.0
first,monster_meat,0.793486,2.0,3.0
first,wilson,0.790214,-2.5,4.0
first,frog_legs,0.78258,1.0,-4.0
first,log,0.749618,2.0,1.0
first,seeds,0.749159,-1.0,4.0
first,seeds,0.819456,0.5,3.0
first,frog_legs,0.814488,-0.5,4.0
first,wilson,0.808194,2.0,3.0
first,monster_meat,0.807341,-0.5,0.0
first,meat,0.794268,1.0,1.0
first,morsel,0.774682,2.0,-2.0
first,log,0.757272,-1.5,1.0
first,fish,0.753093,0.0,9.0
first,meat,0.820985,2.5,-1.0
first,monster_meat,0.80053,-0.5,3.0
first,log,0.796767,2.0,2.0
first,morsel,0.793576,2.0,1.0
first,wilson,0.785988,2.5,4.0
first,seeds,0.783272,-0.5,-1.0
first,seeds,0.767597,5.0,1.0
first,frog_legs,0.737242,-4.0,2.0
first,fish,0.714625,1.0,1.0
first,wilson,0.805894,-2.0,6.0
first,honey,0.767601,-2.5,2.0
first,seeds,0.763408,1.0,2.0
first,log,0.762987,3.0,-1.0
first,frog_legs,0.754455,-2.0,3.0
first,morsel,0.745033,0.0,4.0
first,fish,0.735789,-1.5,-2.0
first,wilson,0.8059,2.0,3.0
first,frog_legs,0.799457,1.5,9.0
first,seeds,0.79302,2.0,7.0
first,seeds,0.770788,3.5,-2.0
first,log,0.759957,2.5,8.0
first,fish,0.754893,3.0,9.0
first,honey,0.738942,-2.5,0.0
first,seeds,0.821976,5.5,2.0
first,wilson,0.803742,-3.0,5.0
first,frog_legs,0.792585,-1.0,7.0
first,seeds,0.785633,-1.5,0.0
first,honey,0.769219,1.0,-1.0
first,fish,0.745827,1.5,0.0
first,log,0.728813,0.5,8.0
first,wilson,0.811354,2.0,5.0
first,seeds,0.789792,-2.5,3.0
first,seeds,0.760854,-1.5,6.0
first,log,0.754805,-2.5,-1.0
first,frog_legs,0.749166,2.5,7.0
first,honey,0.726191,-3.5,8.0
first,fish,0.722283,-1.5,6.0
first,frog_legs,0.80658,0.5,3.0
first,wilson,0.797995,1.5,0.0
first,seeds,0.789466,-2.0,2.0
first,seeds,0.784113,2.0,-1.0
first,log,0.782047,5.0,5.0
first,morsel,0.760238,0.5,1.0
first,fish,0.742843,3.0,4.0
first,honey,0.728032,0.0,3.0
first,spider_nest3,0.833175,4.0,7.0
first,wilson,0.795288,0.5,9.0
first,frog_legs,0.788873,-2.0,0.0
first,seeds,0.786894,1.5,-1.0
first,monster_meat,0.78246,2.5,6.0
first,seeds,0.774158,2.0,4.0
first,fish,0.761947,3.0,4.0
first,log,0.752508,2.0,0.0
first,morsel,0.733431,-1.0,3.0
first,honey,0.726855,4.0,4.0
first,fish,0.151206,-2.0,8.0
first,meat,0.835632,-2.5,3.0
first,spider_nest3,0.827373,4.5,4.0
first,monster_meat,0.809909,2.5,6.0
first,frog_legs,0.799045,4.0,0.0
first,wilson,0.794945,2.5,-5.0
first,morsel,0.733911,-0.5,5.0
first,log,0.728953,2.5,-2.0
first,fish,0.721818,3.0,6.0
first,seeds,0.71906,-3.5,1.0
first,honey,0.691284,0.5,7.0
first,seeds,0.64728,-2.0,4.0
first,wilson,0.827877,2.0,3.0
first,meat,0.822043,-0.5,1.0
first,spider_nest3,0.818285,-1.5,6.0
first,monster_meat,0.784644,1.0,1.0
first,frog_legs,0.783317,0.5,7.0
first,seeds,0.772182,-2.0,5.0
first,log,0.752273,3.0,0.0
first,seeds,0.739377,-1.0,4.0
first,honey,0.716905,1.5,-5.0
first,fish,0.71688,2.5,5.0
first,morsel,0.697971,-2.0,0.0
first,wilson,0.831534,-1.0,2.0
first,spider_nest3,0.821498,6.5,4.0
first,meat,0.80422,1.0,-2.0
first,monster_meat,0.790254,-1.0,2.0
first,seeds,0.787494,-3.0,6.0
first,frog_legs,0.778488,-2.5,1.0
first,seeds,0.749591,1.0,0.0
first,log,0.738924,1.5,0.0
first,fish,0.719794,-2.5,1.0
first,morsel,0.703395,1.5,-3.0
first,honey,0.689401,-1.0,0.0
first,spider_nest3,0.830954,4.5,-14.0
first,meat,0.80881,2.0,-1.0
first,monster_meat,0.803265,-1.0,1.0
first,wilson,0.802092,-1.5,1.0
first,seeds,0.78648,4.0,0.0
first,frog_legs,0.777322,0.0,4.0
first,seeds,0.77688,2.5,0.0
first,fish,0.747199,1.5,6.0
first,honey,0.730375,1.5,0.0
first,log,0.722916,5.5,1.0
first,morsel,0.696198,2.5,4.0
first,fish,0.131047,-8.5,19.0
first,spider_nest3,0.833373,2.0,-3.0
first,seeds,0.824471,4.0,3.0
first,monster_meat,0.795715,1.5,1.0
first,wilson,0.794024,0.0,-6.0
first,frog_legs,0.78822,-1.0,0.0
first,meat,0.774511,1.0,2.0
first,morsel,0.752253,3.5,6.0
first,fish,0.740241,-1.0,4.0
first,log,0.739991,0.5,-3.0
first,honey,0.717823,1.0,3.0
first,seeds,0.686373,-0.5,1.0
first,fish,0.10197,-2.0,7.0
first,spider_nest3,0.848545,-3.5,-2.0
first,meat,0.818907,5.0,1.0
first,frog_legs,0.801092,3.0,3.0
first,wilson,0.800903,0.0,2.0
first,monster_meat,0.797818,0.5,0.0
first,seeds,0.77702,2.0,0.0
first,seeds,0.766347,0.5,4.0
first,log,0.741251,0.0,2.0
first,morsel,0.738015,0.0,-2.0
first,fish,0.721656,0.5,1.0
first,honey,0.712499,1.5,-1.0
first,spider_nest3,0.825328,-6.0,-1.0
first,meat,0.80815,3.0,3.0
first,wilson,0.800474,0.5,4.0
first,monster_meat,0.783342,1.5,1.0
first,frog_legs,0.776937,-0.5,1.0
first,honey,0.758731,3.0,4.0
first,seeds,0.758566,2.0,-1.0
first,morsel,0.756687,-1.0,0.0
first,fish,0.752193,0.5,3.0
first,seeds,0.731688,1.5,3.0
first,log,0.726392,4.0,1.0
first,spider_nest3,0.829523,-2.0,4.0
first,wilson,0.813847,2.0,4.0
first,frog_legs,0.79823,-0.5,-1.0
first,monster_meat,0.790955,0.0,2.0
first,log,0.783615,-1.5,6.0
first,meat,0.778585,0.0,3.0
first,seeds,0.770196,-2.0,4.0
first,seeds,0.767514,0.5,-1.0
first,fish,0.738236,1.0,-1.0
first,honey,0.730799,2.0,7.0
first,morsel,0.709795,2.0,0.0
first,spider_nest3,0.837451,-5.5,7.0
first,wilson,0.816044,-1.5,5.0
first,meat,0.806851,-1.5,0.0
first,frog_legs,0.780355,3.0,-1.0
first,monster_meat,0.779319,4.0,-1.0
first,seeds,0.772037,1.0,0.0
first,seeds,0.761226,2.5,-3.0
first,fish,0.741287,0.5,4.0
first,log,0.736598,2.0,1.0
first,honey,0.710843,1.0,-1.0
first,morsel,0.6988,0.0,6.0
first,wilson,0.828245,0.0,-1.0
first,spider_nest3,0.821429,-3.0,8.0
first,meat,0.820276,0.0,2.0
first,seeds,0.778795,-0.5,0.0
first,monster_meat,0.773837,3.5,2.0
first,log,0.762213,-2.0,-3.0
first,honey,0.755706,1.0,0.0
first,frog_legs,0.751983,1.5,4.0
first,seeds,0.742636,2.0,3.0
first,fish,0.742393,1.0,4.0
first,morsel,0.711609,3.0,1.0
first,spider_nest3,0.842893,0.0,-5.0
first,wilson,0.830455,0.5,-6.0
first,monster_meat,0.807245,6.0,5.0
first,meat,0.805822,1.0,-2.0
first,seeds,0.796206,-1.5,-2.0
first,frog_legs,0.760491,-3.5,2.0
first,fish,0.740759,0.0,-1.0
first,morsel,0.740697,0.5,2.0
first,honey,0.73917,-0.5,2.0
first,log,0.738225,-4.5,-3.0
first,seeds,0.737497,2.5,-1.0
first,spider_nest3,0.831041,-1.0,1.0
first,meat,0.817402,1.0,1.0
first,morsel,0.793503,-2.0,5.0
first,frog_legs,0.793335,-0.5,1.0
first,wilson,0.792557,2.5,3.0
first,monster_meat,0.77443,2.5,6.0
first,seeds,0.757511,1.0,2.0
first,fish,0.755293,0.0,4.0
first,honey,0.749945,0.0,3.0
first,seeds,0.749654,-1.0,0.0
first,log,0.734974,1.5,4.0
first,spider_nest3,0.833443,-12.0,-3.0
first,wilson,0.807504,-2.5,7.0
first,monster_meat,0.807374,2.5,3.0
first,meat,0.80244,2.5,0.0
first,frog_legs,0.796674,1.5,1.0
first,seeds,0.788033,4.5,2.0
first,morsel,0.772745,-0.5,4.0
first,seeds,0.755284,2.0,5.0
first,fish,0.743186,1.5,2.0
first,log,0.725028,2.0,0.0
first,honey,0.723049,4.5,1.0
first,fish,0.120617,-8.5,8.0
first,spider_nest3,0.833514,-7.0,-4.0
first,wilson,0.820827,0.0,0.0
first,seeds,0.811978,1.5,4.0
first,meat,0.795025,1.0,4.0
first,monster_meat,0.793113,3.0,5.0
first,frog_legs,0.775257,4.0,10.0
first,fish,0.752013,7.0,2.0
first,honey,0.742821,3.0,10.0
first,log,0.725161,2.0,7.0
first,morsel,0.712246,0.5,6.0
first,seeds,0.704543,0.0,2.0
first,fish,0.212556,2.0,6.0
first,spider_nest3,0.828802,0.5,3.0
first,wilson,0.82103,4.0,2.0
first,meat,0.808268,1.5,3.0
first,frog_legs,0.803228,0.5,3.0
first,seeds,0.784075,-1.5,2.0
first,monster_meat,0.77978,1.0,5.0
first,fish,0.753665,6.5,-1.0
first,seeds,0.738524,3.0,-4.0
first,honey,0.730254,0.5,12.0
first,log,0.730077,3.5,8.0
first,morsel,0.697757,1.5,4.0
first,wilson,0.842227,-1.5,-3.0
first,meat,0.816203,2.0,0.0
first,frog_legs,0.799012,2.0,0.0
first,monster_meat,0.796352,2.0,3.0
first,seeds,0.782726,0.5,6.0
first,seeds,0.780905,1.0,1.0
first,fish,0.759,6.0,7.0
first,honey,0.741083,1.0,4.0
first,log,0.733724,1.0,2.0
first,morsel,0.724042,-0.5,1.0
first,fish,0.201193,2.0,12.0
first,monster_meat,0.817412,-0.5,0.0
first,wilson,0.800559,0.0,16.0
first,frog_legs,0.800092,0.0,-2.0
first,seeds,0.776839,1.5,1.0
first,honey,0.763223,-1.0,3.0
first,meat,0.755926,2.0,2.0
first,fish,0.75315,5.0,1.0
first,log,0.746387,0.5,5.0
first,seeds,0.741315,2.5,3.0
first,morsel,0.70124,0.0,2.0
first,seeds,0.815015,4.5,3.0
first,monster_meat,0.794553,2.5,3.0
first,wilson,0.793541,-3.5,6.0
first,frog_legs,0.780594,7.5,-1.0
first,meat,0.764772,-1.0,-2.0
first,honey,0.76471,4.5,2.0
first,seeds,0.764684,-0.5,1.0
first,fish,0.753866,9.0,2.0
first,morsel,0.749539,0.0,4.0
first,log,0.738215,3.0,4.0
first,wilson,0.808115,2.5,-2.0
first,merm,0.799024,1.0,-3.0
first,clock_rook,0.79585,4.0,16.0
first,clock_bishop,0.783803,-0.5,3.0
first,tree_evergreen_4,0.763291,17.5,13.0
first,clock_knight,0.711233,-1.0,-5.0
first,merm,0.817963,-3.0,1.0
first,wilson,0.811111,3.0,-3.0
first,clock_rook,0.795442,0.0,4.0
first,tree_evergreen_4,0.777404,7.0,20.0
first,clock_knight,0.768468,1.5,-6.0
first,wilson,0.809694,4.0,3.0
first,clock_rook,0.802491,3.5,2.0
first,tree_evergreen_4,0.802486,1.0,14.0
first,merm,0.791169,-1.0,-6.0
first,clock_knight,0.755891,2.5,10.0
first,clock_rook,0.797347,-2.5,3.0
first,clock_knight,0.789623,2.5,3.0
first,wilson,0.781917,3.0,-5.0
first,tree_evergreen_4,0.744581,0.5,6.0
first,wilson,0.805296,3.0,6.0
first,clock_rook,0.795211,2.0,5.0
first,clock_knight,0.745026,1.0,-2.0
first,tree_evergreen_4,0.74233,10.5,-3.0
first,tree_evergreen_4,0.114018,-6.5,-5.0
first,tree_evergreen_4,0.807841,2.5,5.0
first,wilson,0.798165,-0.5,3.0
first,clock_rook,0.786543,1.0,-3.0
first,clock_knight,0.762744,2.0,2.0
first,tree_evergreen_4,0.814898,9.0,-8.0
first,wilson,0.810154,1.0,-2.0
first,clock_rook,0.791425,1.0,-1.0
first,clock_knight,0.776238,1.0,3.0
first,tree_evergreen_4,0.825478,-2.5,-11.0
first,wilson,0.825259,4.5,4.0
first,clock_rook,0.796749,-1.5,12.0
first,clock_knight,0.773017,3.0,4.0
first,wilson,0.836344,2.0,9.0
first,clock_rook,0.784238,-3.5,3.0
first,clock_knight,0.760259,2.0,-5.0
first,merm,0.758121,3.5,7.0
first,tree_evergreen_4,0.736026,-2.0,-9.0
first,tree_evergreen_4,0.827499,-2.5,-1.0
first,wilson,0.815693,-2.0,-11.0
first,clock_knight,0.801691,-0.5,2.0
first,clock_rook,0.796632,1.5,-4.0
first,merm,0.762482,-2.5,2.0
first,tree_evergreen_4,0.846927,-2.5,-10.0
first,wilson,0.827828,-3.5,-2.0
first,merm,0.799246,1.0,1.0
first,clock_bishop,0.783965,2.5,-5.0
first,clock_knight,0.778899,1.5,-2.0
first,tree_evergreen_4,0.849627,0.5,-2.0
first,wilson,0.833297,-4.0,-6.0
first,merm,0.79487,-0.5,-1.0
first,clock_bishop,0.793744,-3.5,-1.0
first,clock_knight,0.781547,2.5,0.0
first,wilson,0.803818,-1.5,2.0
first,merm,0.802148,2.0,7.0
first,clock_rook,0.789188,3.0,20.0
first,clock_bishop,0.823462,-0.5,1.0
first,clock_rook,0.80609,4.5,17.0
first,merm,0.803754,-2.5,12.0
first,wilson,0.796529,-1.0,14.0
first,tree_evergreen_4,0.870665,2.0,-2.0
first,wilson,0.820244,-5.0,0.0
first,clock_bishop,0.810351,-2.5,0.0
first,clock_knight,0.778833,-1.5,5.0
first,clock_rook,0.77485,0.0,0.0
first,merm,0.768543,0.5,-6.0
first,tree_evergreen_4,0.853063,1.5,1.0
first,wilson,0.828824,2.5,-2.0
first,clock_bishop,0.811897,-2.5,8.0
first,merm,0.788922,-2.5,-1.0
first,clock_rook,0.78666,5.0,5.0
first,clock_knight,0.778899,1.5,3.0
first,wilson,0.823698,1.0,-7.0
first,merm,0.820163,3.0,-4.0
first,clock_bishop,0.81594,-4.0,4.0
first,clock_knight,0.77222,1.0,-4.0
first,clock_rook,0.758528,0.0,10.0
first,wilson,0.83569,0.0,-3.0
first,merm,0.82359,4.0,-1.0
first,clock_knight,0.816966,2.5,1.0
first,clock_rook,0.780491,1.0,3.0
first,clock_bishop,0.776409,-2.0,7.0
first,wilson,0.793373,-1.0,-14.0
first,clock_knight,0.76906,1.0,0.0
first,clock_rook,0.766494,-6.5,14.0
first,tree_evergreen_4,0.824301,9.0,4.0
first,clock_rook,0.793927,-5.0,5.0
first,wilson,0.793407,-3.5,5.0
first,clock_knight,0.756056,6.0,-2.0
first,merm,0.644908,-4.0,35.0
first,tree_evergreen_4,0.844336,3.0,-3.0
first,clock_knight,0.820465,-3.5,-1.0
first,wilson,0.794624,3.0,-2.0
first,clock_rook,0.788885,1.0,6.0
first,merm,0.765717,-4.0,-1.0
first,tree_evergreen_4,0.837306,-2.5,6.0
first,wilson,0.81473,1.0,4.0
first,merm,0.800946,1.0,2.0
first,clock_rook,0.775582,-4.0,8.0
first,tree_evergreen_4,0.816195,1.0,-2.0
first,wilson,0.799525,0.0,-2.0
first,clock_knight,0.75639,1.5,-10.0
first,tree_evergreen_4,0.81641,-1.5,-4.0
first,wilson,0.810016,0.5,1.0
first,clock_knight,0.785463,4.5,1.0
first,wilson,0.837408,2.5,0.0
first,merm,0.820289,0.0,0.0
first,tree_evergreen_4,0.817224,4.0,1.0
first,clock_knight,0.749,-0.5,12.0
first,wilson,0.836312,-1.0,-4.0
first,tree_evergreen_4,0.829992,1.5,-3.0
first,merm,0.823096,0.5,-3.0
first,clock_knight,0.683325,-5.5,17.0
first,clock_knight,0.569602,-42.5,26.0
first,clock_knight,0.568908,1.5,11.0
first,tree_evergreen_4,0.824063,-0.5,2.0
first,clock_knight,0.807904,0.5,1.0
first,wilson,0.807012,1.0,-7.0
first,merm,0.797241,1.0,5.0
first,clock_knight,0.802511,1.0,-3.0
first,wilson,0.796236,0.5,0.0
first,merm,0.791822,2.5,1.0
first,wilson,0.843329,0.5,-2.0
first,merm,0.822903,-2.0,2.0
first,wilson,0.812326,1.0,-1.0
first,clock_knight,0.789486,0.0,-4.0
first,merm,0.783443,-4.0,7.0
first,clock_knight,0.16305,-35.0,-6.0
first,merm,0.828795,8.0,3.0
first,wilson,0.82438,5.5,0.0
first,clock_knight,0.774743,1.0,-3.0
first,wilson,0.83925,3.0,-1.0
first,tree_evergreen_4,0.819152,-9.0,-6.0
first,merm,0.816267,3.0,6.0
first,clock_knight,0.815451,1.0,10.0
first,merm,0.851662,4.0,0.0
first,wilson,0.831819,2.5,0.0
first,clock_rook,0.798078,1.5,-3.0
first,clock_knight,0.756156,-1.0,0.0
first,tree_evergreen_4,0.832149,2.0,3.0
first,wilson,0.818047,-1.5,0.0
first,merm,0.787796,8.5,-4.0
first,clock_knight,0.700934,0.0,8.0
first,tree_evergreen_4,0.823005,0.5,3.0
first,wilson,0.810739,-3.5,2.0
first,merm,0.793907,1.0,8.0
first,clock_knight,0.723968,-6.0,2.0
first,tree_evergreen_4,0.84067,-6.0,-4.0
first,clock_knight,0.804074,-1.0,11.0
first,wilson,0.802915,-1.5,5.0
first,merm,0.781843,-5.0,-4.0
first,tree_evergreen_4,0.845592,-3.0,-1.0
first,wilson,0.824026,0.5,3.0
first,clock_knight,0.785761,3.0,4.0
first,tree_evergreen_4,0.822471,2.5,4.0
first,wilson,0.819346,-0.5,2.0
first,clock_knight,0.748684,0.0,3.0
first,tree_evergreen_4,0.856722,0.0,1.0
first,wilson,0.801804,4.5,3.0
first,clock_knight,0.779559,1.5,0.0
first,wilson,0.844999,2.0,10.0
first,tree_evergreen_4,0.838392,2.5,5.0
first,clock_knight,0.788213,1.5,4.0
first,tree_evergreen_4,0.849861,3.5,2.0
first,wilson,0.812843,6.5,6.0
first,clock_bishop,0.80768,4.5,4.0
first,tree_evergreen_4,0.8628,4.0,1.0
first,wilson,0.805703,6.5,4.0
first,clock_bishop,0.7939,1.5,5.0
first,clock_knight,0.806559,1.0,10.0
first,wilson,0.803694,-1.0,6.0
first,clock_bishop,0.797508,-2.5,8.0
first,tree_evergreen_4,0.844138,1.5,4.0
first,wilson,0.815355,-2.5,11.0
first,clock_knight,0.795583,-2.0,14.0
first,clock_bishop,0.786845,0.0,-2.0
first,tree_evergreen_4,0.832651,4.5,11.0
first,wilson,0.805515,-3.5,3.0
first,clock_knight,0.77298,-1.5,2.0
first,clock_bishop,0.762328,0.0,8.0
first,tree_evergreen_4,0.839574,4.5,12.0
first,wilson,0.813667,3.0,6.0
first,clock_knight,0.780978,1.0,1.0
first,clock_bishop,0.725747,2.0,8.0
first,wilson,0.826873,2.0,-2.0
first,tree_evergreen_4,0.794766,14.0,-8.0
first,tree_evergreen_4,0.805941,-0.5,8.0
first,wilson,0.805736,-0.5,-2.0
first,clock_knight,0.265578,-2.0,-4.0
first,tree_evergreen_4,0.849903,3.0,10.0
first,clock_knight,0.797816,-1.5,-4.0
first,wilson,0.797041,-1.5,10.0
first,clock_rook,0.795717,6.0,-4.0
first,tree_evergreen_4,0.844275,-2.5,-2.0
first,wilson,0.829419,-2.0,-2.0
first,clock_rook,0.763357,-5.5,7.0
first,clock_knight,0.760754,6.0,8.0
first,tree_evergreen_4,0.833922,-1.5,-3.0
first,wilson,0.813319,0.5,9.0
first,clock_bishop,0.789755,0.0,5.0
first,clock_rook,0.780852,-2.0,9.0
first,clock_knight,0.624674,0.5,1.0
first,tree_evergreen_4,0.82014,7.0,-1.0
first,clock_bishop,0.819883,-3.5,7.0
first,wilson,0.815518,4.0,4.0
first,clock_knight,0.798684,0.5,6.0
first,wilson,0.843831,-4.0,2.0
first,clock_knight,0.824723,0.5,13.0
first,tree_evergreen_4,0.804464,6.0,4.0
first,clock_bishop,0.795295,0.5,3.0
first,clock_rook,0.772779,-3.0,-1.0
first,clock_bishop,0.822378,-4.0,8.0
first,wilson,0.807602,-3.5,-3.0
first,clock_rook,0.785332,0.0,1.0
first,clock_knight,0.742283,-2.5,-5.0
first,clock_knight,0.817503,-3.5,-3.0
first,wilson,0.813376,1.5,-2.0
first,clock_bishop,0.763978,-1.0,-3.0
first,clock_knight,0.817691,-1.0,19.0
first,clock_bishop,0.803855,4.5,3.0
first,clock_rook,0.803744,-4.0,12.0
first,wilson,0.797591,3.5,8.0
first,clock_knight,0.836164,0.5,3.0
first,tree_evergreen_4,0.825539,2.0,6.0
first,wilson,0.820178,-1.0,2.0
first,clock_rook,0.811901,5.5,2.0
first,wilson,0.804914,4.5,3.0
first,clock_knight,0.780413,0.5,4.0
first,tree_evergreen_4,0.775446,2.5,-1.0
first,clock_bishop,0.736365,3.0,0.0
first,tree_evergreen_4,0.814169,6.0,-3.0
first,clock_bishop,0.79241,-3.5,-2.0
first,clock_knight,0.785359,0.0,2.0
first,tree_evergreen_4,0.848635,5.0,15.0
first,wilson,0.832991,-0.5,2.0
first,clock_bishop,0.820331,-2.5,-8.0
first,clock_knight,0.782643,-3.5,3.0
first,wilson,0.826124,5.0,9.0
first,tree_evergreen_4,0.79876,5.5,7.0
first,clock_rook,0.783385,-1.0,0.0
first,tree_evergreen_4,0.862463,3.5,2.0
first,wilson,0.819425,5.5,7.0
first,clock_bishop,0.814189,4.5,-4.0
first,clock_rook,0.80967,2.0,13.0
first,wilson,0.839625,2.5,8.0
first,clock_bishop,0.80301,0.5,-1.0
first,tree_evergreen_4,0.767495,-6.5,-2.0
first,clock_rook,0.540171,38.5,-5.0
first,clock_rook,0.481175,0.5,-4.0
first,tree_evergreen_4,0.252719,51.5,0.0
first,wilson,0.834727,1.5,2.0
first,clock_bishop,0.780649,3.5,6.0
first,clock_rook,0.749016,3.5,-8.0
first,clock_rook,0.198875,-35.5,-6.0
first,tree_evergreen_4,0.848305,1.5,6.0
first,wilson,0.81382,2.0,-1.0
first,clock_rook,0.801443,0.5,-4.0
first,tree_evergreen_4,0.854131,9.5,8.0
first,wilson,0.812612,2.0,-4.0
first,clock_rook,0.786579,2.5,3.0
first,tree_evergreen_4,0.840472,-2.0,-6.0
first,wilson,0.820867,6.0,12.0
first,clock_rook,0.796087,-0.5,5.0
first,wilson,0.796427,0.5,2.0
first,clock_bishop,0.796107,0.5,-1.0
first,clock_rook,0.787725,4.5,5.0
first,wilson,0.797999,1.0,-3.0
first,clock_bishop,0.794497,0.0,-2.0
first,clock_rook,0.782642,1.5,8.0
first,wilson,0.794265,-3.0,7.0
first,clock_rook,0.781969,0.5,2.0
first,clock_bishop,0.78161,0.0,5.0
first,clock_bishop,0.793559,1.5,1.0
first,wilson,0.789338,-1.5,10.0
first,clock_rook,0.775335,5.5,9.0
first,wilson,0.819468,0.0,2.0
first,clock_bishop,0.818752,-1.5,11.0
first,clock_rook,0.779649,2.0,6.0
first,tree_evergreen_4,0.840595,-4.0,-3.0
first,wilson,0.825277,-2.0,-1.0
first,clock_bishop,0.788397,5.0,0.0
first,clock_rook,0.733656,8.0,12.0
first,tree_evergreen_4,0.848015,2.0,2.0
first,clock_bishop,0.819357,-3.0,2.0
first,wilson,0.811078,-2.0,12.0
first,clock_rook,0.794227,-2.0,8.0
first,tree_evergreen_4,0.835366,-2.5,5.0
first,clock_bishop,0.808478,-1.0,-2.0
first,wilson,0.7955,0.0,5.0
first,clock_rook,0.756112,-3.5,5.0
first,tree_evergreen_4,0.826124,3.0,8.0
first,clock_bishop,0.794803,-2.5,18.0
first,wilson,0.780118,0.5,14.0
first,clock_rook,0.770201,-1.5,-3.0
first,tree_evergreen_4,0.877321,-4.0,1.0
first,clock_bishop,0.836125,-2.0,4.0
first,wilson,0.797648,2.0,1.0
first,frog_legs,0.79157,-0.5,-1.0
first,clock_rook,0.775964,4.5,-1.0
first,fish,0.677412,2.5,3.0
first,fish,0.219614,19.5,8.0
first,clock_bishop,0.812833,-3.5,4.0
first,wilson,0.786985,4.0,14.0
first,frog_legs,0.771766,3.5,6.0
first,tree_evergreen_4,0.760488,4.5,0.0
first,fish,0.745061,6.0,15.0
first,clock_rook,0.599819,3.5,-12.0
first,wilson,0.833974,-0.5,7.0
first,clock_rook,0.789637,3.0,8.0
first,log,0.753613,-1.5,-3.0
first,clock_bishop,0.797583,0.5,2.0
first,wilson,0.788962,1.0,4.0
first,clock_rook,0.784501,-1.5,17.0
first,wilson,0.817888,0.5,-1.0
first,clock_bishop,0.779505,-1.0,5.0
first,log,0.733037,3.0,4.0
first,wilson,0.821647,4.0,-3.0
first,clock_bishop,0.756403,-1.5,-3.0
first,wilson,0.826289,-1.5,2.0
first,clock_bishop,0.764137,-1.0,8.0
first,clock_rook,0.809589,1.0,11.0
first,wilson,0.797276,-2.5,0.0
first,clock_bishop,0.776043,2.5,1.0
first,berry_bush,0.847646,1.0,0.0
first,berry_bush,0.837052,0.0,-1.0
first,merm,0.823468,1.0,1.0
first,wilson,0.821066,0.5,1.0
first,berry_bush,0.819086,0.0,1.0
first,merm,0.797194,0.5,2.0
first,frog,0.791751,0.5,1.0
first,spider_warrior,0.756822,1.0,1.0
first,berry_bush,0.860961,1.0,0.0
first,berry_bush,0.832996,1.5,1.0
first,merm,0.821078,0.5,0.0
first,berry_bush,0.806559,0.0,1.0
first,wilson,0.795238,0.5,1.0
first,spider_warrior,0.764957,1.0,0.0
first,frog,0.350623,-1.5,5.0
first,berry_bush,0.855298,0.5,1.0
first,berry_bush,0.805423,0.5,1.0
first,berry_bush,0.80323,1.0,0.0
first,merm,0.795563,0.5,0.0
first,spider_warrior,0.77713,0.5,0.0
first,frog,0.770575,0.5,1.0
first,wilson,0.653123,0.5,1.0
first,berry_bush,0.831952,1.0,0.0
first,monster_meat,0.8066,0.0,1.0
first,wilson,0.799807,-0.5,1.0
first,merm,0.792965,1.0,0.0
first,spider_warrior,0.785753,0.0,1.0
first,berry_bush,0.207256,-2.5,4.0
first,berry_bush,0.833572,0.5,1.0
first,merm,0.828275,0.5,1.0
first,wilson,0.823735,0.5,1.0
first,spider_warrior,0.762105,1.0,1.0
first,frog,0.738553,1.0,1.0
first,berry_bush,0.860399,1.0,0.0
first,wilson,0.839905,0.5,1.0
first,frog,0.75202,1.0,1.0
first,merm,0.741026,4.5,-30.0
first,spider_warrior,0.256257,-1.5,0.0
first,wilson,0.823946,0.5,0.0
first,berry_bush,0.796421,0.5,0.0
first,spider_warrior,0.582427,-0.5,2.0
first,merm,0.557355,-1.0,-32.0
first,spider_warrior,0.469598,-4.5,2.0
first,frog,0.122017,-6.0,-4.0
first,wilson,0.806475,0.5,0.0
first,spider_warrior,0.790221,0.5,0.0
first,merm,0.789698,0.5,1.0
first,frog,0.762784,-0.5,0.0
first,frog,0.805975,1.0,1.0
first,merm,0.80006,1.0,1.0
first,wilson,0.795985,1.0,1.0
first,berry_bush,0.758621,1.0,1.0
first,spider_warrior,0.725387,0.5,0.0
first,monster_meat,0.411529,7.0,1.0
first,merm,0.814985,0.5,1.0
first,wilson,0.810505,1.0,1.0
first,frog,0.802173,0.5,1.0
first,spider_warrior,0.717071,0.5,-1.0
first,wilson,0.833421,0.5,0.0
first,merm,0.762035,0.5,-1.0
first,spider_warrior,0.747705,0.5,0.0
first,frog,0.397649,0.5,7.0
first,wilson,0.820292,0.0,1.0
first,frog,0.810216,0.5,1.0
first,merm,0.772813,1.5,0.0
first,spider_warrior,0.728439,0.5,0.0
first,wilson,0.8025,0.5,1.0
first,frog,0.797516,0.0,0.0
first,merm,0.786202,0.0,0.0
first,spider_warrior,0.762263,0.5,1.0
first,wilson,0.823995,0.5,0.0
first,frog,0.770109,0.5,0.0
first,spider_warrior,0.766293,0.0,1.0
first,wilson,0.819475,0.5,1.0
first,frog,0.729884,0.5,1.0
first,spider_warrior,0.289915,-1.5,0.0
first,wilson,0.842177,0.5,1.0
first,merm,0.823794,0.5,1.0
first,frog,0.571131,0.5,1.0
first,monster_meat,0.434717,5.0,8.0
first,wilson,0.79693,0.5,6.0
first,merm,0.78636,0.5,1.0
first,frog,0.747084,0.5,0.0
first,wilson,0.802582,1.0,1.0
first,frog,0.770267,0.5,0.0
first,wilson,0.796096,0.5,0.0
first,frog,0.795865,0.5,1.0
first,berry_bush,0.834282,1.0,1.0
first,wilson,0.800945,1.0,1.0
first,frog,0.793317,1.0,1.0
first,berry_bush,0.843889,0.5,1.0
first,berry_bush,0.804953,1.0,0.0
first,frog,0.799049,1.0,2.0
first,wilson,0.793123,1.5,0.0
first,berry_bush,0.82303,1.0,1.0
first,frog,0.697608,0.5,1.0
first,berry_bush,0.610139,0.5,2.0
first,berry_bush,0.859888,1.0,2.0
first,berry_bush,0.852462,0.5,2.0
first,frog,0.788201,1.0,1.0
first,berry_bush_harvested,0.871397,1.0,1.0
first,berry_bush,0.845777,0.5,-1.0
first,frog,0.77908,0.0,1.0
first,berry_bush_harvested,0.898936,1.0,1.0
first,berry_bush,0.839864,1.0,1.0
first,wilson,0.803892,0.5,0.0
first,frog,0.145388,-1.0,7.0
first,berry_bush_harvested,0.886187,0.5,1.0
first,berry_bush,0.831944,0.5,1.0
first,wilson,0.824801,0.0,0.0
first,berry_bush_harvested,0.890077,0.5,1.0
first,berry_bush,0.833083,0.5,2.0
first,wilson,0.800976,0.5,0.0
first,frog,0.768479,0.0,1.0
first,berry_bush_harvested,0.894252,0.5,2.0
first,berry_bush,0.789177,1.0,0.0
first,wilson,0.780783,0.5,1.0
first,morsel,0.196325,1.5,1.0
first,berry_bush_harvested,0.877863,1.0,1.0
first,wilson,0.829981,1.0,1.0
first,berry_bush,0.827917,0.5,1.0
first,frog,0.417929,0.5,3.0
first,monster_meat,0.108844,5.0,4.0
first,berry_bush_harvested,0.896673,0.0,0.0
first,wilson,0.801739,0.5,1.0
first,berry_bush,0.793899,0.0,1.0
first,frog,0.421155,0.5,1.0
first,berry_bush_harvested,0.890137,0.0,1.0
first,wilson,0.605111,0.5,0.0
first,berry_bush_harvested,0.869429,0.5,0.0
first,wilson,0.621705,0.5,0.0
first,berry_bush_harvested,0.876625,0.5,0.0
first,berry_bush_harvested,0.871424,0.5,1.0
first,wilson,0.812417,0.5,0.0
first,berry_bush_harvested,0.891646,1.0,1.0
first,berry_bush_harvested,0.830023,0.5,1.0
first,berry_bush_harvested,0.823904,0.5,1.0
first,wilson,0.810751,0.0,1.0
first,merm,0.805541,1.0,1.0
first,frog,0.622733,1.0,1.0
first,monster_meat,0.39853,8.0,3.0
first,berry_bush_harvested,0.84259,0.5,1.0
first,merm,0.817937,0.5,1.0
first,wilson,0.80594,1.0,2.0
first,frog,0.762257,1.0,1.0
first,monster_meat,0.398033,8.0,3.0
first,berry_bush_harvested,0.871927,0.5,1.0
first,berry_bush_harvested,0.84784,0.5,0.0
first,wilson,0.83119,0.5,1.0
first,berry_bush_harvested,0.813465,1.0,1.0
first,monster_meat,0.679781,0.5,1.0
first,merm,0.638718,0.5,0.0
first,frog,0.266987,4.5,3.0
first,berry_bush_harvested,0.862367,0.5,1.0
first,berry_bush_harvested,0.853357,0.5,1.0
first,wilson,0.836466,0.5,1.0
first,merm,0.825481,0.5,1.0
first,berry_bush_harvested,0.803243,0.5,1.0
first,frog,0.487185,0.0,3.0
first,berry_bush_harvested,0.848258,1.5,1.0
first,wilson,0.803479,0.5,1.0
first,merm,0.773162,1.0,1.0
first,berry_bush_harvested,0.840093,0.0,1.0
first,wilson,0.810673,0.5,1.0
first,merm,0.793923,0.5,0.0
first,frog,0.767048,0.5,1.0
first,monster_meat,0.563075,0.5,0.0
first,berry_bush_harvested,0.857817,0.5,1.0
first,merm,0.828088,0.5,1.0
first,wilson,0.807939,1.0,1.0
first,frog,0.790234,0.5,1.0
first,monster_meat,0.76894,1.0,1.0
first,berry_bush_harvested,0.882625,0.5,1.0
first,berry_bush_harvested,0.849188,-0.5,1.0
first,merm,0.811939,0.5,1.0
first,wilson,0.790936,1.0,0.0
first,frog,0.743767,0.0,1.0
first,berry_bush_harvested,0.888205,0.5,2.0
first,berry_bush_harvested,0.850709,0.5,1.0
first,berry_bush_harvested,0.82664,0.5,1.0
first,merm,0.799402,0.5,1.0
first,wilson,0.785827,0.5,0.0
first,frog,0.770289,0.0,1.0
first,monster_meat,0.542741,0.5,0.0
first,berry_bush_harvested,0.884764,0.5,0.0
first,berry_bush_harvested,0.880457,1.0,0.0
first,wilson,0.831446,0.0,1.0
first,berry_bush_harvested,0.796833,1.0,1.0
first,merm,0.46045,-1.5,4.0
first,frog,0.205486,-1.0,2.0
first,berry_bush_harvested,0.885717,0.5,0.0
first,berry_bush_harvested,0.875967,1.0,1.0
first,berry_bush_harvested,0.871974,0.0,1.0
first,merm,0.792805,0.5,1.0
first,wilson,0.790501,0.0,1.0
first,frog,0.789859,0.5,1.0
first,berry_bush_harvested,0.891215,0.5,0.0
first,wilson,0.815328,0.5,0.0
first,berry_bush_harvested,0.760825,0.5,1.0
first,merm,0.7439,0.0,1.0
first,monster_meat,0.473606,0.5,1.0
first,frog,0.266963,-1.0,-1.0
first,berry_bush_harvested,0.884148,0.5,1.0
first,berry_bush_harvested,0.82058,0.5,1.0
first,merm,0.801968,0.0,1.0
first,wilson,0.796363,0.0,1.0
first,frog,0.679399,0.5,1.0
first,monster_meat,0.139102,3.5,11.0
first,berry_bush_harvested,0.870483,0.5,1.0
first,wilson,0.829039,0.0,1.0
first,berry_bush_harvested,0.828102,0.5,2.0
first,berry_bush_harvested,0.793892,0.5,1.0
first,merm,0.793494,1.0,1.0
first,frog,0.649005,0.5,1.0
first,berry_bush_harvested,0.885782,0.0,0.0
first,berry_bush_harvested,0.870672,0.5,0.0
first,berry_bush_harvested,0.858537,-0.5,1.0
first,wilson,0.831064,1.0,1.0
first,frog,0.771618,0.0,1.0
first,merm,0.698737,0.5,0.0
first,monster_meat,0.205211,2.5,8.0
first,berry_bush_harvested,0.875533,1.5,0.0
first,berry_bush_harvested,0.866175,0.5,0.0
first,berry_bush_harvested,0.862412,0.5,1.0
first,wilson,0.813752,0.5,1.0
first,merm,0.625277,1.0,2.0
first,monster_meat,0.13171,3.5,1.0
first,berry_bush_harvested,0.891009,0.5,1.0
first,berry_bush_harvested,0.886542,0.0,1.0
first,frog,0.806158,0.5,1.0
first,wilson,0.797955,0.5,1.0
first,merm,0.62552,0.5,1.0
first,monster_meat,0.302472,4.5,0.0
first,berry_bush_harvested,0.889472,0.0,-1.0
first,berry_bush_harvested,0.885109,1.0,1.0
first,wilson,0.821137,1.0,1.0
first,merm,0.695429,1.0,1.0
first,frog,0.265019,-2.5,3.0
first,monster_meat,0.261313,-1.0,-1.0
first,berry_bush_harvested,0.865232,0.5,1.0
first,merm,0.823303,0.0,1.0
first,wilson,0.805677,0.5,1.0
first,frog,0.509834,0.5,1.0
first,berry_bush_harvested,0.319986,3.0,3.0
first,berry_bush_harvested,0.884138,0.5,1.0
first,berry_bush_harvested,0.879401,1.0,2.0
first,wilson,0.848122,0.5,1.0
first,merm,0.83798,0.5,0.0
first,frog,0.799437,0.5,1.0
first,berry_bush_harvested,0.898921,1.0,1.0
first,berry_bush_harvested,0.893824,1.0,1.0
first,wilson,0.806294,1.0,0.0
first,merm,0.761844,0.5,0.0
first,frog,0.552681,0.0,0.0
first,berry_bush_harvested,0.883678,0.0,1.0
first,berry_bush_harvested,0.874129,0.5,1.0
first,merm,0.807487,0.0,1.0
first,wilson,0.774786,0.5,0.0
first,frog,0.718899,0.0,1.0
first,berry_bush_harvested,0.356982,-1.0,0.0
first,berry_bush_harvested,0.888355,0.0,1.0
first,berry_bush_harvested,0.873788,0.5,1.0
first,wilson,0.83378,0.5,1.0
first,merm,0.785499,0.0,1.0
first,frog,0.653199,0.5,0.0
first,berry_bush_harvested,0.607523,0.5,1.0
first,berry_bush_harvested,0.879297,1.0,1.0
first,merm,0.81721,0.5,0.0
first,wilson,0.807655,0.5,0.0
first,monster_meat,0.131631,4.5,1.0
first,berry_bush_harvested,0.883305,1.0,0.0
first,wilson,0.810637,0.5,1.0
first,frog,0.786866,0.5,1.0
first,merm,0.702357,1.0,0.0
first,monster_meat,0.127493,4.5,2.0
first,berry_bush_harvested,0.889087,0.5,1.0
first,berry_bush_harvested,0.883645,0.5,1.0
first,wilson,0.808254,0.5,2.0
first,merm,0.802153,0.5,0.0
first,monster_meat,0.470544,10.5,10.0
first,berry_bush_harvested,0.869377,1.0,0.0
first,berry_bush_harvested,0.863321,0.5,0.0
first,berry_bush_harvested,0.860103,1.0,1.0
first,frog,0.830918,0.5,0.0
first,wilson,0.806756,0.5,1.0
first,merm,0.781006,0.5,1.0
first,berry_bush_harvested,0.889464,0.5,1.0
first,wilson,0.802639,1.0,1.0
first,merm,0.792861,0.5,1.0
first,frog,0.724307,1.0,1.0
first,monster_meat,0.233725,6.0,8.0
first,berry_bush_harvested,0.886568,1.0,0.0
first,berry_bush_harvested,0.871967,1.0,1.0
first,berry_bush_harvested,0.866165,0.5,1.0
first,wilson,0.821499,-0.5,1.0
first,merm,0.814799,0.0,0.0
first,frog,0.631973,0.5,0.0
first,tree_evergreen_3,0.869968,0.5,0.0
first,rock2,0.830497,0.5,2.0
first,rock1,0.814859,1.0,1.0
first,wilson,0.796104,1.0,0.0
first,honey,0.759328,1.0,1.0
first,frog_legs,0.71407,1.0,-1.0
first,fish,0.637094,0.5,1.0
first,rocks,0.210165,1.0,-1.0
first,rock2,0.859801,0.5,1.0
first,tree_evergreen_3,0.858945,0.0,1.0
first,wilson,0.81139,0.5,1.0
first,frog_legs,0.801709,1.0,1.0
first,honey,0.798513,0.0,1.0
first,rocks,0.618981,0.5,1.0
first,tallbird,0.336005,8.0,3.0
first,rock2,0.842179,1.0,1.0
first,wilson,0.83264,0.5,1.0
first,tree_evergreen_3,0.828122,0.5,0.0
first,tallbird,0.814885,0.5,0.0
first,rock1,0.807692,-0.5,1.0
first,rocks,0.737534,0.5,1.0
first,honey,0.576376,1.0,1.0
first,frog_legs,0.372727,-0.5,7.0
first,fish,0.15387,-1.0,12.0
first,rock2,0.860682,0.0,1.0
first,tree_evergreen_3,0.85617,0.0,0.0
first,wilson,0.851876,0.5,1.0
first,rock1,0.812777,-0.5,1.0
first,tallbird,0.781679,1.0,1.0
first,frog_legs,0.756713,1.0,1.0
first,honey,0.748398,0.5,1.0
first,rocks,0.724288,0.5,1.0
first,fish,0.335482,1.0,1.0
first,tree_evergreen_3,0.854709,2.0,1.0
first,rock2,0.843302,0.5,1.0
first,rock1,0.827782,1.0,1.0
first,wilson,0.827327,0.5,2.0
first,tallbird,0.819614,0.5,1.0
first,frog_legs,0.774497,1.0,1.0
first,honey,0.765812,0.0,0.0
first,rocks,0.692761,0.5,0.0
first,fish,0.13106,3.0,-1.0
first,rock2,0.875942,1.0,0.0
first,tree_evergreen_3,0.864526,1.0,1.0
first,wilson,0.823081,0.5,1.0
first,tallbird,0.809845,0.5,1.0
first,rock1,0.791851,0.5,1.0
first,fish,0.740489,0.5,1.0
first,honey,0.620507,0.0,1.0
first,rocks,0.593894,0.5,1.0
first,tree_evergreen_3,0.854406,1.0,1.0
first,rock2,0.831672,1.0,0.0
first,tallbird,0.806044,0.5,1.0
first,wilson,0.805479,1.0,1.0
first,rock1,0.785608,1.5,1.0
first,fish,0.643051,0.5,1.0
first,rock2,0.829857,0.5,1.0
first,tallbird,0.806177,0.0,1.0
first,rock1,0.798402,1.0,1.0
first,tree_evergreen_3,0.797386,0.5,0.0
first,wilson,0.792059,0.5,1.0
first,fish,0.751837,0.5,1.0
first,rock2,0.806597,0.5,1.0
first,wilson,0.794743,0.5,1.0
first,tallbird,0.791303,0.5,0.0
first,fish,0.725339,1.0,0.0
first,wilson,0.804914,0.5,0.0
first,tallbird,0.781809,0.5,0.0
first,fish,0.755647,0.0,1.0
first,rock2,0.857666,-1.0,1.0
first,tree_evergreen_3,0.842628,0.5,1.0
first,wilson,0.802674,0.5,1.0
first,rock1,0.800186,0.5,1.0
first,tallbird,0.779061,1.5,2.0
first,rocks,0.704816,0.5,1.0
first,rock2,0.858392,1.0,0.0
first,tree_evergreen_3,0.85306,0.5,1.0
first,rock1,0.813279,0.5,2.0
first,tallbird,0.795393,0.5,1.0
first,wilson,0.795237,0.5,1.0
first,frog_legs,0.771442,0.5,1.0
first,rocks,0.686201,1.0,1.0
first,tree_evergreen_3,0.834008,0.5,0.0
first,rock2,0.825011,0.0,1.0
first,rock1,0.80563,0.5,1.0
first,wilson,0.795476,-1.0,1.0
first,tallbird,0.788731,-0.5,-1.0
first,rocks,0.747708,0.5,2.0
first,frog_legs,0.692895,0.5,0.0
first,honey,0.377352,1.0,4.0
first,fish,0.204226,4.0,0.0
first,tree_evergreen_3,0.827343,0.5,1.0
first,rock2,0.819509,0.5,1.0
first,wilson,0.812319,0.5,1.0
first,rock1,0.804563,0.0,1.0
first,tallbird,0.802318,0.5,1.0
first,rocks,0.70473,0.5,1.0
first,honey,0.671877,0.0,0.0
first,frog_legs,0.490359,1.0,8.0
first,tree_evergreen_3,0.836919,1.0,0.0
first,rock2,0.832602,1.0,0.0
first,rock1,0.826159,0.5,1.0
first,wilson,0.826047,0.5,0.0
first,tallbird,0.753807,0.5,1.0
first,honey,0.546045,0.0,0.0
first,rocks,0.462529,1.5,2.0
first,rock2,0.842562,1.0,0.0
first,tree_evergreen_3,0.824019,0.5,0.0
first,rock1,0.822964,1.0,1.0
first,wilson,0.821362,0.5,1.0
first,tallbird,0.811725,1.0,1.0
first,rocks,0.680153,0.5,1.0
first,honey,0.462508,-1.5,3.0
first,rock2,0.838061,1.0,1.0
first,tree_evergreen_3,0.830754,0.0,1.0
first,wilson,0.825422,1.0,1.0
first,rock1,0.806348,0.5,0.0
first,tallbird,0.78429,1.0,1.0
first,honey,0.745195,0.5,0.0
first,rocks,0.693539,-0.5,0.0
first,frog_legs,0.467142,-3.5,2.0
first,fish,0.294631,0.5,2.0
first,tree_evergreen_3,0.830098,0.5,1.0
first,wilson,0.82381,1.0,0.0
first,frog_legs,0.738277,0.5,1.0
first,honey,0.675572,1.0,0.0
first,rock1,0.532553,1.0,1.0
first,tallbird,0.493449,-0.5,2.0
first,rocks,0.447787,0.5,0.0
first,fish,0.412506,2.0,7.0
first,tallbird,0.828552,1.0,0.0
first,wilson,0.82068,0.5,1.0
first,rock2,0.819856,1.5,1.0
first,honey,0.798731,0.5,0.0
first,rock1,0.777924,1.0,1.0
first,tree_evergreen_3,0.13814,-7.0,3.0
first,rock2,0.842842,0.5,1.0
first,tallbird,0.832538,1.5,1.0
first,wilson,0.821627,0.5,1.0
first,honey,0.782526,0.5,1.0
first,rock1,0.771342,0.5,1.0
first,fish,0.684684,0.0,1.0
first,tallbird,0.820504,0.5,1.0
first,honey,0.819111,2.0,1.0
first,tree_evergreen_3,0.81064,1.0,1.0
first,wilson,0.80468,0.0,-1.0
first,rock2,0.774505,0.5,1.0
first,fish,0.632757,1.0,0.0
first,tree_evergreen_3,0.828289,1.5,1.0
first,tallbird,0.827199,0.5,1.0
first,wilson,0.826265,0.5,0.0
first,rock2,0.811765,0.5,0.0
first,honey,0.786226,0.0,1.0
first,rock2,0.854565,2.0,1.0
first,rock1,0.814358,1.0,1.0
first,tree_evergreen_3,0.806265,1.0,1.0
first,wilson,0.8033,0.0,0.0
first,tallbird,0.788449,2.0,1.0
first,rock2,0.838426,0.5,1.0
first,tree_evergreen_3,0.83476,0.5,1.0
first,rock1,0.832798,0.0,2.0
first,wilson,0.783647,1.5,0.0
first,frog_legs,0.766983,1.0,1.0
first,rocks,0.717662,0.5,1.0
first,tallbird,0.543884,1.0,0.0
first,fish,0.177175,0.5,2.0
first,rock2,0.851569,0.5,1.0
first,tree_evergreen_3,0.83726,0.5,1.0
first,wilson,0.823565,1.0,1.0
first,tallbird,0.821148,0.5,1.0
first,rock1,0.798574,1.0,1.0
first,fish,0.733495,0.5,1.0
first,rocks,0.663818,1.0,0.0
first,tree_evergreen_3,0.845752,1.0,1.0
first,rock1,0.805171,0.5,0.0
first,wilson,0.803884,0.5,1.0
first,frog_legs,0.773944,1.0,1.0
first,honey,0.772931,0.5,1.0
first,fish,0.760887,0.5,1.0
first,tallbird,0.735444,0.0,1.0
first,rocks,0.517698,0.5,1.0
first,tree_evergreen_3,0.85573,0.5,1.0
first,wilson,0.849353,0.0,1.0
first,rock2,0.845906,0.5,1.0
first,rock1,0.82048,0.5,1.0
first,tallbird,0.792917,1.5,1.0
first,honey,0.791692,0.5,1.0
first,rocks,0.715272,0.5,1.0
first,frog_legs,0.682958,2.0,0.0
first,fish,0.633582,1.0,1.0
first,tree_evergreen_3,0.835202,0.5,1.0
first,rock2,0.82798,1.0,1.0
first,wilson,0.81784,0.5,0.0
first,tallbird,0.810458,16.5,13.0
first,honey,0.791378,1.0,1.0
first,rock2,0.848541,0.0,1.0
first,wilson,0.815601,0.5,1.0
first,honey,0.801682,0.5,0.0
first,rock1,0.734158,0.5,1.0
first,tallbird,0.672253,-1.5,1.0
first,rock2,0.852232,0.5,2.0
first,wilson,0.837118,1.0,1.0
first,rock1,0.824936,0.5,1.0
first,honey,0.792673,-0.5,0.0
first,rock2,0.853212,0.0,1.0
first,wilson,0.817065,1.0,0.0
first,rock1,0.798729,0.5,0.0
first,honey,0.788853,1.0,1.0
first,tallbird,0.695018,1.0,1.0
first,tree_evergreen_3,0.81368,1.0,1.0
first,wilson,0.798041,1.0,0.0
first,rock1,0.7868,1.0,1.0
first,rock2,0.761014,1.0,1.0
first,honey,0.718774,0.5,1.0
first,fish,0.667301,0.5,-1.0
first,rocks,0.614059,0.5,1.0
first,rock2,0.830171,1.0,1.0
first,tree_evergreen_3,0.81843,1.0,0.0
first,rock1,0.811484,1.0,1.0
first,wilson,0.801159,0.5,2.0
first,frog_legs,0.719737,0.5,1.0
first,honey,0.716132,0.0,0.0
first,tallbird,0.411769,-6.5,16.0
first,rock2,0.850919,0.5,1.0
first,tree_evergreen_3,0.840081,0.5,1.0
first,rock1,0.832268,-0.5,0.0
first,tallbird,0.798863,0.0,0.0
first,wilson,0.795416,0.5,1.0
first,frog_legs,0.766889,0.0,1.0
first,tree_evergreen_3,0.8535,1.0,0.0
first,rock2,0.822468,0.5,1.0
first,rock1,0.821695,0.5,1.0
first,wilson,0.724083,0.5,0.0
first,fish,0.704679,0.5,1.0
first,rocks,0.688819,0.5,0.0
first,honey,0.537584,0.5,0.0
first,tallbird,0.163588,-21.0,2.0
first,tree_evergreen_3,0.856702,0.5,0.0
first,rock2,0.811627,1.0,0.0
first,rock1,0.793165,1.0,0.0
first,wilson,0.773595,1.0,1.0
first,tallbird,0.759714,0.5,1.0
first,fish,0.725568,0.0,1.0
first,honey,0.626769,0.5,1.0
first,honey,0.820048,0.5,1.0
first,tallbird,0.812965,0.5,2.0
first,rock1,0.799955,0.0,0.0
first,fish,0.76846,0.5,1.0
first,rocks,0.285606,1.5,2.0
first,rock2,0.865494,0.5,0.0
first,tree_evergreen_3,0.850311,0.5,0.0
first,wilson,0.83554,0.0,0.0
first,rock1,0.813914,1.0,0.0
first,honey,0.786871,1.0,0.0
first,rocks,0.759405,0.5,0.0
first,fish,0.725867,0.5,1.0
first,tree_evergreen_4,0.82099,0.0,0.0
first,clock_bishop,0.819321,2.0,1.0
first,wilson,0.813088,0.5,1.0
first,clock_rook,0.783755,0.0,1.0
first,log,0.779518,0.5,0.0
first,spider_warrior,0.732505,0.5,0.0
first,wilson,0.821523,0.0,1.0
first,clock_bishop,0.779366,1.0,1.0
first,clock_rook,0.761777,0.5,-2.0
first,spider_warrior,0.759261,0.5,1.0
first,log,0.716815,1.0,0.0
first,wilson,0.84078,0.5,0.0
first,clock_rook,0.793407,0.5,0.0
first,spider_warrior,0.757825,1.0,0.0
first,clock_bishop,0.671635,0.5,1.0
first,wilson,0.823292,0.5,1.0
first,tree_evergreen_4,0.815969,0.0,1.0
first,clock_rook,0.801354,0.5,0.0
first,clock_knight,0.792513,0.5,1.0
first,log,0.774539,0.5,1.0
first,clock_knight,0.155583,2.5,27.0
first,clock_bishop,0.108231,3.0,51.0
first,wilson,0.793383,1.5,1.0
first,clock_rook,0.782615,1.0,0.0
first,tree_evergreen_4,0.77545,0.0,1.0
first,log,0.767344,0.0,-1.0
first,clock_knight,0.643531,1.0,1.0
first,spider,0.57711,0.5,1.0
first,spider,0.112859,-8.5,-10.0
first,wilson,0.81194,0.5,1.0
first,clock_rook,0.804662,0.0,1.0
first,tree_evergreen_4,0.797602,0.5,0.0
first,clock_knight,0.689348,0.0,1.0
first,spider,0.387405,-12.0,-4.0
first,wilson,0.824939,0.0,0.0
first,clock_rook,0.800379,0.5,0.0
first,clock_knight,0.348229,-4.0,-3.0
first,spider,0.204359,-4.5,3.0
first,log,0.811192,1.0,1.0
first,clock_rook,0.790061,0.5,1.0
first,wilson,0.782401,0.5,0.0
first,spider,0.405036,10.5,11.0
first,spider,0.291089,21.5,0.0
first,spider,0.15398,28.5,-12.0
first,clock_knight,0.132496,-9.5,2.0
first,spider,0.109535,20.5,-28.0
first,spider_nest1,0.844625,0.5,0.0
first,wilson,0.810933,0.5,1.0
first,log,0.802041,0.0,1.0
first,tree_evergreen_4,0.736645,1.5,-2.0
first,clock_rook,0.719257,0.5,1.0
first,spider,0.117305,5.5,-14.0
first,wilson,0.822888,0.5,1.0
first,clock_rook,0.791094,0.0,1.0
first,tree_evergreen_4,0.787249,1.5,0.0
first,log,0.700057,0.5,1.0
first,spider_nest1,0.694182,0.5,1.0
first,spider,0.127129,-20.0,6.0
first,wilson,0.839902,0.5,1.0
first,clock_bishop,0.79819,0.5,1.0
first,clock_knight,0.791537,1.0,1.0
first,tree_evergreen_4,0.768853,0.5,1.0
first,log,0.764375,0.5,0.0
first,clock_rook,0.751653,0.5,2.0
first,clock_rook,0.816158,0.5,0.0
first,wilson,0.793294,0.5,0.0
first,clock_knight,0.771905,0.5,1.0
first,clock_bishop,0.739142,1.0,0.0
first,tree_evergreen_4,0.667532,0.0,0.0
first,gold_nugget,0.102676,0.0,5.0
first,wilson,0.786141,1.5,-3.0
first,clock_knight,0.773861,0.5,1.0
first,tree_evergreen_4,0.750831,0.5,1.0
first,clock_bishop,0.369696,6.0,0.0
first,clock_rook,0.803501,0.0,0.0
first,wilson,0.797209,0.5,0.0
first,clock_bishop,0.751477,0.5,-1.0
first,clock_knight,0.729407,0.5,1.0
first,wilson,0.807135,1.0,1.0
first,tree_evergreen_4,0.804431,0.5,1.0
first,clock_bishop,0.784477,-0.5,2.0
first,clock_rook,0.628909,-4.5,28.0
first,clock_knight,0.320813,-0.5,8.0
first,clock_rook,0.811566,1.0,1.0
first,wilson,0.807164,0.5,0.0
first,clock_bishop,0.593923,0.5,4.0
first,wilson,0.803744,1.0,1.0
first,clock_rook,0.786121,0.5,1.0
first,clock_bishop,0.770585,0.5,-1.0
first,clock_knight,0.766754,0.5,1.0
first,spider_nest1,0.842896,-0.5,2.0
first,wilson,0.818352,0.0,1.0
first,tree_evergreen_4,0.818221,1.0,1.0
first,clock_knight,0.800389,0.5,1.0
first,clock_rook,0.793876,0.5,1.0
first,log,0.18301,-0.5,4.0
first,wilson,0.82584,0.5,1.0
first,tree_evergreen_4,0.816118,1.0,1.0
first,log,0.806879,0.5,1.0
first,spider_nest1,0.789098,0.0,1.0
first,clock_rook,0.779786,2.0,1.0
first,clock_knight,0.761688,1.0,0.0
first,clock_bishop,0.629659,0.5,2.0
first,clock_rook,0.566029,7.0,-2.0
first,gold_nugget,0.301114,-1.0,2.0
first,clock_rook,0.797386,0.0,0.0
first,wilson,0.792381,2.0,1.0
first,clock_knight,0.767564,0.5,0.0
first,log,0.808659,0.5,1.0
first,wilson,0.781194,0.5,0.0
first,clock_rook,0.780654,0.5,0.0
first,clock_knight,0.77392,0.5,1.0
first,clock_bishop,0.691813,-0.5,1.0
first,clock_bishop,0.588613,-14.5,84.0
first,clock_knight,0.82179,0.5,1.0
first,wilson,0.805526,1.0,0.0
first,log,0.789964,1.0,1.0
first,clock_rook,0.78676,0.0,0.0
first,gold_nugget,0.322169,4.5,2.0
first,tree_evergreen_4,0.797976,1.0,1.0
first,spider_nest1,0.792335,0.5,1.0
first,wilson,0.791406,0.5,1.0
first,gold_nugget,0.731578,1.0,0.0
first,clock_knight,0.721357,1.0,1.0
first,wilson,0.816666,0.5,0.0
first,clock_rook,0.777615,1.0,1.0
first,spider_nest1,0.573629,0.0,2.0
first,spider_nest3,0.506828,10.5,-14.0
first,clock_rook,0.82582,0.5,-1.0
first,wilson,0.823287,2.0,1.0
first,spider_nest2,0.639733,1.0,0.0
first,spider_nest1,0.889997,0.5,1.0
first,wilson,0.806357,0.5,1.0
first,clock_rook,0.783062,0.5,1.0
first,spider_nest2,0.225347,1.0,-4.0
first,spider_nest3,0.224535,-4.5,-7.0
first,spider_nest3,0.10482,31.5,-12.0
first,spider_nest1,0.928358,0.5,1.0
first,tree_evergreen_4,0.821264,0.5,1.0
first,clock_rook,0.798966,1.0,0.0
first,wilson,0.794756,0.5,1.0
first,log,0.741669,0.5,0.0
first,gold_nugget,0.312254,0.5,2.0
first,monster_meat,0.273659,2.5,4.0
first,tree_evergreen_4,0.811202,0.0,1.0
first,clock_rook,0.788127,1.0,0.0
first,wilson,0.7824,0.5,0.0
first,clock_knight,0.695533,0.5,0.0
first,spider_nest2,0.624791,0.5,0.0
first,monster_meat,0.548169,0.0,1.0
first,gold_nugget,0.483692,0.0,0.0
first,wilson,0.840775,1.0,0.0
first,tree_evergreen_4,0.810805,0.5,1.0
first,clock_rook,0.797643,0.5,0.0
first,spider_nest3,0.771804,33.5,-4.0
first,clock_bishop,0.599236,1.0,0.0
first,monster_meat,0.254105,3.0,5.0
first,wilson,0.776708,-1.0,1.0
first,clock_bishop,0.775305,0.5,-1.0
first,spider_nest3,0.744705,22.0,-5.0
first,clock_rook,0.66687,0.5,1.0
first,spider_nest3,0.235496,65.0,-5.0
first,spider_nest3,0.808099,22.0,-5.0
first,wilson,0.805899,0.0,1.0
first,clock_rook,0.772545,1.5,1.0
first,log,0.766764,0.0,1.0
first,clock_bishop,0.720355,0.5,0.0
first,spider_nest1,0.883725,1.0,0.0
first,wilson,0.833301,0.0,1.0
first,log,0.776241,0.5,0.0
first,clock_rook,0.755284,0.5,1.0
first,log,0.741085,0.5,0.0
first,spider_nest2,0.656602,0.5,1.0
first,log,0.202649,97.5,6.0
first,spider_nest1,0.809377,0.5,1.0
first,clock_rook,0.804649,1.0,1.0
first,wilson,0.78009,0.5,1.0
first,log,0.777229,0.0,1.0
first,spider_nest3,0.759228,0.0,1.0
first,log,0.749727,0.5,1.0
first,spider_nest2,0.455327,8.0,-2.0
first,wilson,0.813527,0.5,1.0
first,clock_rook,0.794201,0.5,0.0
first,clock_bishop,0.794143,1.0,1.0
first,spider_nest3,0.788558,0.5,0.0
first,log,0.769215,1.0,0.0
first,spider_nest2,0.354769,-5.5,5.0
first,wilson,0.779678,0.5,2.0
first,wilson,0.82152,0.0,1.0
first,wilson,0.788293,1.0,1.0
first,wilson,0.819191,0.0,0.0
first,wilson,0.833501,0.5,1.0
first,wilson,0.815048,0.5,2.0
first,wilson,0.812214,0.5,0.0
first,wilson,0.808941,0.5,1.0
first,gold_nugget,0.13577,2.0,2.0
first,wilson,0.78635,1.0,1.0
first,gold_nugget,0.135015,3.5,4.0
first,wilson,0.823831,0.0,2.0
first,wilson,0.805943,-0.5,0.0
first,wilson,0.787652,0.5,1.0
first,gold_nugget,0.275472,0.0,-2.0
first,wilson,0.816523,0.5,1.0
first,gold_nugget,0.257417,1.5,0.0
first,wilson,0.812227,0.5,1.0
first,wilson,0.812273,0.0,0.0
first,wilson,0.839879,0.5,1.0
first,wilson,0.798727,1.0,2.0
first,wilson,0.810669,0.5,0.0
first,wilson,0.806554,0.5,1.0
first,gold_nugget,0.113077,1.5,3.0
first,wilson,0.803403,0.5,1.0
first,wilson,0.827559,0.5,1.0
first,gold_nugget,0.179256,0.0,2.0
first,wilson,0.834698,1.0,1.0
first,wilson,0.82015,2.0,0.0
first,wilson,0.835186,0.5,1.0
first,wilson,0.818269,0.5,0.0
first,wilson,0.829512,0.5,1.0
first,wilson,0.830205,-0.5,0.0
first,wilson,0.824763,1.0,1.0
first,wilson,0.784898,1.0,1.0
first,wilson,0.783961,1.0,1.0
first,wilson,0.80875,0.5,1.0
first,wilson,0.802055,1.0,1.0
first,wilson,0.796845,0.5,1.0
first,gold_nugget,0.232536,1.0,4.0
first,wilson,0.803957,0.5,0.0
first,wilson,0.817311,0.5,1.0
first,wilson,0.790613,0.5,1.0
first,gold_nugget,0.102515,1.5,5.0
first,wilson,0.836397,0.5,1.0
first,wilson,0.791347,0.5,0.0
first,wilson,0.803032,0.5,0.0
first,wilson,0.821694,1.0,0.0
first,wilson,0.808004,-0.5,1.0
first,wilson,0.7964,1.0,1.0
first,wilson,0.802195,0.5,1.0
first,wilson,0.812341,-0.5,1.0
first,wilson,0.792513,0.0,1.0
first,gold_nugget,0.162864,2.0,2.0
first,wilson,0.788253,1.0,1.0
first,gold_nugget,0.163966,2.0,6.0
first,wilson,0.779415,1.5,1.0
first,wilson,0.808548,0.0,1.0
first,gold_nugget,0.162959,1.5,6.0
first,wilson,0.794077,0.0,0.0
first,wilson,0.823585,0.5,0.0
first,wilson,0.787046,0.0,0.0
first,gold_nugget,0.147462,3.0,9.0
first,wilson,0.789815,0.5,0.0
first,wilson,0.782662,0.0,1.0
first,wilson,0.815076,1.0,1.0
first,gold_nugget,0.65598,0.5,1.0
first,wilson,0.77521,0.5,1.0
first,wilson,0.822753,0.5,1.0
first,wilson,0.807268,1.0,1.0
first,gold_nugget,0.198611,3.5,3.0
second_01,grass,0.835945,3.5,6.0
second_01,wilson,0.828582,-1.0,2.0
second_01,tree_evergreen_1,0.800926,5.0,3.0
second_01,sapling,0.764003,-1.5,3.0
second_01,grass,0.865148,1.5,2.0
second_01,wilson,0.826233,-2.0,7.0
second_01,tree_evergreen_1,0.808299,3.5,5.0
second_01,sapling,0.777736,2.5,0.0
second_01,wilson,0.845873,-2.5,7.0
second_01,grass,0.811884,2.0,6.0
second_01,sapling,0.807333,0.5,4.0
second_01,grass,0.842775,-1.0,4.0
second_01,flint,0.841009,-3.0,1.0
second_01,grass_picked,0.724762,-2.5,3.0
second_01,wilson,0.702723,3.5,3.0
second_01,grass,0.870902,0.5,0.0
second_01,tree_evergreen_3,0.846103,-0.5,4.0
second_01,wilson,0.845928,-1.0,1.0
second_01,tree_evergreen_2,0.827284,-0.5,3.0
second_01,tree_evergreen_2,0.825198,1.0,10.0
second_01,sapling,0.804947,0.5,4.0
second_01,grass_picked,0.786098,-0.5,1.0
second_01,tree_evergreen_2,0.782215,1.0,7.0
second_01,flint,0.777035,-1.5,4.0
second_01,sapling,0.652767,0.5,-1.0
second_01,berry_bush,0.602024,-1.0,-5.0
second_01,sapling,0.555768,13.5,7.0
second_01,grass,0.554243,0.5,-1.0
second_01,sapling,0.33747,-3.0,1.0
second_01,flint,0.253674,1.5,2.0
second_01,grass,0.876596,2.0,5.0
second_01,grass,0.843418,0.0,3.0
second_01,wilson,0.835607,-3.5,5.0
second_01,grass,0.827648,0.5,5.0
second_01,flint,0.821928,0.5,0.0
second_01,grass,0.821599,2.0,3.0
second_01,grass,0.808044,3.0,7.0
second_01,tree_evergreen_2,0.789817,-1.0,9.0
second_01,sapling,0.78692,0.0,4.0
second_01,tree_evergreen_1,0.765953,2.5,9.0
second_01,flint,0.762675,-1.0,3.0
second_01,sapling,0.749185,1.5,5.0
second_01,tree_evergreen_2,0.643289,1.0,11.0
second_01,tree_evergreen_1,0.349312,-0.5,4.0
second_01,grass,0.833188,0.0,4.0
second_01,grass,0.817372,-1.0,8.0
second_01,wilson,0.806338,3.0,5.0
second_01,flint,0.803161,0.5,1.0
second_01,sapling_picked,0.790814,0.5,7.0
second_01,flint,0.789512,-1.0,4.0
second_01,tree_evergreen_2,0.782008,-0.5,3.0
second_01,flint,0.770306,-0.5,1.0
second_01,grass,0.76695,3.0,-1.0
second_01,sapling,0.763184,3.0,3.0
second_01,sapling,0.742637,1.5,1.0
second_01,tree_evergreen_1,0.720771,5.0,4.0
second_01,grass,0.391229,2.0,5.0
second_01,berry_bush,0.848722,2.0,4.0
second_01,grass,0.84762,3.5,3.0
second_01,sapling_picked,0.836569,0.5,1.0
second_01,tree_evergreen_1,0.83098,2.5,1.0
second_01,sapling,0.819476,0.0,3.0
second_01,sapling,0.817602,-1.0,6.0
second_01,grass_picked,0.801905,1.0,4.0
second_01,flint,0.797169,-0.5,-1.0
second_01,sapling,0.794852,-0.5,4.0
second_01,wilson,0.755264,3.0,2.0
second_01,grass,0.731541,-0.5,3.0
second_01,carrot_planted,0.699226,3.0,1.0
second_01,grass,0.60325,0.5,2.0
second_01,flint,0.582206,1.0,2.0
second_01,sapling_picked,0.861426,-1.5,8.0
second_01,grass,0.849375,0.5,5.0
second_01,grass,0.848978,0.0,9.0
second_01,grass,0.827716,-0.5,3.0
second_01,tree_evergreen_1,0.816506,0.5,-13.0
second_01,tree_evergreen_1,0.812916,1.0,-4.0
second_01,flint,0.809933,-0.5,6.0
second_01,grass_picked,0.802967,-1.0,4.0
second_01,sapling,0.799992,0.0,7.0
second_01,tree_evergreen_2,0.786263,2.0,1.0
second_01,grass,0.768988,-3.0,7.0
second_01,tree_evergreen_2,0.644305,-2.0,-1.0
second_01,sapling,0.633175,0.0,3.0
second_01,tree_evergreen_3,0.600408,1.0,-8.0
second_01,grass,0.869722,2.5,5.0
second_01,grass,0.839285,0.0,5.0
second_01,sapling_picked,0.838928,3.5,6.0
second_01,grass,0.816592,2.0,4.0
second_01,tree_evergreen_1,0.811201,-1.0,1.0
second_01,tree_evergreen_3,0.777963,2.0,-8.0
second_01,grass,0.777721,0.0,3.0
second_01,flint,0.77739,0.5,2.0
second_01,tree_evergreen_2,0.7689,2.5,5.0
second_01,sapling,0.764406,3.5,3.0
second_01,grass_picked,0.715838,-2.0,4.0
second_01,sapling_picked,0.705556,0.0,9.0
second_01,grass,0.70278,-1.0,5.0
second_01,tree_evergreen_1,0.466571,2.0,-2.0
second_01,flint,0.442497,-4.0,6.0
second_01,tree_evergreen_2,0.139424,-3.0,-1.0
second_01,grass,0.863495,1.0,11.0
second_01,grass,0.859753,-1.0,7.0
second_01,sapling_picked,0.857812,2.5,0.0
second_01,tree_evergreen_3,0.855895,4.0,-4.0
second_01,tree_evergreen_1,0.837244,2.0,1.0
second_01,tree_evergreen_1,0.832066,0.5,-6.0
second_01,sapling_picked,0.815058,1.5,0.0
second_01,grass,0.807022,-1.5,5.0
second_01,grass,0.79644,-4.0,6.0
second_01,grass_picked,0.789984,-3.0,7.0
second_01,tree_evergreen_2,0.775772,3.5,7.0
second_01,flint,0.773073,-3.5,6.0
second_01,grass,0.696613,-2.5,1.0
second_01,flint,0.657397,0.0,11.0
second_01,grass,0.176355,-19.5,46.0
second_01,grass,0.895668,-0.5,4.0
second_01,grass,0.895546,-0.5,2.0
second_01,grass,0.879503,2.0,3.0
second_01,grass,0.87698,0.5,5.0
second_01,grass,0.843672,2.0,3.0
second_01,grass,0.810576,0.5,3.0
second_01,wilson,0.711056,1.5,6.0
second_01,spider,0.704154,-0.5,1.0
second_01,hound,0.685024,2.5,7.0
second_01,spider,0.643132,0.5,7.0
second_01,hound,0.368205,3.5,35.0
second_01,hound,0.191445,-12.0,0.0
second_01,spider,0.10478,5.5,-3.0
second_01,sapling_picked,0.869485,0.0,2.0
second_01,sapling_picked,0.851679,3.5,3.0
second_01,grass,0.846818,-2.0,4.0
second_01,wilson,0.844916,0.5,10.0
second_01,grass,0.825365,-2.0,4.0
second_01,grass,0.82443,-1.0,4.0
second_01,tree_evergreen_1,0.814144,5.5,1.0
second_01,flint,0.813355,0.0,2.0
second_01,tree_evergreen_3,0.813209,2.0,8.0
second_01,tree_evergreen_1,0.805336,2.0,-1.0
second_01,tree_evergreen_2,0.793845,3.5,-7.0
second_01,grass,0.784062,-2.5,9.0
second_01,sapling_picked,0.75132,-0.5,10.0
second_01,grass_picked,0.694833,-2.5,4.0
second_01,grass,0.693866,-2.0,4.0
second_01,grass,0.867512,-1.5,1.0
second_01,sapling_picked,0.856158,-1.0,1.0
second_01,grass,0.85101,1.5,6.0
second_01,wilson,0.83387,-1.5,10.0
second_01,grass,0.832962,-2.0,5.0
second_01,grass,0.82485,1.0,6.0
second_01,tree_evergreen_1,0.823353,2.0,6.0
second_01,tree_evergreen_3,0.793033,0.5,-2.0
second_01,sapling_picked,0.786397,1.0,3.0
second_01,grass,0.784635,3.0,4.0
second_01,tree_evergreen_2,0.781786,-3.5,-1.0
second_01,tree_evergreen_1,0.741359,4.0,3.0
second_01,grass_picked,0.725311,-2.0,4.0
second_01,grass,0.693579,0.5,8.0
second_01,flint,0.644769,0.5,3.0
second_01,flint,0.535979,1.0,0.0
second_01,grass,0.273887,2.0,4.0
second_01,berry_bush,0.133895,-4.0,1.0
second_01,berry_bush_harvested,0.890766,1.0,3.0
second_01,flint,0.852289,-1.0,1.0
second_01,wilson,0.839281,-1.5,6.0
second_01,grass,0.820064,1.5,1.0
second_01,grass,0.812802,1.0,2.0
second_01,tree_evergreen_1,0.812008,-2.0,2.0
second_01,sapling,0.802356,1.0,0.0
second_01,tree_evergreen_1,0.796755,-0.5,-2.0
second_01,sapling,0.793263,0.5,3.0
second_01,sapling,0.789685,3.0,4.0
second_01,carrot_planted,0.778532,1.5,1.0
second_01,carrot_planted,0.765539,2.5,1.0
second_01,grass_picked,0.718999,1.5,0.0
second_01,grass_picked,0.690737,-2.5,0.0
second_01,tree_evergreen_2,0.646282,-6.0,-5.0
second_01,carrot_planted,0.53577,3.0,10.0
second_01,berry_bush,0.848239,-3.0,-1.0
second_01,sapling_picked,0.82155,5.0,-1.0
second_01,wilson,0.805003,2.0,1.0
second_01,tree_evergreen_3,0.804528,-6.0,3.0
second_01,tree_evergreen_1,0.803487,2.5,6.0
second_01,carrot_planted,0.795844,0.5,-1.0
second_01,tree_evergreen_2,0.793786,-0.5,1.0
second_01,tree_evergreen_2,0.776749,-1.0,2.0
second_01,sapling,0.755531,-1.5,-2.0
second_01,tree_evergreen_1,0.754364,1.0,-5.0
second_01,carrot_planted,0.731217,-1.0,1.0
second_01,flint,0.714984,-1.0,0.0
second_01,carrot_planted,0.686692,1.0,-2.0
second_01,grass_picked,0.645429,-0.5,1.0
second_01,wilson,0.856578,2.0,-2.0
second_01,tree_evergreen_1,0.85263,1.0,5.0
second_01,sapling,0.83041,-0.5,3.0
second_01,tree_evergreen_3,0.814108,2.0,4.0
second_01,sapling_picked,0.80816,1.5,7.0
second_01,berry_bush,0.785966,-1.5,4.0
second_01,tree_evergreen_2,0.784994,0.5,1.0
second_01,tree_evergreen_1,0.775794,4.0,13.0
second_01,carrot_planted,0.768689,-0.5,7.0
second_01,tree_evergreen_2,0.766723,-2.0,4.0
second_01,carrot_planted,0.552823,-0.5,6.0
second_01,grass_picked,0.517411,1.5,2.0
second_01,carrot_planted,0.510486,-2.5,1.0
second_01,grass,0.871469,2.0,3.0
second_01,grass,0.861466,3.0,4.0
second_01,grass,0.856247,2.0,0.0
second_01,rock1,0.853,-4.0,5.0
second_01,tree_evergreen_1,0.840896,1.0,5.0
second_01,grass,0.838843,-1.0,2.0
second_01,sapling_picked,0.829639,2.5,-1.0
second_01,tree_evergreen_3,0.829402,1.0,11.0
second_01,grass,0.808251,0.0,1.0
second_01,tree_evergreen_2,0.794512,2.0,0.0
second_01,carrot_planted,0.794391,-0.5,3.0
second_01,flint,0.792461,1.0,-1.0
second_01,tree_evergreen_2,0.791372,2.0,7.0
second_01,sapling,0.780679,3.0,-3.0
second_01,wilson,0.776723,0.5,-2.0
second_01,grass,0.866043,2.5,1.0
second_01,rock1,0.865082,1.0,2.0
second_01,grass,0.851697,-1.5,3.0
second_01,grass,0.846235,0.0,0.0
second_01,tree_evergreen_3,0.845951,-4.0,5.0
second_01,grass,0.842331,1.5,4.0
second_01,wilson,0.841106,1.5,2.0
second_01,grass,0.839443,0.5,2.0
second_01,sapling_picked,0.835944,3.0,7.0
second_01,tree_evergreen_1,0.823149,2.5,-6.0
second_01,sapling,0.802645,3.0,3.0
second_01,tree_evergreen_2,0.799033,4.0,8.0
second_01,tree_evergreen_2,0.796432,4.5,9.0
second_01,flint,0.787844,-2.0,1.0
second_01,tree_evergreen_1,0.603407,1.5,15.0
second_01,carrot_planted,0.585794,1.5,0.0
second_01,grass,0.861728,3.0,2.0
second_01,grass,0.854694,2.0,1.0
second_01,grass,0.84897,-0.5,2.0
second_01,rock1,0.836922,5.5,4.0
second_01,grass,0.815836,5.0,2.0
second_01,rock1,0.745263,7.5,7.0
second_01,grass,0.898927,0.5,3.0
second_01,grass,0.891333,0.5,3.0
second_01,grass,0.889036,0.5,5.0
second_01,grass,0.887603,2.0,2.0
second_01,grass,0.870125,1.0,6.0
second_01,wilson,0.819142,4.5,3.0
second_01,hound,0.804982,0.0,1.0
second_01,hound,0.766476,1.5,5.0
second_01,spider,0.752408,1.0,4.0
second_01,spider,0.707245,2.5,-1.0
second_01,wilson,0.849086,2.0,3.0
second_01,grass,0.837129,3.5,1.0
second_01,tree_evergreen_2,0.811031,1.5,-6.0
second_01,sapling,0.801203,-1.5,-3.0
second_01,berry_bush,0.743739,3.5,-3.0
second_01,tree_evergreen_1,0.596299,5.5,9.0
second_01,flint,0.569815,1.0,3.0
second_01,grass,0.445406,1.5,3.0
second_01,sapling,0.444678,1.5,0.0
second_01,wilson,0.858492,-0.5,0.0
second_01,tree_evergreen_3,0.837889,1.0,2.0
second_01,grass,0.833362,1.5,1.0
second_01,tree_evergreen_1,0.832285,2.5,1.0
second_01,flint,0.819288,-2.0,1.0
second_01,sapling,0.794804,0.5,-5.0
second_01,tree_evergreen_1,0.791498,-0.5,4.0
second_01,tree_evergreen_1,0.788946,3.5,6.0
second_01,berry_bush,0.777808,1.5,-3.0
second_01,sapling,0.7716,0.5,-3.0
second_01,carrot_planted,0.746165,-1.0,0.0
second_01,flint,0.744418,2.0,-2.0
second_01,flint,0.726917,1.0,6.0
second_01,wilson,0.842922,3.5,-1.0
second_01,flint,0.831754,-1.5,-1.0
second_01,carrot_planted,0.817228,-0.5,2.0
second_01,grass,0.80945,2.5,1.0
second_01,sapling,0.809368,-0.5,0.0
second_01,tree_evergreen_1,0.803926,-5.0,2.0
second_01,tree_evergreen_1,0.782056,0.5,2.0
second_01,carrot_planted,0.774935,-4.5,4.0
second_01,flint,0.770911,-2.5,5.0
second_01,berry_bush,0.764233,3.0,-1.0
second_01,grass_picked,0.747246,0.0,0.0
second_01,flint,0.730358,-4.0,-1.0
second_01,tree_evergreen_1,0.699189,-1.5,-3.0
second_01,flint,0.671675,-0.5,3.0
second_01,tree_evergreen_2,0.355244,-1.5,2.0
second_01,sapling_picked,0.857214,0.5,2.0
second_01,tree_evergreen_2,0.820479,-1.5,5.0
second_01,tree_evergreen_1,0.803769,0.5,3.0
second_01,carrot_planted,0.794661,1.5,1.0
second_01,carrot_planted,0.784275,-3.0,3.0
second_01,berry_bush,0.77297,3.0,-5.0
second_01,flint,0.76352,-1.0,-2.0
second_01,flint,0.747109,2.5,6.0
second_01,flint,0.73798,2.0,1.0
second_01,grass_picked,0.718108,-0.5,3.0
second_01,grass_picked,0.715276,0.5,-2.0
second_01,tree_evergreen_1,0.708955,1.0,3.0
second_01,sapling,0.675569,3.5,-8.0
second_01,berry_bush_harvested,0.880804,3.5,-6.0
second_01,sapling_picked,0.849251,3.0,2.0
second_01,wilson,0.83388,1.5,1.0
second_01,tree_evergreen_1,0.816582,3.5,-6.0
second_01,carrot_planted,0.807867,-1.0,4.0
second_01,tree_evergreen_1,0.80246,0.0,2.0
second_01,flint,0.802371,0.5,0.0
second_01,flint,0.762338,-2.0,1.0
second_01,grass_picked,0.761578,-2.0,1.0
second_01,grass_picked,0.711345,-1.0,5.0
second_01,carrot_planted,0.702107,-2.0,0.0
second_01,flint,0.616052,-4.0,-5.0
second_01,tree_evergreen_1,0.578975,-3.0,0.0
second_01,tree_evergreen_2,0.499049,0.0,3.0
second_01,sapling_picked,0.852894,1.0,-2.0
second_01,sapling,0.83104,2.0,0.0
second_01,tree_evergreen_3,0.830088,-0.5,-1.0
second_01,tree_evergreen_1,0.827957,1.0,4.0
second_01,tree_evergreen_2,0.796395,0.5,-5.0
second_01,wilson,0.793252,-2.0,-4.0
second_01,flint,0.776663,3.0,1.0
second_01,tree_evergreen_2,0.769272,-2.0,5.0
second_01,carrot_planted,0.682246,-1.0,0.0
second_01,carrot_planted,0.650442,-0.5,0.0
second_01,grass_picked,0.622985,-1.5,-7.0
second_01,tree_evergreen_1,0.234425,2.5,3.0
second_01,berry_bush_harvested,0.872692,2.0,-2.0
second_01,sapling_picked,0.857145,0.5,0.0
second_01,sapling_picked,0.855885,2.5,-4.0
second_01,tree_evergreen_1,0.833203,1.0,-1.0
second_01,tree_evergreen_1,0.815815,-0.5,-3.0
second_01,carrot_planted,0.789204,2.5,2.0
second_01,wilson,0.785847,-5.5,-1.0
second_01,grass_picked,0.785502,-2.0,4.0
second_01,tree_evergreen_2,0.764597,-1.5,3.0
second_01,tree_evergreen_2,0.758605,2.0,-8.0
second_01,carrot_planted,0.370901,-1.5,6.0
second_01,berry_bush_harvested,0.852399,2.0,-2.0
second_01,sapling_picked,0.846513,1.5,4.0
second_01,sapling_picked,0.841431,3.5,6.0
second_01,tree_evergreen_1,0.831013,0.5,0.0
second_01,wilson,0.822629,-4.5,-10.0
second_01,tree_evergreen_2,0.798651,1.5,10.0
second_01,carrot_planted,0.794033,1.0,6.0
second_01,grass_picked,0.783415,-0.5,0.0
second_01,carrot_planted,0.779253,0.5,2.0
second_01,tree_evergreen_1,0.779251,-4.0,4.0
second_01,tree_evergreen_2,0.699999,1.5,-4.0
second_01,wilson,0.845637,2.5,-9.0
second_01,tree_evergreen_1,0.823229,-0.5,1.0
second_01,sapling_picked,0.806256,0.5,-2.0
second_01,tree_evergreen_1,0.80361,-4.0,1.0
second_01,tree_evergreen_1,0.801885,1.0,4.0
second_01,carrot_planted,0.797282,-2.0,7.0
second_01,grass_picked,0.751433,-3.0,8.0
second_01,sapling_picked,0.707901,2.0,4.0
second_01,carrot_planted,0.675688,-2.5,3.0
second_01,tree_evergreen_2,0.194175,7.0,1.0
second_01,sapling_picked,0.869042,0.5,-1.0
second_01,tree_evergreen_1,0.85199,-4.5,3.0
second_01,tree_evergreen_1,0.823228,-5.0,8.0
second_01,tree_evergreen_1,0.810758,0.0,1.0
second_01,carrot_planted,0.772282,-3.0,3.0
second_01,grass_picked,0.751182,-4.5,2.0
second_01,sapling_picked,0.70905,6.5,3.0
second_01,carrot_planted,0.700306,-1.5,4.0
second_01,grass_picked,0.571957,0.0,5.0
second_01,grass,0.890536,0.0,1.0
second_01,grass,0.884406,1.5,0.0
second_01,grass,0.883572,0.5,4.0
second_01,grass,0.875026,0.0,1.0
second_01,grass,0.869625,0.5,4.0
second_01,wilson,0.829746,-1.0,7.0
second_01,hound,0.776505,-4.0,0.0
second_01,hound,0.749873,0.0,5.0
second_01,spider,0.698417,1.5,-1.0
second_01,spider,0.201525,-1.5,0.0
second_01,grass,0.893938,0.5,1.0
second_01,grass,0.887482,1.0,0.0
second_01,grass,0.886504,1.5,5.0
second_01,grass,0.882381,0.5,0.0
second_01,grass,0.873689,0.5,0.0
second_01,hound,0.825916,4.0,3.0
second_01,wilson,0.819429,1.5,3.0
second_01,hound,0.812419,-1.5,-1.0
second_01,spider,0.689074,-1.0,1.0
second_01,spider,0.674876,2.0,-1.0
second_01,tree_evergreen_3,0.862087,-5.0,1.0
second_01,grass,0.849488,2.5,2.0
second_01,wilson,0.826139,0.5,7.0
second_01,tree_evergreen_1,0.809104,-2.5,-2.0
second_01,carrot_planted,0.79493,1.0,1.0
second_01,grass,0.794274,1.5,2.0
second_01,grass_picked,0.693331,3.0,1.0
second_01,carrot_planted,0.653615,0.0,0.0
second_01,carrot_planted,0.594802,-3.5,1.0
second_01,flint,0.284053,3.0,-3.0
second_01,grass,0.883077,-0.5,6.0
second_01,grass,0.866166,2.0,2.0
second_01,grass,0.864967,0.0,4.0
second_01,wilson,0.854019,1.5,3.0
second_01,grass,0.850575,0.5,3.0
second_01,grass,0.839751,-1.5,2.0
second_01,hound,0.777985,4.5,0.0
second_01,spider,0.733778,5.5,4.0
second_01,spider,0.718343,2.5,1.0
second_01,hound,0.675864,3.5,13.0
second_01,grass,0.848216,0.5,1.0
second_01,tree_evergreen_3,0.844387,-1.5,-2.0
second_01,wilson,0.843746,1.0,1.0
second_01,tree_evergreen_1,0.841371,-3.0,2.0
second_01,grass,0.808995,-1.5,-1.0
second_01,carrot_planted,0.744627,1.5,1.0
second_01,carrot_planted,0.737684,0.5,2.0
second_01,carrot_planted,0.682562,0.5,0.0
second_01,grass_picked,0.658329,0.5,0.0
second_01,berry_bush_harvested,0.880684,2.0,1.0
second_01,wilson,0.848231,-2.0,-1.0
second_01,grass,0.820543,0.5,0.0
second_01,tree_evergreen_1,0.81286,2.5,2.0
second_01,carrot_planted,0.807945,1.0,-1.0
second_01,carrot_planted,0.752958,2.0,5.0
second_01,grass,0.741221,1.5,1.0
second_01,tree_evergreen_3,0.705819,-3.5,2.0
second_01,carrot_planted,0.483028,2.0,3.0
second_01,grass_picked,0.461435,-0.5,1.0
second_01,grass,0.894116,1.5,1.0
second_01,grass,0.888046,2.0,3.0
second_01,grass,0.886284,0.5,4.0
second_01,wilson,0.82182,1.5,1.0
second_01,grass,0.735508,5.0,2.0
second_01,hound,0.710957,4.0,-5.0
second_01,hound,0.682945,-10.5,2.0
second_01,spider,0.633354,-2.5,6.0
second_01,spider,0.619291,2.5,4.0
second_01,grass,0.859599,-0.5,3.0
second_01,berry_bush_harvested,0.841033,1.5,-1.0
second_01,wilson,0.827774,-0.5,5.0
second_01,grass_picked,0.739874,2.0,-2.0
second_01,carrot_planted,0.606712,0.0,-1.0
second_01,berry_bush_harvested,0.866151,3.0,-2.0
second_01,grass,0.845693,2.0,1.0
second_01,tree_evergreen_1,0.842768,-4.0,14.0
second_01,wilson,0.80544,6.0,10.0
second_01,carrot_planted,0.79189,0.5,2.0
second_01,carrot_planted,0.750421,0.5,1.0
second_01,tree_evergreen_1,0.847131,-1.5,-1.0
second_01,berry_bush,0.845802,2.0,-1.0
second_01,tree_evergreen_1,0.838204,-0.5,1.0
second_01,sapling,0.822668,0.5,2.0
second_01,tree_evergreen_1,0.814078,1.0,3.0
second_01,sapling,0.795661,1.5,2.0
second_01,tree_evergreen_2,0.793046,3.5,1.0
second_01,grass,0.790799,1.0,3.0
second_01,tree_evergreen_1,0.780661,0.5,4.0
second_01,sapling,0.768756,0.5,4.0
second_01,tree_evergreen_2,0.764051,-1.5,0.0
second_01,grass,0.446405,-0.5,0.0
second_01,grass,0.873037,0.5,1.0
second_01,grass,0.858121,0.5,2.0
second_01,tree_evergreen_3,0.853783,2.0,-7.0
second_01,grass,0.853102,1.0,1.0
second_01,grass,0.846946,1.5,2.0
second_01,grass,0.843878,2.0,1.0
second_01,wilson,0.841656,1.0,2.0
second_01,tree_evergreen_1,0.822149,-2.5,-1.0
second_01,sapling,0.81617,-0.5,2.0
second_01,tree_evergreen_2,0.804394,-3.5,0.0
second_01,sapling,0.799118,1.5,2.0
second_01,tree_evergreen_2,0.734194,0.0,1.0
second_01,tree_evergreen_3,0.69157,0.0,0.0
second_01,tree_evergreen_1,0.365365,-1.0,0.0
second_01,grass,0.867739,0.5,3.0
second_01,grass,0.864943,0.5,1.0
second_01,grass,0.857187,0.5,3.0
second_01,tree_evergreen_3,0.843554,1.0,2.0
second_01,grass,0.841109,0.5,3.0
second_01,grass,0.836969,0.5,2.0
second_01,tree_evergreen_3,0.827219,-1.0,4.0
second_01,sapling,0.81219,2.0,0.0
second_01,sapling,0.799647,2.5,2.0
second_01,tree_evergreen_2,0.780385,0.5,11.0
second_01,tree_evergreen_1,0.754603,3.5,2.0
second_01,wilson,0.724251,2.0,2.0
second_01,tree_evergreen_2,0.116854,0.5,6.0
second_01,grass,0.879203,0.0,0.0
second_01,grass,0.864888,0.0,3.0
second_01,grass,0.857799,0.5,2.0
second_01,tree_evergreen_3,0.854479,7.0,2.0
second_01,tree_evergreen_3,0.848916,-1.0,-4.0
second_01,tree_evergreen_1,0.827697,0.5,1.0
second_01,grass,0.821727,-1.5,3.0
second_01,sapling,0.817717,1.0,1.0
second_01,grass,0.812365,1.0,-2.0
second_01,sapling,0.811793,2.0,1.0
second_01,tree_evergreen_2,0.782612,4.0,-2.0
second_01,wilson,0.509127,-13.5,-4.0
second_01,berry_bush_harvested,0.870627,0.5,2.0
second_01,grass,0.856793,1.5,3.0
second_01,grass,0.854503,-0.5,1.0
second_01,tree_evergreen_3,0.853681,-3.0,7.0
second_01,tree_evergreen_3,0.837038,3.5,-2.0
second_01,grass,0.817747,1.0,0.0
second_01,tree_evergreen_3,0.805451,-0.5,5.0
second_01,tree_evergreen_1,0.792865,1.0,-3.0
second_01,tree_evergreen_2,0.785797,-1.0,-5.0
second_01,grass,0.784931,1.5,1.0
second_01,sapling,0.744465,1.5,5.0
second_01,sapling,0.412428,-1.0,4.0
second_01,tree_evergreen_3,0.856265,-2.0,-2.0
second_01,grass,0.854886,1.5,3.0
second_01,tree_evergreen_3,0.843202,-1.5,7.0
second_01,grass,0.829739,0.5,2.0
second_01,tree_evergreen_3,0.822402,-1.5,-4.0
second_01,wilson,0.817321,4.5,0.0
second_01,sapling_picked,0.802234,1.0,2.0
second_01,sapling,0.725304,-2.0,2.0
second_01,tree_evergreen_2,0.678979,2.0,2.0
second_01,tree_evergreen_3,0.854953,3.5,6.0
second_01,grass,0.854274,1.0,4.0
second_01,sapling_picked,0.853679,2.0,2.0
second_01,tree_evergreen_3,0.851238,-1.0,2.0
second_01,grass,0.836462,1.0,3.0
second_01,wilson,0.832196,1.0,-1.0
second_01,tree_evergreen_3,0.809316,-3.5,-5.0
second_01,grass_picked,0.805325,1.0,2.0
second_01,sapling,0.73319,-1.0,0.0
second_01,tree_evergreen_2,0.526201,0.0,-1.0
second_01,grass,0.875144,1.5,1.0
second_01,grass,0.863691,0.5,1.0
second_01,sapling_picked,0.862494,0.5,3.0
second_01,tree_evergreen_3,0.856283,6.0,-1.0
second_01,sapling_picked,0.855384,2.5,0.0
second_01,grass,0.849805,0.0,2.0
second_01,tree_evergreen_3,0.844178,-1.5,1.0
second_01,tree_evergreen_3,0.842525,0.5,-5.0
second_01,tree_evergreen_1,0.8128,1.5,-2.0
second_01,tree_evergreen_2,0.789144,1.5,4.0
second_01,tree_evergreen_2,0.672325,4.5,1.0
second_01,grass_picked,0.593344,0.0,0.0
second_01,grass,0.87403,1.5,-1.0
second_01,grass,0.859277,-0.5,0.0
second_01,tree_evergreen_1,0.859094,-3.0,2.0
second_01,sapling_picked,0.858066,1.5,4.0
second_01,sapling_picked,0.853592,2.5,1.0
second_01,tree_evergreen_3,0.853341,-1.0,7.0
second_01,tree_evergreen_3,0.84723,0.0,0.0
second_01,tree_evergreen_3,0.841217,1.5,0.0
second_01,wilson,0.798954,-2.0,5.0
second_01,tree_evergreen_2,0.797965,0.5,2.0
second_01,grass,0.794731,0.5,5.0
second_01,tree_evergreen_2,0.629916,3.0,5.0
second_01,grass_picked,0.425999,0.5,1.0
second_01,grass_picked,0.327375,3.5,4.0
second_01,berry_bush_harvested,0.878669,-1.5,0.0
second_01,grass,0.844413,-0.5,2.0
second_01,sapling_picked,0.841534,-0.5,3.0
second_01,sapling_picked,0.830433,0.5,0.0
second_01,tree_evergreen_2,0.828359,0.5,-4.0
second_01,tree_evergreen_1,0.821296,1.5,0.0
second_01,tree_evergreen_1,0.817057,2.0,5.0
second_01,grass_picked,0.798926,-1.0,1.0
second_01,grass_picked,0.79258,0.5,0.0
second_01,tree_evergreen_3,0.789598,-0.5,-8.0
second_01,tree_evergreen_1,0.786775,-0.5,9.0
second_01,sapling_picked,0.784895,2.0,8.0
second_01,tree_evergreen_2,0.777193,1.5,3.0
second_01,grass_picked,0.748281,-1.0,2.0
second_01,grass_picked,0.706769,-1.0,2.0
second_01,wilson,0.67192,6.0,9.0
second_01,tree_evergreen_3,0.52923,1.0,-1.0
second_01,grass_picked,0.158663,0.5,1.0
second_01,grass,0.882915,-0.5,2.0
second_01,grass,0.882052,0.5,0.0
second_01,wilson,0.839919,0.5,6.0
second_01,grass,0.811404,-1.5,4.0
second_01,hound,0.806204,1.0,3.0
second_01,grass,0.783586,1.5,1.0
second_01,sapling,0.768699,-0.5,3.0
second_01,grass,0.751886,0.5,2.0
second_01,hound,0.547267,1.5,5.0
second_01,spider,0.503319,6.5,7.0
second_01,spider,0.198204,-11.5,14.0
second_01,hound,0.122582,-23.5,-2.0
second_01,spider,0.121997,-36.5,48.0
second_01,grass,0.878481,0.5,3.0
second_01,grass,0.869046,-0.5,3.0
second_01,grass,0.854997,2.0,2.0
second_01,wilson,0.848861,1.5,-1.0
second_01,tree_evergreen_3,0.833482,1.5,-3.0
second_01,sapling,0.822838,0.5,0.0
second_01,sapling,0.807602,1.5,2.0
second_01,tree_evergreen_1,0.79584,-2.0,10.0
second_01,tree_evergreen_2,0.514306,-3.0,4.0
second_01,tree_evergreen_1,0.5048,-2.0,3.0
second_01,grass,0.890011,1.0,0.0
second_01,grass,0.877169,0.5,1.0
second_01,wilson,0.856491,0.0,1.0
second_01,grass,0.833124,-1.0,2.0
second_01,hound,0.830243,-1.0,2.0
second_01,grass,0.814782,-1.0,1.0
second_01,hound,0.751486,4.0,4.0
second_01,grass,0.714291,2.0,-1.0
second_01,sapling,0.690297,-2.0,3.0
second_01,spider,0.599001,-5.0,3.0
second_01,spider,0.539581,-3.0,-3.0
second_01,spider,0.320181,-22.0,18.0
second_01,tree_evergreen_1,0.84326,-1.0,1.0
second_01,sapling_picked,0.826551,-2.5,3.0
second_01,tree_evergreen_3,0.813204,0.0,-3.0
second_01,tree_evergreen_1,0.800164,-3.0,8.0
second_01,sapling_picked,0.794264,2.5,0.0
second_01,tree_evergreen_3,0.790277,3.5,3.0
second_01,wilson,0.769078,-0.5,4.0
second_01,grass_picked,0.543613,1.5,1.0
second_01,tree_evergreen_3,0.838009,-6.0,4.0
second_01,wilson,0.814141,-2.0,4.0
second_01,tree_evergreen_3,0.804044,2.5,-9.0
second_01,tree_evergreen_1,0.797043,-3.0,2.0
second_01,tree_evergreen_1,0.754349,2.0,0.0
second_01,sapling_picked,0.740861,1.0,0.0
second_01,grass_picked,0.726995,0.5,1.0
second_01,sapling_picked,0.688259,-0.5,4.0
second_01,grass,0.876834,0.5,2.0
second_01,grass,0.852438,-0.5,-1.0
second_01,wilson,0.849036,1.5,4.0
second_01,sapling_picked,0.830588,2.0,1.0
second_01,tree_evergreen_1,0.8206,-1.0,2.0
second_01,sapling,0.816261,0.0,0.0
second_01,grass,0.212943,-2.0,7.0
second_01,grass,0.872743,1.0,4.0
second_01,grass,0.857219,-0.5,2.0
second_01,grass,0.843341,0.5,2.0
second_01,grass,0.840144,1.5,3.0
second_01,grass,0.836192,0.5,3.0
second_01,sapling,0.815496,1.5,0.0
second_01,tree_evergreen_3,0.813416,-4.5,-5.0
second_01,tree_evergreen_2,0.796683,-2.5,1.0
second_01,wilson,0.794024,3.0,0.0
second_01,grass,0.644663,4.5,14.0
second_01,grass,0.88258,2.0,1.0
second_01,grass,0.873488,1.5,4.0
second_01,grass,0.867484,1.5,5.0
second_01,grass,0.852308,1.5,4.0
second_01,grass,0.846229,1.0,-3.0
second_01,grass,0.837206,0.5,2.0
second_01,wilson,0.814627,-0.5,4.0
second_01,sapling,0.805134,0.5,3.0
second_01,tree_evergreen_2,0.78459,2.0,1.0
second_01,tree_evergreen_3,0.717684,-6.5,4.0
second_01,grass,0.884882,1.0,3.0
second_01,grass,0.873867,1.0,4.0
second_01,tree_evergreen_3,0.818634,-5.5,0.0
second_01,wilson,0.817735,3.0,5.0
second_01,grass,0.803147,-0.5,0.0
second_01,tree_evergreen_2,0.730534,-4.5,-3.0
second_01,grass,0.623464,4.5,21.0
second_01,grass,0.87268,1.5,2.0
second_01,grass,0.866008,0.5,4.0
second_01,wilson,0.857108,1.0,6.0
second_01,grass,0.855776,-0.5,2.0
second_01,grass_picked,0.831953,-0.5,3.0
second_01,grass,0.764018,1.0,-1.0
second_01,sapling_picked,0.756522,-0.5,4.0
second_01,grass,0.588332,1.0,5.0
second_01,grass,0.47018,3.0,2.0
second_01,grass,0.835973,0.5,1.0
second_01,wilson,0.828756,1.5,3.0
second_01,grass,0.824232,1.5,3.0
second_01,grass,0.81436,1.5,4.0
second_01,grass,0.754245,0.5,2.0
second_01,grass,0.70161,2.0,3.0
second_01,grass_picked,0.686653,0.5,1.0
second_01,grass_picked,0.593793,-0.5,0.0
second_01,grass,0.117518,6.5,10.0
second_01,grass,0.872536,0.5,-7.0
second_01,grass,0.864264,0.5,0.0
second_01,grass,0.818557,-0.5,-5.0
second_01,grass,0.816499,-0.5,2.0
second_01,wilson,0.808915,-2.5,2.0
second_01,grass,0.699299,1.5,0.0
second_01,grass_picked,0.645212,0.0,2.0
second_01,grass_picked,0.367591,-2.5,3.0
second_01,grass,0.881698,0.5,3.0
second_01,grass,0.862458,1.5,3.0
second_01,grass,0.855164,0.5,2.0
second_01,grass,0.854523,1.5,1.0
second_01,grass,0.843606,-0.5,1.0
second_01,wilson,0.82711,1.5,2.0
second_01,grass,0.859524,0.0,3.0
second_01,grass,0.844135,-0.5,2.0
second_01,grass,0.84324,1.5,2.0
second_01,grass,0.838187,0.5,2.0
second_01,wilson,0.834255,0.5,4.0
second_01,grass,0.861562,-0.5,2.0
second_01,grass,0.855035,1.5,-1.0
second_01,grass,0.846192,2.0,4.0
second_01,wilson,0.806237,2.5,6.0
second_01,grass,0.864622,-1.5,2.0
second_01,grass,0.851549,2.0,1.0
second_01,grass,0.844623,1.5,3.0
second_01,sapling,0.833196,0.5,2.0
second_01,wilson,0.822158,1.5,-1.0
second_01,spider,0.781296,3.0,4.0
second_01,grass,0.875643,1.5,3.0
second_01,grass,0.870133,0.5,4.0
second_01,grass,0.864062,0.5,2.0
second_01,grass,0.863788,1.5,4.0
second_01,wilson,0.851881,0.5,9.0
second_01,grass,0.870779,1.0,1.0
second_01,grass,0.853927,-0.5,4.0
second_01,grass,0.849132,2.0,2.0
second_01,wilson,0.80862,1.5,-2.0
second_01,grass,0.873513,2.5,2.0
second_01,grass,0.870214,1.5,2.0
second_01,grass,0.864241,0.5,3.0
second_01,grass,0.864003,0.5,0.0
second_01,grass,0.862918,3.0,3.0
second_01,grass,0.84949,0.0,2.0
second_01,wilson,0.82392,-1.0,6.0
second_01,grass,0.881448,1.0,1.0
second_01,grass,0.878314,0.5,3.0
second_01,grass,0.871187,0.0,0.0
second_01,grass,0.869135,-0.5,0.0
second_01,grass,0.864296,0.5,4.0
second_01,grass,0.863088,0.0,-1.0
second_01,grass,0.858435,0.5,2.0
second_01,wilson,0.814615,-2.5,8.0
second_01,grass,0.876691,1.0,4.0
second_01,grass,0.867964,3.0,3.0
second_01,grass,0.866137,2.0,0.0
second_01,grass,0.862162,1.0,3.0
second_01,grass,0.86067,1.0,1.0
second_01,grass,0.859481,0.5,2.0
second_01,grass,0.846318,2.0,0.0
second_01,grass,0.837443,1.5,1.0
second_01,wilson,0.826997,4.0,-1.0
second_01,grass,0.882734,0.5,2.0
second_01,grass,0.858016,1.0,2.0
second_01,grass,0.843437,5.0,3.0
second_01,grass,0.832497,0.0,4.0
second_01,wilson,0.83086,0.5,-2.0
second_01,grass,0.115321,57.0,61.0
second_01,wilson,0.827144,4.0,-2.0
second_01,wilson,0.837464,0.5,3.0
second_01,tree_evergreen_3,0.850611,-1.5,6.0
second_01,sapling,0.810949,0.5,2.0
second_01,tree_evergreen_2,0.777345,-4.0,1.0
second_01,sapling,0.75909,0.0,-2.0
second_01,carrot_planted,0.628164,0.0,3.0
second_01,tree_evergreen_1,0.563011,1.5,3.0
second_01,tree_evergreen_3,0.856992,-2.5,2.0
second_01,tree_evergreen_1,0.838636,1.5,5.0
second_01,tree_evergreen_2,0.816549,3.0,3.0
second_01,tree_evergreen_1,0.815645,-1.0,1.0
second_01,sapling,0.806303,1.5,1.0
second_01,tree_evergreen_2,0.799209,2.5,5.0
second_01,sapling,0.786828,1.5,2.0
second_01,flint,0.773,1.0,2.0
second_01,carrot_planted,0.760819,1.0,1.0
second_01,sapling,0.695334,-1.0,1.0
second_01,tree_evergreen_3,0.853963,-0.5,3.0
second_01,sapling_picked,0.843918,1.0,1.0
second_01,tree_evergreen_1,0.841929,0.5,-4.0
second_01,wilson,0.834479,2.5,2.0
second_01,sapling,0.819428,2.0,7.0
second_01,flint,0.816702,1.0,1.0
second_01,tree_evergreen_2,0.805514,5.5,-9.0
second_01,sapling,0.80359,2.0,2.0
second_01,tree_evergreen_1,0.794515,-3.0,1.0
second_01,carrot_planted,0.791373,3.0,2.0
second_01,tree_evergreen_2,0.774324,3.5,1.0
second_01,flint,0.200804,1.0,7.0
second_01,flint,0.838407,1.5,0.0
second_01,sapling_picked,0.819051,0.5,0.0
second_01,tree_evergreen_3,0.818578,-1.0,-3.0
second_01,wilson,0.796938,-1.5,1.0
second_01,tree_evergreen_2,0.790328,2.0,5.0
second_01,tree_evergreen_2,0.770128,-1.0,-6.0
second_01,sapling,0.723797,5.0,2.0
second_01,sapling,0.126463,-1.0,-1.0
second_01,tree_evergreen_1,0.111616,1.5,-2.0
second_01,grass,0.852065,0.5,4.0
second_01,sapling_picked,0.815062,4.0,-1.0
second_01,sapling_picked,0.808449,0.5,2.0
second_01,wilson,0.804832,-1.5,10.0
second_01,tree_evergreen_2,0.798089,-2.0,-4.0
second_01,flint,0.559067,-2.5,1.0
second_01,sapling,0.490009,2.5,-1.0
second_01,sapling_picked,0.875562,0.5,-1.0
second_01,wilson,0.839435,1.0,2.0
second_01,tree_evergreen_2,0.817785,-1.5,3.0
second_01,sapling_picked,0.677288,-1.0,1.0
second_01,grass,0.657982,2.0,2.0
second_01,wilson,0.866054,0.0,-2.0
second_01,sapling_picked,0.266975,-2.0,2.0
second_01,wilson,0.845757,-1.5,1.0
second_01,wilson,0.840277,-1.5,1.0
second_01,wilson,0.844577,-4.5,-4.0
second_01,wilson,0.829227,1.0,1.0
second_01,rock1,0.86241,-1.5,-7.0
second_01,tree_evergreen_1,0.836578,2.0,-3.0
second_01,tree_evergreen_2,0.800449,4.0,4.0
second_01,wilson,0.797726,-2.0,0.0
second_01,tree_evergreen_3,0.792634,0.5,4.0
second_01,rock1,0.85172,-1.0,-1.0
second_01,grass,0.835673,1.5,2.0
second_01,wilson,0.819562,0.5,3.0
second_01,tree_evergreen_1,0.788257,-2.5,-1.0
second_01,tree_evergreen_2,0.76964,0.0,1.0
second_01,tree_evergreen_3,0.659178,1.0,1.0
second_01,wilson,0.826571,1.5,5.0
second_01,grass,0.801729,-0.5,1.0
second_01,tree_evergreen_1,0.461118,-2.5,-3.0
second_01,wilson,0.874521,1.0,3.0
second_01,wilson,0.847013,-1.5,3.0
second_01,sapling,0.836832,2.0,2.0
second_01,sapling,0.831987,2.5,1.0
second_01,sapling,0.804284,0.5,2.0
second_01,wilson,0.825265,5.0,5.0
second_01,sapling,0.809502,0.5,-1.0
second_01,grass,0.856291,2.0,4.0
second_01,wilson,0.831606,2.5,3.0
second_01,grass,0.886233,0.0,4.0
second_01,grass,0.884339,2.0,1.0
second_01,grass,0.883937,-0.5,2.0
second_01,sapling,0.8363,1.0,0.0
second_01,wilson,0.827254,-2.0,3.0
second_01,grass,0.876542,2.0,0.0
second_01,wilson,0.817568,0.5,2.0
second_01,grass,0.880465,1.5,2.0
second_01,wilson,0.80979,0.5,3.0
second_01,grass,0.879753,0.5,3.0
second_01,grass,0.877971,-0.5,-1.0
second_01,wilson,0.813454,-0.5,3.0
second_01,grass,0.89935,0.5,3.0
second_01,wilson,0.839341,3.5,1.0
second_01,grass,0.88937,0.0,1.0
second_01,wilson,0.845916,2.5,-1.0
second_01,grass,0.871386,0.5,0.0
second_01,grass,0.838693,0.5,2.0
second_01,wilson,0.834494,3.5,5.0
second_01,grass,0.813795,2.5,0.0
second_01,grass,0.883052,2.0,0.0
second_01,grass,0.874419,0.5,4.0
second_01,grass,0.868285,1.0,0.0
second_01,wilson,0.845105,-2.5,-5.0
second_01,grass,0.842667,2.0,1.0
second_01,grass,0.894583,0.5,4.0
second_01,grass,0.878108,1.5,2.0
second_01,grass,0.875612,1.5,0.0
second_01,grass,0.875517,2.0,1.0
second_01,wilson,0.821583,3.5,5.0
second_01,grass,0.876419,-1.0,-3.0
second_01,wilson,0.854264,1.5,-2.0
second_01,grass,0.837988,1.5,3.0
second_01,grass,0.828475,3.5,3.0
second_01,grass,0.89384,0.5,5.0
second_01,grass,0.881277,1.0,1.0
second_01,wilson,0.868157,-2.0,2.0
second_01,grass,0.862794,0.5,3.0
second_01,wilson,0.851247,-3.5,-2.0
second_01,grass,0.896177,0.5,2.0
second_01,grass,0.85147,1.5,1.0
second_01,wilson,0.796457,1.0,-2.0
second_01,grass,0.889536,0.5,3.0
second_01,grass,0.884282,2.0,2.0
second_01,grass,0.874899,0.5,3.0
second_01,grass,0.873522,1.0,2.0
second_01,rock2,0.836805,0.0,1.0
second_01,wilson,0.790721,-8.0,8.0
second_01,grass,0.882501,1.0,1.0
second_01,grass,0.874187,0.0,1.0
second_01,rock2,0.856386,-3.0,3.0
second_01,wilson,0.835337,1.0,3.0
second_01,grass,0.7789,2.0,3.0
second_01,tallbird,0.516199,6.5,-32.0
second_01,grass,0.895618,-0.5,2.0
second_01,grass,0.882157,0.5,2.0
second_01,grass,0.86708,-0.5,3.0
second_01,rock2,0.847375,-0.5,-6.0
second_01,wilson,0.842317,0.0,-6.0
second_01,tallbird,0.594259,-0.5,-10.0
second_01,grass,0.882667,0.5,4.0
second_01,grass,0.874946,1.0,3.0
second_01,wilson,0.809311,-2.5,-3.0
second_01,grass,0.884095,-0.5,1.0
second_01,grass,0.8729,0.5,5.0
second_01,grass,0.84382,0.5,3.0
second_01,grass,0.837128,-0.5,2.0
second_01,sapling,0.819967,2.0,3.0
second_01,grass,0.81363,1.5,4.0
second_01,wilson,0.813586,4.5,2.0
second_01,grass,0.783266,-1.0,7.0
second_01,tree_evergreen_1,0.764409,-3.0,6.0
second_01,tree_evergreen_1,0.747394,2.5,7.0
second_01,tree_evergreen_1,0.679745,-1.5,0.0
second_01,grass,0.90155,1.0,3.0
second_01,grass,0.840827,-0.5,2.0
second_01,grass,0.815511,-0.5,0.0
second_01,wilson,0.807974,1.5,1.0
second_01,sapling,0.752497,3.5,4.0
second_01,grass,0.663028,1.0,1.0
second_01,hound,0.461578,2.0,-1.0
second_01,spider,0.42307,2.5,0.0
second_01,spider,0.14946,24.5,2.0
second_01,grass,0.888539,0.5,2.0
second_01,grass,0.879096,-0.5,0.0
second_01,grass,0.860505,0.5,0.0
second_01,wilson,0.844508,5.5,-1.0
second_01,grass,0.892859,2.0,2.0
second_01,grass,0.879448,1.5,2.0
second_01,wilson,0.836876,2.0,-2.0
second_01,grass,0.834244,-0.5,2.0
second_01,grass,0.884373,2.5,1.0
second_01,grass,0.882262,1.0,3.0
second_01,wilson,0.81667,1.5,7.0
second_01,grass,0.715419,-1.5,3.0
second_01,grass,0.89621,0.5,3.0
second_01,wilson,0.84714,4.5,3.0
second_01,grass,0.87739,2.0,3.0
second_01,wilson,0.837432,1.0,5.0
second_01,grass,0.881709,0.5,0.0
second_01,wilson,0.823564,3.5,3.0
second_01,grass,0.897931,0.5,4.0
second_01,grass,0.846255,0.0,3.0
second_01,grass,0.840344,2.0,1.0
second_01,wilson,0.791222,0.5,1.0
second_01,sapling,0.767021,4.0,4.0
second_01,hound,0.727739,4.5,14.0
second_01,spider,0.615525,-1.5,5.0
second_01,grass,0.600762,0.0,7.0
second_01,grass,0.18104,2.0,-6.0
second_01,hound,0.173091,17.5,6.0
second_01,grass,0.881599,1.0,0.0
second_01,grass,0.880741,1.5,1.0
second_01,grass,0.849433,0.0,4.0
second_01,grass,0.834207,1.0,-1.0
second_01,wilson,0.814852,3.0,0.0
second_01,grass,0.766656,0.5,0.0
second_01,grass,0.883041,-0.5,2.0
second_01,grass,0.870367,1.0,1.0
second_01,grass,0.868926,1.5,0.0
second_01,grass,0.831766,0.0,5.0
second_01,wilson,0.811831,0.0,1.0
second_01,grass,0.898273,1.5,3.0
second_01,grass,0.896141,1.0,5.0
second_01,grass,0.884888,0.5,3.0
second_01,grass,0.878709,0.5,4.0
second_01,grass,0.843679,-0.5,2.0
second_01,wilson,0.814565,-1.0,7.0
second_01,grass,0.889894,1.0,0.0
second_01,grass,0.887816,1.5,1.0
second_01,grass,0.885657,3.0,2.0
second_01,wilson,0.801738,4.0,5.0
second_01,wilson,0.863081,0.5,6.0
second_01,grass,0.902161,2.0,4.0
second_01,grass,0.843379,0.5,2.0
second_01,grass,0.838593,0.5,0.0
second_01,sapling,0.780864,1.5,0.0
second_01,hound,0.765502,3.5,-2.0
second_01,grass,0.639213,-0.5,7.0
second_01,spider,0.575103,8.0,-1.0
second_01,wilson,0.536999,2.0,1.0
second_01,hound,0.443601,-2.0,-2.0
second_01,spider,0.107685,13.5,8.0
second_01,grass,0.886872,1.5,2.0
second_01,grass,0.879169,0.5,2.0
second_01,wilson,0.821271,1.0,5.0
second_01,grass,0.614616,1.5,4.0
second_01,grass,0.890899,0.5,1.0
second_01,grass,0.867994,0.0,5.0
second_01,wilson,0.846418,0.0,2.0
second_01,grass,0.871781,3.0,3.0
second_01,rock2,0.857591,-2.5,5.0
second_01,wilson,0.834741,0.0,0.0
second_01,flint,0.785027,0.5,4.0
second_01,grass,0.856305,-1.5,4.0
second_01,grass,0.85532,1.0,3.0
second_01,wilson,0.839812,1.5,0.0
second_01,grass,0.826752,0.0,-1.0
second_01,flint,0.778043,-2.5,5.0
second_01,grass,0.886626,0.5,3.0
second_01,wilson,0.824103,2.0,4.0
second_01,grass,0.894265,1.0,1.0
second_01,grass,0.886707,0.5,1.0
second_01,wilson,0.813599,0.0,2.0
second_01,grass,0.883597,0.5,5.0
second_01,grass,0.859203,2.5,8.0
second_01,grass,0.841479,2.0,2.0
second_01,grass,0.84092,-1.5,6.0
second_01,wilson,0.808615,0.5,5.0
second_01,sapling,0.806836,-0.5,2.0
second_01,hound,0.707544,-1.5,6.0
second_01,spider,0.662186,2.0,3.0
second_01,hound,0.228575,12.0,9.0
second_01,hound,0.118876,-22.5,-4.0
second_01,wilson,0.811536,-3.0,1.0
second_01,sapling_picked,0.780299,2.0,4.0
second_01,grass,0.720468,-1.0,2.0
second_01,tree_evergreen_2,0.227904,3.0,2.0
second_01,wilson,0.849626,0.5,1.0
second_01,sapling_picked,0.23023,-4.5,4.0
second_01,sapling,0.836327,0.0,1.0
second_01,wilson,0.793967,2.5,1.0
second_01,wilson,0.852835,-0.5,2.0
second_01,grass,0.884286,1.0,2.0
second_01,grass,0.880055,-0.5,3.0
second_01,berry_bush_harvested,0.868431,3.0,7.0
second_01,grass,0.85974,0.5,2.0
second_01,wilson,0.835035,0.0,0.0
second_01,sapling,0.822259,1.0,2.0
second_01,sapling,0.813863,1.5,3.0
second_01,tree_evergreen_3,0.513563,3.0,-2.0
second_01,berry_bush_harvested,0.88864,1.0,2.0
second_01,grass,0.863187,1.0,4.0
second_01,grass,0.858713,0.5,2.0
second_01,sapling,0.832366,1.5,0.0
second_01,sapling,0.798361,0.5,1.0
second_01,sapling,0.621671,8.0,4.0
second_01,tree_evergreen_1,0.385043,3.5,11.0
second_01,grass,0.878337,0.5,2.0
second_01,sapling,0.839124,1.0,2.0
second_01,sapling_picked,0.830048,3.0,3.0
second_01,sapling,0.815219,1.0,4.0
second_01,wilson,0.812707,2.5,-4.0
second_01,tree_evergreen_3,0.798001,0.5,6.0
second_01,grass,0.736654,0.0,6.0
second_01,tree_evergreen_2,0.653624,2.0,-4.0
second_01,grass_picked,0.617043,-0.5,-1.0
second_01,grass,0.88159,0.0,-1.0
second_01,sapling,0.830275,1.0,2.0
second_01,sapling_picked,0.818632,1.5,3.0
second_01,tree_evergreen_3,0.621938,6.5,7.0
second_01,grass_picked,0.528935,-1.5,1.0
second_01,tree_evergreen_2,0.409568,1.5,10.0
second_01,tree_evergreen_2,0.237849,-2.0,-2.0
second_01,grass,0.884236,0.5,0.0
second_01,grass,0.856087,-1.5,2.0
second_01,sapling,0.845831,1.0,2.0
second_01,wilson,0.818667,0.0,6.0
second_01,grass,0.81368,-2.0,3.0
second_01,grass,0.770742,-1.5,5.0
second_01,tree_evergreen_3,0.747723,1.0,1.0
second_01,grass,0.642332,-5.0,-2.0
second_01,grass,0.463406,-15.5,-9.0
second_01,grass,0.846906,-0.5,5.0
second_01,grass,0.846437,-1.0,7.0
second_01,grass,0.845752,2.0,1.0
second_01,sapling,0.824695,2.0,2.0
second_01,tree_evergreen_1,0.79079,1.5,0.0
second_01,tree_evergreen_3,0.781404,4.0,-4.0
second_01,grass,0.778714,2.5,1.0
second_01,wilson,0.73075,1.5,2.0
second_01,tree_evergreen_3,0.661361,1.5,-5.0
second_01,grass,0.883391,0.5,1.0
second_01,grass,0.872481,1.5,5.0
second_01,tree_evergreen_1,0.846,0.5,-2.0
second_01,sapling,0.837413,0.5,3.0
second_01,wilson,0.768173,3.0,4.0
second_01,tree_evergreen_3,0.763483,2.5,-4.0
second_01,tree_evergreen_3,0.654025,1.0,6.0
second_01,grass,0.336375,-71.5,-58.0
second_01,grass,0.878874,1.5,-1.0
second_01,grass,0.857187,0.5,1.0
second_01,grass,0.850577,2.5,-1.0
second_01,sapling,0.834018,1.5,0.0
second_01,tree_evergreen_1,0.752653,1.0,3.0
second_01,wilson,0.710281,-1.5,0.0
second_01,tree_evergreen_3,0.644786,1.0,5.0
second_01,berry_bush_harvested,0.889139,2.0,2.0
second_01,grass,0.883106,0.5,2.0
second_01,grass,0.856054,0.5,6.0
second_01,sapling,0.833615,1.5,1.0
second_01,wilson,0.802957,1.5,-3.0
second_01,tree_evergreen_3,0.778129,0.0,4.0
second_01,tree_evergreen_1,0.761793,0.5,4.0
second_01,grass,0.869602,-0.5,5.0
second_01,grass,0.863156,0.0,3.0
second_01,berry_bush_harvested,0.843927,2.0,3.0
second_01,wilson,0.836864,1.0,2.0
second_01,tree_evergreen_1,0.790611,1.5,-2.0
second_01,sapling_picked,0.786244,0.0,3.0
second_01,tree_evergreen_3,0.771039,0.5,-5.0
second_01,tree_evergreen_3,0.717651,-1.0,-5.0
second_01,grass,0.627953,-65.5,-56.0
second_01,grass,0.873071,0.0,2.0
second_01,grass,0.868027,0.5,1.0
second_01,tree_evergreen_1,0.828459,-2.0,1.0
second_01,sapling_picked,0.826995,0.0,1.0
second_01,wilson,0.820569,-5.5,5.0
second_01,grass_picked,0.808301,0.0,0.0
second_01,tree_evergreen_3,0.782372,0.0,0.0
second_01,tree_evergreen_3,0.765483,5.5,-3.0
second_01,grass,0.672306,0.0,-3.0
second_01,wilson,0.825092,-1.5,1.0
second_01,grass,0.819119,0.0,6.0
second_01,grass,0.887655,0.5,4.0
second_01,grass,0.88254,1.0,2.0
second_01,grass,0.862715,0.5,1.0
second_01,grass,0.858485,2.5,0.0
second_01,hound,0.821298,0.5,0.0
second_01,wilson,0.816051,1.5,0.0
second_01,sapling,0.798342,2.5,1.0
second_01,hound,0.70834,3.0,-6.0
second_01,hound,0.146685,-2.0,-23.0
second_01,grass,0.898869,0.5,0.0
second_01,grass,0.890989,1.5,2.0
second_01,grass,0.880662,0.5,2.0
second_01,grass,0.88001,1.5,1.0
second_01,wilson,0.827457,2.0,6.0
second_01,clock_knight,0.274376,-2.0,-4.0
second_01,grass,0.83847,5.5,2.0
second_01,wilson,0.809007,0.0,1.0
second_01,clock_bishop,0.682342,5.5,7.0
second_01,wilson,0.821521,7.0,8.0
second_01,flint,0.325292,-0.5,5.0
second_01,wilson,0.843912,0.0,3.0
second_01,sapling,0.838179,1.5,3.0
second_01,sapling,0.830045,0.0,-1.0
second_01,wilson,0.755087,1.5,8.0
second_01,wilson,0.828362,2.0,3.0
second_01,flint,0.766607,-1.5,-4.0
second_01,wilson,0.831951,-1.0,-2.0
second_01,rock2,0.769598,10.5,-3.0
second_01,flint,0.74708,0.0,2.0
second_01,flint,0.782256,-2.0,5.0
second_01,flint,0.252397,-3.5,-5.0
second_01,flint,0.778916,2.5,-1.0
second_01,wilson,0.49756,6.0,1.0
second_01,wilson,0.751284,-2.0,1.0
second_01,wilson,0.715121,5.5,2.0
second_01,wilson,0.829899,2.5,-1.0
second_01,grass,0.815736,4.5,4.0
second_01,hound,0.802119,1.0,2.0
second_01,hound,0.744989,0.5,3.0
second_01,wilson,0.746092,6.0,13.0
second_01,wilson,0.822735,3.5,2.0
second_01,wilson,0.80065,2.0,-1.0
second_01,wilson,0.796215,3.0,-3.0
second_01,wilson,0.731376,-1.0,-3.0
second_01,grass,0.868419,2.5,7.0
second_01,grass,0.851145,-0.5,3.0
second_01,grass,0.826659,-0.5,1.0
second_01,wilson,0.807109,6.0,7.0
second_01,hound,0.7733,-0.5,3.0
second_01,hound,0.749812,0.0,5.0
second_01,wilson,0.831987,0.5,3.0
second_01,wilson,0.819882,-2.0,-1.0
second_01,wilson,0.806009,0.0,4.0
second_01,wilson,0.787803,1.5,6.0
second_01,wilson,0.803963,-9.0,12.0
second_01,wilson,0.774097,1.0,-3.0
second_01,wilson,0.805267,6.5,4.0
second_01,wilson,0.797985,4.0,11.0
second_01,wilson,0.853131,2.5,-2.0
second_01,wilson,0.827214,2.5,8.0
second_01,wilson,0.821975,1.0,-2.0
second_01,wilson,0.839409,0.5,-5.0
second_01,flint,0.742482,1.5,-2.0
second_01,rock1,0.650238,5.0,0.0
second_01,wilson,0.785174,3.5,2.0
second_01,wilson,0.785738,5.5,-1.0
second_01,rock2,0.18846,-11.5,6.0
second_01,rock2,0.698495,1.0,-1.0
second_01,wilson,0.820182,6.0,-4.0
second_01,wilson,0.842196,-1.5,2.0
second_01,wilson,0.827898,3.0,3.0
second_01,wilson,0.82912,-1.0,-1.0
second_01,rock2,0.871894,2.0,6.0
second_01,wilson,0.815575,0.5,0.0
second_01,flint,0.416346,1.0,-5.0
second_01,grass,0.871543,0.5,2.0
second_01,grass,0.863557,1.5,2.0
second_01,grass,0.859476,1.5,2.0
second_01,sapling,0.858993,3.0,1.0
second_01,grass,0.854105,0.0,2.0
second_01,sapling,0.829038,2.0,-2.0
second_01,grass,0.812267,-0.5,4.0
second_01,wilson,0.812083,-1.0,4.0
second_01,hound,0.720552,-2.5,2.0
second_01,spider,0.544062,-0.5,0.0
second_01,spider,0.477254,7.0,10.0
second_01,hound,0.253134,11.5,1.0
second_01,wilson,0.822169,-1.5,-1.0
second_01,flint,0.719641,0.5,0.0
second_01,wilson,0.823029,3.5,1.0
second_01,flint,0.577758,2.0,-3.0
second_01,rock2,0.864417,3.0,-2.0
second_01,wilson,0.851844,2.5,1.0
second_01,flint,0.659559,-0.5,4.0
second_01,rock1,0.864931,0.5,-4.0
second_01,wilson,0.690732,7.0,7.0
second_01,rock1,0.859635,-2.5,-6.0
second_01,wilson,0.742514,0.0,1.0
second_01,rock1,0.855365,-2.5,-1.0
second_01,wilson,0.838769,1.5,7.0
second_01,wilson,0.863547,0.5,2.0
second_01,rock1,0.86067,4.0,4.0
second_01,rock2,0.840712,2.5,2.0
second_01,gold_nugget,0.470965,2.0,-1.0
second_01,rocks,0.410444,-0.5,-4.0
second_01,flint,0.190464,-1.0,3.0
second_01,rock1,0.861874,2.0,4.0
second_01,wilson,0.829199,1.5,1.0
second_01,rocks,0.669497,-0.5,0.0
second_01,gold_nugget,0.552152,0.0,3.0
second_01,rocks,0.307151,0.5,-28.0
second_01,rock2,0.880365,1.0,2.0
second_01,rock2,0.870999,-1.5,6.0
second_01,rock1,0.855783,1.0,-7.0
second_01,rock2,0.854283,2.0,7.0
second_01,rock1,0.848467,1.5,2.0
second_01,rock1,0.838088,-3.0,1.0
second_01,wilson,0.833713,2.0,1.0
second_01,flint,0.792875,-0.5,0.0
second_01,rock1,0.358842,-1.0,5.0
second_01,grass,0.876563,1.5,1.0
second_01,grass,0.86188,1.5,7.0
second_01,grass,0.86118,0.5,5.0
second_01,grass,0.86032,-0.5,2.0
second_01,sapling,0.830952,1.5,3.0
second_01,sapling,0.827636,1.5,3.0
second_01,wilson,0.82501,-6.0,2.0
second_01,sapling,0.814814,-0.5,-1.0
second_01,sapling,0.808529,1.5,2.0
second_01,hound,0.753021,2.5,8.0
second_01,hound,0.736434,0.5,7.0
second_01,spider,0.627015,0.5,1.0
second_01,spider,0.315573,4.5,7.0
second_01,sapling,0.226732,5.5,3.0
second_01,wilson,0.856848,1.5,0.0
second_01,rock1,0.778959,-5.0,4.0
second_01,flint,0.774891,0.0,1.0
second_01,rock1,0.765313,0.0,2.0
second_01,flint,0.69655,-0.5,-1.0
second_01,rock2,0.882313,3.0,-1.0
second_01,rock1,0.851891,-2.0,-3.0
second_01,rock2,0.841204,2.0,-3.0
second_01,rock1,0.831265,-2.0,0.0
second_01,wilson,0.799714,3.0,3.0
second_01,spider_nest1,0.754738,3.0,2.0
second_01,gold_nugget,0.679873,0.0,-1.0
second_01,rocks,0.16958,0.0,3.0
second_01,wilson,0.866918,1.0,2.0
second_01,rock2,0.866583,1.0,-4.0
second_01,spider_nest1,0.851512,3.5,5.0
second_01,rock1,0.843202,3.5,4.0
second_01,rock1,0.830948,6.5,4.0
second_01,rock2,0.830723,5.0,5.0
second_01,rock2,0.82221,3.0,4.0
second_01,rocks,0.796447,-3.0,1.0
second_01,gold_nugget,0.587494,2.5,5.0
second_01,rock1,0.870753,1.5,-3.0
second_01,spider_nest1,0.869668,0.0,-5.0
second_01,rock1,0.864651,2.5,2.0
second_01,rock1,0.852717,2.5,1.0
second_01,rock2,0.85023,0.0,0.0
second_01,wilson,0.847492,2.0,-1.0
second_01,rocks,0.777622,2.5,1.0
second_01,rocks,0.763142,-0.5,-1.0
second_01,rocks,0.756301,0.5,1.0
second_01,rocks,0.285975,88.5,41.0
second_01,flint,0.172365,-7.0,0.0
second_01,rock1,0.852748,-1.5,-2.0
second_01,wilson,0.850455,0.0,3.0
second_01,spider_nest1,0.841724,1.0,5.0
second_01,spider_nest2,0.795411,5.0,0.0
second_01,rocks,0.77873,1.5,5.0
second_01,rocks,0.769803,-1.0,-4.0
second_01,spider_nest1,0.764053,3.0,-1.0
second_01,rocks,0.742927,1.5,6.0
second_01,rocks,0.725738,-2.0,6.0
second_01,gold_nugget,0.499087,-3.0,5.0
second_01,rocks,0.106068,2.0,10.0
second_01,rock1,0.868754,2.0,0.0
second_01,rock2,0.866069,0.0,1.0
second_01,wilson,0.840256,3.0,0.0
second_01,spider_nest1,0.830651,2.0,-1.0
second_01,spider_nest1,0.796163,2.0,1.0
second_01,rocks,0.782025,-1.5,1.0
second_01,rocks,0.75483,-2.0,2.0
second_01,spider_nest2,0.738788,-3.0,-2.0
second_01,rocks,0.736596,0.0,1.0
second_01,spider_nest2,0.68207,2.5,-7.0
second_01,spider,0.359978,6.0,0.0
second_01,berry_bush,0.848403,0.5,-2.0
second_01,grass,0.844948,-0.5,-1.0
second_01,wilson,0.825378,-0.5,1.0
second_01,spider_nest2,0.739033,0.0,-3.0
second_01,tree_evergreen_2,0.737192,1.5,4.0
second_01,rocks,0.424008,0.0,1.0
second_01,rock2,0.85329,0.5,-2.0
second_01,wilson,0.84452,1.5,-2.0
second_01,tree_evergreen_1,0.743797,-1.5,1.0
second_01,gold_nugget,0.164349,0.0,2.0
second_01,grass,0.884176,2.0,1.0
second_01,grass,0.881312,1.0,6.0
second_01,grass,0.862677,1.5,2.0
second_01,grass,0.85313,0.5,2.0
second_01,wilson,0.837655,-0.5,3.0
second_01,grass,0.827929,1.0,1.0
second_01,grass,0.82734,0.0,3.0
second_01,grass,0.826941,-0.5,15.0
second_01,sapling,0.80755,1.5,2.0
second_01,hound,0.746594,8.0,-18.0
second_01,spider,0.494578,0.5,3.0
second_01,hound,0.469668,-11.0,4.0
second_01,grass,0.833053,-2.0,10.0
second_01,wilson,0.822326,-0.5,1.0
second_01,sapling,0.796907,-1.0,1.0
second_01,grass,0.79123,1.0,-2.0
second_01,grass,0.78623,-0.5,1.0
second_01,grass,0.772805,-0.5,1.0
second_01,hound,0.720154,-10.0,13.0
second_01,grass,0.657197,1.0,3.0
second_01,spider,0.631133,0.5,0.0
second_01,spider,0.543567,0.0,-4.0
second_01,spider,0.387197,-15.0,0.0
second_01,spider,0.238622,10.5,-7.0
second_01,wilson,0.788644,3.0,9.0
second_01,grass,0.769893,3.5,3.0
second_01,grass,0.840509,1.0,1.0
second_01,grass,0.812227,4.5,8.0
second_01,wilson,0.807092,-2.5,3.0
second_01,spider,0.705383,0.5,0.0
second_01,sapling,0.786358,-1.0,3.0
second_01,grass,0.781359,-0.5,3.0
second_01,spider,0.643796,1.5,0.0
second_01,wilson,0.833364,3.5,6.0
second_01,sapling,0.814263,-0.5,2.0
second_01,wilson,0.765318,1.5,3.0
second_01,hound,0.238999,-1.0,5.0
second_01,wilson,0.766282,4.5,8.0
second_01,hound,0.521885,11.0,-4.0
second_01,wilson,0.81605,-1.5,3.0
second_01,wilson,0.781143,-6.0,-1.0
second_01,wilson,0.746253,-3.5,0.0
second_01,hound,0.340777,-4.5,-13.0
second_01,wilson,0.787964,2.5,3.0
second_01,wilson,0.790844,-3.5,1.0
second_01,sapling,0.82097,0.5,3.0
second_01,grass,0.820688,-0.5,6.0
second_01,grass,0.817794,0.0,2.0
second_01,wilson,0.791532,3.0,3.0
second_01,hound,0.566724,-0.5,9.0
second_01,hound,0.24321,2.5,-17.0
second_01,grass,0.81836,-2.5,3.0
second_01,sapling,0.812759,1.5,2.0
second_01,wilson,0.793571,2.0,9.0
second_01,grass,0.773337,2.0,13.0
second_01,hound,0.761391,1.0,4.0
second_01,hound,0.715374,11.5,-7.0
second_01,wilson,0.7603,3.5,3.0
second_01,grass,0.803913,0.0,4.0
second_01,wilson,0.782063,-3.5,4.0
second_01,hound,0.530947,-6.5,-3.0
second_01,hound,0.224521,19.5,-22.0
second_01,wilson,0.702711,-1.0,4.0
second_01,hound,0.672117,-6.5,9.0
second_01,hound,0.620531,1.0,2.0
second_01,grass,0.806516,3.0,3.0
second_01,wilson,0.799694,4.0,2.0
second_01,grass,0.722185,5.0,3.0
second_01,hound,0.231942,-3.0,15.0
second_01,grass,0.20064,5.0,13.0
second_01,hound,0.104027,-22.0,10.0
second_01,hound,0.703348,-1.5,4.0
second_01,wilson,0.612687,2.0,7.0
second_01,grass,0.805238,-1.5,-5.0
second_01,wilson,0.799952,0.0,1.0
second_01,wilson,0.83044,-2.5,0.0
second_01,wilson,0.789725,1.5,-1.0
second_01,hound,0.405097,3.5,28.0
second_01,hound,0.350281,-12.0,-7.0
second_01,grass,0.829972,-1.0,3.0
second_01,wilson,0.792849,1.5,6.0
second_01,hound,0.723132,-1.5,-3.0
second_01,sapling,0.715904,0.5,2.0
second_01,grass,0.708157,5.0,7.0
second_01,hound,0.6678,1.0,13.0
second_01,grass,0.516854,2.0,-1.0
second_01,grass,0.853365,-0.5,2.0
second_01,sapling,0.821223,2.0,3.0
second_01,wilson,0.813243,1.5,0.0
second_01,grass,0.77918,0.5,-3.0
second_01,grass,0.775792,-1.5,5.0
second_01,hound,0.717189,-0.5,0.0
second_01,hound,0.614884,-8.5,-12.0
second_01,grass,0.84227,-1.5,1.0
second_01,wilson,0.812642,0.5,1.0
second_01,grass,0.797284,-1.0,2.0
second_01,hound,0.513357,-4.0,2.0
second_01,hound,0.457489,-8.0,-19.0
second_01,hound,0.437525,11.0,12.0
second_01,wilson,0.846369,1.5,2.0
second_01,hound,0.797588,9.0,-15.0
second_01,grass,0.757327,5.0,-1.0
second_01,hound,0.735616,-3.0,-11.0
second_01,grass,0.82315,1.0,3.0
second_01,grass,0.817754,-1.0,0.0
second_01,wilson,0.80883,-0.5,5.0
second_01,grass,0.80849,-1.5,7.0
second_01,hound,0.782179,0.5,3.0
second_01,hound,0.762282,5.5,4.0
second_01,sapling,0.435247,0.0,4.0
second_01,grass,0.833963,0.0,8.0
second_01,hound,0.833112,0.5,0.0
second_01,wilson,0.81622,1.5,4.0
second_01,grass,0.81262,-1.0,4.0
second_01,sapling,0.804134,3.5,8.0
second_01,grass,0.790712,1.5,5.0
second_01,grass,0.766842,2.0,2.0
second_01,hound,0.730491,-2.5,-1.0
second_01,sapling,0.441806,-10.0,4.0
second_01,grass,0.810299,1.5,1.0
second_01,hound,0.801511,-0.5,0.0
second_01,sapling,0.798075,2.5,0.0
second_01,grass,0.793215,-1.0,1.0
second_01,grass,0.792497,0.5,7.0
second_01,grass,0.779619,2.5,1.0
second_01,grass,0.768082,0.5,11.0
second_01,hound,0.742488,0.5,1.0
second_01,sapling,0.380766,-12.5,17.0
second_01,grass,0.852681,0.0,-1.0
second_01,grass,0.837829,0.5,3.0
second_01,grass,0.830383,-1.5,3.0
second_01,wilson,0.818077,1.5,4.0
second_01,grass,0.808709,2.5,5.0
second_01,sapling,0.808578,0.5,4.0
second_01,grass,0.796435,2.0,0.0
second_01,carrot_planted,0.789906,-0.5,2.0
second_01,hound,0.77312,0.5,5.0
second_01,sapling,0.695563,3.0,-5.0
second_01,hound,0.637667,2.0,3.0
second_01,grass,0.619721,1.5,2.0
second_01,wilson,0.844908,0.5,5.0
second_01,grass,0.839053,0.5,1.0
second_01,grass,0.838535,2.0,1.0
second_01,grass,0.835459,0.5,1.0
second_01,grass,0.798231,-0.5,1.0
second_01,sapling,0.793483,3.0,3.0
second_01,carrot_planted,0.739258,2.0,3.0
second_01,hound,0.718211,8.5,-9.0
second_01,hound,0.697113,10.5,-4.0
second_01,grass,0.850207,0.5,3.0
second_01,sapling,0.843802,1.0,3.0
second_01,grass,0.839176,1.5,2.0
second_01,wilson,0.821602,3.0,0.0
second_01,hound,0.785522,0.5,7.0
second_01,hound,0.766189,0.5,0.0
second_01,grass,0.862275,1.0,5.0
second_01,grass,0.844313,0.5,2.0
second_01,wilson,0.818548,0.5,3.0
second_01,sapling,0.818505,0.0,1.0
second_01,hound,0.800773,1.5,9.0
second_01,grass,0.772987,0.5,2.0
second_01,hound,0.747464,1.0,4.0
second_01,grass,0.84016,0.5,1.0
second_01,wilson,0.823427,-0.5,4.0
second_01,sapling,0.79602,0.5,2.0
second_01,grass,0.794802,2.5,0.0
second_01,hound,0.672985,0.5,10.0
second_01,hound,0.437275,11.5,-1.0
second_01,grass,0.876825,1.5,2.0
second_01,wilson,0.825751,3.0,4.0
second_01,hound,0.796001,-0.5,7.0
second_01,hound,0.762856,-2.5,0.0
second_01,grass,0.744248,1.0,8.0
second_01,spider,0.487811,0.5,0.0
second_01,spider,0.452053,-4.0,2.0
second_01,grass,0.865476,0.5,2.0
second_01,grass,0.852676,0.5,2.0
second_01,wilson,0.821532,1.5,-2.0
second_01,sapling,0.808858,2.0,3.0
second_01,spider,0.69664,0.0,1.0
second_01,hound,0.687044,-3.0,2.0
second_01,hound,0.664114,1.5,-6.0
second_01,grass,0.624359,1.0,2.0
second_01,spider,0.604139,1.5,2.0
second_01,grass,0.875054,1.5,2.0
second_01,grass,0.867099,0.5,3.0
second_01,grass,0.863167,0.5,2.0
second_01,grass,0.861132,-0.5,2.0
second_01,grass,0.846594,1.5,2.0
second_01,sapling,0.802539,1.0,1.0
second_01,wilson,0.797403,-1.5,1.0
second_01,hound,0.698654,-13.5,23.0
second_01,hound,0.665687,2.5,-3.0
second_01,spider,0.525796,0.5,1.0
second_01,spider,0.505882,0.5,2.0
second_01,grass,0.85069,1.5,0.0
second_01,wilson,0.847972,-2.5,0.0
second_01,grass,0.820499,-0.5,3.0
second_01,sapling,0.814528,0.5,1.0
second_01,hound,0.639238,5.0,2.0
second_01,spider,0.389525,-12.0,-1.0
second_01,spider,0.242536,-1.0,4.0
second_01,spider,0.118118,-20.0,5.0
second_01,grass,0.871659,1.0,0.0
second_01,grass,0.869432,2.0,1.0
second_01,grass,0.860275,1.5,2.0
second_01,grass,0.857152,0.5,1.0
second_01,grass,0.854137,2.0,0.0
second_01,wilson,0.835019,-2.5,10.0
second_01,sapling,0.787852,3.0,4.0
second_01,hound,0.778774,2.0,4.0
second_01,spider,0.754408,1.0,7.0
second_01,hound,0.732984,-6.5,2.0
second_01,spider,0.52618,-3.5,0.0
second_01,hound,0.103035,42.5,6.0
second_01,grass,0.851717,0.5,4.0
second_01,grass,0.846054,0.5,2.0
second_01,wilson,0.825548,-0.5,1.0
second_01,hound,0.772809,1.5,3.0
second_01,hound,0.722194,3.0,2.0
second_01,spider,0.59701,1.5,3.0
second_01,grass,0.868954,-0.5,3.0
second_01,grass,0.85514,1.5,2.0
second_01,wilson,0.826741,1.0,2.0
second_01,sapling,0.791436,1.0,1.0
second_01,hound,0.714136,3.5,2.0
second_01,spider,0.574067,3.5,11.0
second_01,hound,0.457755,-36.5,-9.0
second_01,hound,0.324475,5.5,-57.0
second_01,grass,0.875825,0.5,1.0
second_01,grass,0.857637,1.5,3.0
second_01,grass,0.841036,0.5,1.0
second_01,grass,0.840968,0.0,2.0
second_01,sapling,0.811251,1.5,2.0
second_01,wilson,0.782836,-3.0,-11.0
second_01,hound,0.710174,-3.0,-5.0
second_01,hound,0.573402,1.5,13.0
second_01,hound,0.480914,2.5,40.0
second_01,hound,0.35652,1.5,-22.0
second_01,grass,0.878577,1.5,2.0
second_01,grass,0.858248,0.5,1.0
second_01,grass,0.850142,-0.5,3.0
second_01,grass,0.834991,0.0,4.0
second_01,sapling,0.815312,4.0,3.0
second_01,wilson,0.804084,1.0,3.0
second_01,hound,0.68403,3.5,0.0
second_01,hound,0.448164,6.0,-10.0
second_01,hound,0.187951,30.0,5.0
second_01,grass,0.886007,1.5,0.0
second_01,grass,0.87033,1.0,2.0
second_01,grass,0.863968,1.5,4.0
second_01,sapling,0.852602,2.5,3.0
second_01,grass,0.839962,1.0,1.0
second_01,wilson,0.822282,3.0,4.0
second_01,hound,0.77113,4.5,10.0
second_01,hound,0.714691,2.5,14.0
second_01,spider,0.64692,0.0,-2.0
second_01,grass,0.866838,0.5,3.0
second_01,grass,0.855164,0.5,0.0
second_01,grass,0.835674,1.5,1.0
second_01,sapling,0.791481,1.5,0.0
second_01,grass,0.770764,1.5,3.0
second_01,wilson,0.719123,0.0,3.0
second_01,spider,0.57933,1.0,3.0
second_01,spider,0.152529,-46.0,73.0
second_01,grass,0.87154,1.5,2.0
second_01,grass,0.862167,1.0,3.0
second_01,grass,0.859351,0.5,3.0
second_01,sapling,0.795266,0.5,1.0
second_01,spider,0.585564,1.5,1.0
second_01,wilson,0.564192,-3.0,4.0
second_01,grass,0.528039,0.5,0.0
second_01,grass,0.859008,2.0,2.0
second_01,grass,0.852963,-0.5,5.0
second_01,wilson,0.843755,-0.5,2.0
second_01,sapling,0.821813,-1.0,1.0
second_01,grass,0.837399,1.0,0.0
second_01,wilson,0.8253,0.0,4.0
second_01,sapling,0.749124,4.0,1.0
second_01,grass,0.742405,-0.5,2.0
second_01,spider,0.686459,0.0,1.0
second_01,spider,0.669668,0.5,-2.0
second_01,hound,0.323584,-15.0,-16.0
second_01,spider,0.309069,16.5,-18.0
second_01,grass,0.843272,0.0,4.0
second_01,sapling,0.827787,-0.5,2.0
second_01,wilson,0.804456,0.5,6.0
second_01,hound,0.763683,-2.5,3.0
second_01,grass,0.696645,0.5,6.0
second_01,grass,0.66871,0.5,1.0
second_01,hound,0.527672,2.5,5.0
second_01,spider,0.205589,-1.0,-14.0
second_01,spider,0.205055,6.5,-5.0
second_01,grass,0.875292,1.5,2.0
second_01,grass,0.87134,0.5,3.0
second_01,grass,0.855342,0.5,2.0
second_01,sapling,0.82308,3.0,2.0
second_01,wilson,0.81655,0.5,2.0
second_01,hound,0.775007,2.5,0.0
second_01,hound,0.760515,0.5,6.0
second_01,spider,0.718035,0.0,6.0
second_01,spider,0.56953,3.0,4.0
second_01,grass,0.875949,0.5,0.0
second_01,grass,0.870975,0.5,3.0
second_01,grass,0.868231,0.5,2.0
second_01,grass,0.84546,2.0,3.0
second_01,wilson,0.839598,2.0,4.0
second_01,sapling,0.832143,0.5,2.0
second_01,grass,0.816252,-1.0,4.0
second_01,spider,0.736645,0.5,1.0
second_01,spider,0.694484,5.5,-1.0
second_01,hound,0.618192,-12.0,4.0
second_01,hound,0.489514,2.5,42.0
second_01,hound,0.107166,-5.5,1.0
second_01,grass,0.841734,1.5,1.0
second_01,wilson,0.836093,-1.0,5.0
second_01,sapling,0.803535,-0.5,1.0
second_01,hound,0.743872,-9.0,-6.0
second_01,spider,0.698827,0.0,4.0
second_01,hound,0.355003,-20.0,-3.0
second_01,hound,0.278166,31.0,1.0
second_01,spider,0.160581,-3.5,-6.0
second_01,grass,0.875627,2.0,3.0
second_01,wilson,0.851685,0.0,3.0
second_01,grass,0.75915,0.5,4.0
second_01,hound,0.716404,-6.0,10.0
second_01,hound,0.654189,-9.0,21.0
second_01,spider,0.608917,1.0,3.0
second_01,spider,0.166164,-77.0,31.0
second_01,spider,0.148183,-69.0,25.0
second_01,sapling,0.823085,0.0,2.0
second_01,wilson,0.820964,0.5,3.0
second_01,grass,0.809009,3.0,4.0
second_01,hound,0.710808,4.5,3.0
second_01,hound,0.659077,4.5,34.0
second_01,spider,0.626504,-0.5,5.0
second_01,hound,0.210232,13.5,6.0
second_01,grass,0.875313,1.0,1.0
second_01,grass,0.850274,0.5,5.0
second_01,sapling,0.815836,1.5,3.0
second_01,wilson,0.79797,2.0,7.0
second_01,hound,0.751774,3.0,0.0
second_01,hound,0.715965,-3.5,-1.0
second_01,spider,0.500035,-4.0,0.0
second_01,grass,0.859963,1.5,-4.0
second_01,wilson,0.809979,1.0,4.0
second_01,sapling,0.800449,-2.0,1.0
second_01,grass,0.795597,1.0,4.0
second_01,hound,0.744583,7.5,4.0
second_01,grass,0.871733,1.5,2.0
second_01,grass,0.870023,3.0,5.0
second_01,sapling,0.818451,0.5,1.0
second_01,wilson,0.81052,2.0,6.0
second_01,hound,0.762881,1.5,2.0
second_01,hound,0.757916,0.5,-2.0
second_01,grass,0.864771,0.5,0.0
second_01,grass,0.864107,2.0,5.0
second_01,wilson,0.811585,1.0,6.0
second_01,sapling,0.80108,1.5,1.0
second_01,hound,0.748408,4.0,6.0
second_01,hound,0.719246,1.5,-3.0
second_01,hound,0.376384,-6.5,-16.0
second_01,grass,0.875308,0.0,2.0
second_01,grass,0.871572,0.5,2.0
second_01,wilson,0.832205,-0.5,4.0
second_01,sapling,0.808286,1.5,2.0
second_01,hound,0.570588,7.5,10.0
second_01,hound,0.520246,-2.0,-1.0
second_01,hound,0.333521,-11.0,59.0
second_01,grass,0.874286,0.5,0.0
second_01,grass,0.858839,0.5,0.0
second_01,wilson,0.832248,-0.5,3.0
second_01,sapling,0.793066,-0.5,0.0
second_01,hound,0.699279,2.0,-1.0
second_01,grass,0.871356,1.5,2.0
second_01,wilson,0.83431,0.5,1.0
second_01,grass,0.83038,0.5,3.0
second_01,hound,0.728616,2.0,-1.0
second_01,grass,0.841471,1.5,2.0
second_01,wilson,0.801866,-0.5,2.0
second_01,sapling,0.78703,1.5,1.0
second_01,hound,0.671895,-1.0,-3.0
second_01,grass,0.878662,2.0,3.0
second_01,grass,0.864719,2.0,2.0
second_01,grass,0.861888,0.0,2.0
second_01,wilson,0.819166,1.5,2.0
second_01,hound,0.651232,3.5,-12.0
second_01,grass,0.880103,-0.5,0.0
second_01,grass,0.869014,-0.5,1.0
second_01,grass,0.865513,0.5,1.0
second_01,grass,0.844044,-0.5,3.0
second_01,sapling,0.813528,1.0,1.0
second_01,wilson,0.678765,1.0,4.0
second_01,hound,0.240733,-1.0,-8.0
second_01,grass,0.868938,1.0,3.0
second_01,grass,0.863631,2.0,0.0
second_01,grass,0.861323,0.5,1.0
second_01,wilson,0.816392,1.5,5.0
second_01,grass,0.872431,1.0,1.0
second_01,wilson,0.82983,-0.5,1.0
second_01,wilson,0.846131,0.5,1.0
second_01,pig_head,0.76282,3.5,1.0
second_01,pig_skin,0.725955,0.5,0.0
second_01,wilson,0.859393,0.5,-2.0
second_01,pig_head,0.772686,2.0,17.0
second_01,pig_skin,0.765593,-1.0,4.0
second_01,pig_head,0.491035,2.0,0.0
second_01,wilson,0.837571,-3.0,0.0
second_01,pig_skin,0.782171,2.0,6.0
second_01,pig_head,0.749848,2.5,-6.0
second_01,pig_head,0.709741,2.5,17.0
second_01,wilson,0.839631,1.5,3.0
second_01,pig_head,0.782516,5.5,11.0
second_01,pig_head,0.776262,2.5,0.0
second_01,wilson,0.832735,1.0,4.0
second_01,pig_skin,0.802192,0.5,1.0
second_01,pig_skin,0.772303,1.0,-4.0
second_01,pig_head,0.7591,-0.5,8.0
second_01,pig_head,0.612628,1.5,-1.0
second_01,wilson,0.845921,2.5,-2.0
second_01,pig_skin,0.793033,-2.0,1.0
second_01,pig_head,0.739809,0.0,1.0
second_01,pig_skin,0.736343,2.0,-3.0
second_01,wilson,0.868634,0.5,3.0
second_01,pig_head,0.701166,3.0,8.0
second_01,pig_skin,0.6276,3.5,2.0
second_01,pig_skin,0.524502,1.0,0.0
second_01,wilson,0.854492,2.0,0.0
second_01,pig_skin,0.780893,1.5,5.0
second_01,pig_head,0.725057,5.0,3.0
second_01,pig_head,0.715578,0.5,18.0
second_01,pig_skin,0.393714,5.5,7.0
second_01,wilson,0.860377,1.5,1.0
second_01,pig_head,0.747123,-0.5,3.0
second_01,pig_skin,0.737487,2.0,-2.0
second_01,pig_head,0.622092,-0.5,0.0
second_01,pig_skin,0.60057,-4.0,0.0
second_01,wilson,0.857262,-0.5,0.0
second_01,pig_skin,0.765417,2.0,2.0
second_01,pig_head,0.748766,2.5,13.0
second_01,wilson,0.843023,-0.5,2.0
second_01,pig_head,0.776262,4.5,3.0
second_01,pig_head,0.761393,4.5,-7.0
second_01,pig_skin,0.660884,1.5,7.0
second_01,wilson,0.867638,-0.5,4.0
second_01,pig_skin,0.816192,-2.0,4.0
second_01,pig_skin,0.755464,9.5,1.0
second_01,wilson,0.857006,0.5,2.0
second_01,pig_skin,0.779381,-3.5,4.0
second_01,pig_skin,0.770601,6.0,1.0
second_01,pig_head,0.754036,1.0,-2.0
second_01,wilson,0.813765,-0.5,0.0
second_01,pig_skin,0.779034,1.5,-1.0
second_01,pig_head,0.746557,-0.5,3.0
second_01,pig_skin,0.709969,7.0,2.0
second_01,pig_head,0.699115,2.0,4.0
second_01,wilson,0.813019,-0.5,-3.0
second_01,pig_skin,0.791269,-1.5,3.0
second_01,pig_skin,0.765738,3.0,3.0
second_01,pig_head,0.737783,2.0,15.0
second_01,pig_head,0.243375,3.5,2.0
second_01,wilson,0.841027,0.5,5.0
second_01,pig_skin,0.759761,-3.0,-1.0
second_01,pig_skin,0.740981,-2.5,-2.0
second_01,pig_head,0.715082,3.5,0.0
second_01,wilson,0.839715,0.0,-9.0
second_01,pig_skin,0.800071,0.5,3.0
second_01,pig_head,0.74396,1.0,-3.0
second_01,pig_head,0.636019,0.0,-1.0
second_01,pig_skin,0.182083,0.5,7.0
second_01,pig_skin,0.822601,-2.0,4.0
second_01,wilson,0.796129,2.0,2.0
second_01,pig_head,0.734225,-4.0,6.0
second_01,pig_head,0.614625,0.0,10.0
second_01,wilson,0.844673,0.5,4.0
second_01,pig_skin,0.804039,1.5,0.0
second_01,pig_head,0.765649,-3.5,-10.0
second_01,pig_head,0.739166,2.0,3.0
second_01,pig_skin,0.721291,-1.0,6.0
second_01,wilson,0.822397,0.5,3.0
second_01,pig_skin,0.793446,2.5,1.0
second_01,pig_skin,0.767735,4.5,9.0
second_01,pig_head,0.7609,-1.0,8.0
second_01,pig_head,0.708805,1.0,1.0
second_01,wilson,0.838936,0.5,1.0
second_01,pig_skin,0.794683,0.5,-1.0
second_01,pig_head,0.760862,-3.0,0.0
second_01,pig_head,0.651816,2.0,4.0
second_01,wilson,0.839157,0.5,4.0
second_01,pig_skin,0.796634,3.5,1.0
second_01,pig_head,0.736036,-4.0,-3.0
second_01,pig_head,0.7014,-3.0,4.0
second_01,wilson,0.851048,1.5,-1.0
second_01,pig_skin,0.774036,0.5,6.0
second_01,pig_head,0.770261,1.0,13.0
second_01,pig_skin,0.757169,-2.0,0.0
second_01,pig_head,0.519454,-2.0,3.0
second_01,wilson,0.846513,0.5,-3.0
second_01,pig_skin,0.793335,1.0,1.0
second_01,pig_skin,0.774909,1.0,10.0
second_01,pig_head,0.751,0.0,5.0
second_01,pig_head,0.393186,-0.5,5.0
second_01,wilson,0.840323,2.0,2.0
second_01,pig_skin,0.79596,0.0,1.0
second_01,pig_skin,0.755272,0.0,5.0
second_01,pig_head,0.74331,-0.5,3.0
second_01,pig_head,0.522226,3.0,13.0
second_01,wilson,0.839782,0.5,3.0
second_01,pig_skin,0.782889,-1.5,6.0
second_01,pig_head,0.748156,4.5,12.0
second_01,wilson,0.829967,1.5,0.0
second_01,pig_skin,0.822619,0.0,8.0
second_01,pig_head,0.750855,3.5,-1.0
second_01,wilson,0.844085,1.0,0.0
second_01,pig_skin,0.795879,1.5,-3.0
second_01,pig_head,0.760762,-2.5,-3.0
second_01,pig_head,0.615417,0.5,-1.0
second_01,wilson,0.846927,-0.5,1.0
second_01,pig_skin,0.763468,-0.5,1.0
second_01,pig_head,0.741953,3.5,-4.0
second_01,pig_head,0.690209,1.0,-4.0
second_01,wilson,0.84394,2.0,2.0
second_01,pig_skin,0.792608,2.5,1.0
second_01,pig_head,0.760249,-0.5,14.0
second_01,pig_head,0.741647,1.0,9.0
second_01,wilson,0.826683,-1.0,3.0
second_01,pig_skin,0.790407,4.0,3.0
second_01,pig_head,0.759011,4.5,-11.0
second_01,pig_head,0.633834,-0.5,-2.0
second_01,wilson,0.847035,0.5,-1.0
second_01,pig_skin,0.738395,0.5,-1.0
second_01,pig_head,0.73255,-0.5,3.0
second_01,pig_skin,0.725786,-2.5,4.0
second_01,pig_head,0.638968,0.5,6.0
second_01,wilson,0.824533,0.5,1.0
second_01,pig_skin,0.816283,3.5,-2.0
second_01,pig_skin,0.778909,-4.0,-2.0
second_01,pig_head,0.742325,1.5,-2.0
second_01,pig_head,0.669138,1.0,-7.0
second_01,wilson,0.863816,0.0,2.0
second_01,pig_skin,0.759951,4.0,5.0
second_01,pig_head,0.757267,0.0,2.0
second_01,pig_head,0.749476,0.0,-5.0
second_01,wilson,0.860002,1.5,4.0
second_01,pig_skin,0.798502,-0.5,0.0
second_01,pig_head,0.75958,1.0,0.0
second_01,pig_head,0.714133,-2.0,-5.0
second_01,wilson,0.845244,0.0,4.0
second_01,pig_skin,0.832155,3.0,1.0
second_01,pig_head,0.778339,-1.5,0.0
second_01,pig_head,0.692098,-2.5,2.0
second_01,wilson,0.849638,1.0,4.0
second_01,pig_skin,0.805353,0.5,4.0
second_01,pig_head,0.741568,-1.5,-2.0
second_01,wilson,0.842124,1.0,4.0
second_01,pig_head,0.761409,1.5,7.0
second_01,pig_skin,0.744953,3.5,2.0
second_01,pig_head,0.694492,-1.0,4.0
second_01,wilson,0.84291,2.0,2.0
second_01,pig_skin,0.757235,-1.0,0.0
second_01,pig_head,0.748739,-2.0,4.0
second_01,pig_head,0.711582,3.5,9.0
second_01,wilson,0.846271,0.5,1.0
second_01,pig_skin,0.805646,0.0,5.0
second_01,pig_skin,0.724755,-3.0,-2.0
second_01,pig_head,0.719851,0.0,-4.0
second_01,pig_head,0.703313,1.0,2.0
second_01,wilson,0.836923,-0.5,4.0
second_01,pig_skin,0.821082,-1.5,5.0
second_01,pig_head,0.756268,2.5,-2.0
second_01,pig_head,0.718998,-2.0,5.0
second_01,wilson,0.831351,1.5,-3.0
second_01,pig_skin,0.795113,1.0,-1.0
second_01,pig_head,0.731602,-0.5,11.0
second_01,pig_skin,0.692358,-11.0,3.0
second_01,wilson,0.811718,1.0,3.0
second_01,pig_skin,0.764988,3.0,2.0
second_01,pig_skin,0.760638,-0.5,-4.0
second_01,pig_head,0.732536,1.5,1.0
second_01,wilson,0.862827,0.0,7.0
second_01,pig_skin,0.784039,2.0,-2.0
second_01,pig_skin,0.725215,-0.5,6.0
second_01,pig_head,0.718711,0.5,3.0
second_01,wilson,0.852519,1.0,2.0
second_01,pig_skin,0.794598,0.0,5.0
second_01,pig_head,0.757073,-1.0,1.0
second_01,pig_skin,0.739807,-3.5,-1.0
second_01,wilson,0.862158,1.0,3.0
second_01,pig_skin,0.801186,-1.5,0.0
second_01,pig_skin,0.765362,3.0,0.0
second_01,pig_head,0.736812,0.5,17.0
second_01,pig_head,0.708187,3.0,-3.0
second_01,wilson,0.847722,2.0,1.0
second_01,pig_head,0.783853,-1.5,-15.0
second_01,pig_skin,0.767525,6.0,7.0
second_01,pig_head,0.755558,-1.5,4.0
second_01,wilson,0.849628,0.5,2.0
second_01,pig_head,0.772597,-1.5,4.0
second_01,pig_skin,0.762628,1.5,0.0
second_01,wilson,0.846736,1.5,7.0
second_01,pig_head,0.792551,2.0,2.0
second_01,pig_skin,0.781882,-3.5,6.0
second_01,pig_head,0.758,1.0,-1.0
second_01,pig_skin,0.810136,-5.5,-4.0
second_01,wilson,0.808807,0.5,2.0
second_01,pig_head,0.764835,1.0,0.0
second_01,pig_head,0.744169,3.5,7.0
second_01,spider_nest1,0.884444,0.0,3.0
second_01,berry_bush,0.867263,0.5,-1.0
second_01,wilson,0.840032,0.0,2.0
second_01,meat,0.812703,4.5,0.0
second_01,drumstick,0.773222,0.0,-2.0
second_01,spider_nest2,0.764742,1.5,-5.0
second_01,rocks,0.760295,-0.5,-1.0
second_01,berry_bush,0.754827,5.0,0.0
second_01,spider_nest1,0.876025,-0.5,1.0
second_01,berry_bush,0.839387,0.0,-2.0
second_01,wilson,0.836292,2.5,3.0
second_01,meat,0.814208,0.0,3.0
second_01,drumstick,0.770148,0.5,1.0
second_01,rocks,0.767229,-0.5,0.0
second_01,spider_nest2,0.762637,-1.0,9.0
second_01,berry_bush,0.7409,1.0,1.0
second_01,spider_nest1,0.866835,2.5,0.0
second_01,berry_bush,0.864188,1.5,0.0
second_01,meat,0.858148,0.5,-2.0
second_01,wilson,0.85242,2.5,-1.0
second_01,spider_nest2,0.77295,-1.5,0.0
second_01,berry_bush,0.880975,0.5,0.0
second_01,spider_nest1,0.864217,1.0,1.0
second_01,wilson,0.852134,2.0,2.0
second_01,meat,0.845637,-2.0,2.0
second_01,spider_nest2,0.778511,-0.5,2.0
second_01,berry_bush,0.874507,1.0,1.0
second_01,spider_nest1,0.871613,1.5,1.0
second_01,wilson,0.857206,0.5,1.0
second_01,meat,0.813323,3.0,-2.0
second_01,spider_nest2,0.700338,2.5,13.0
second_01,spider_nest1,0.852415,2.5,1.0
second_01,wilson,0.850926,0.0,3.0
second_01,berry_bush,0.849746,-1.5,1.0
second_01,meat,0.79188,1.5,3.0
second_01,spider_nest2,0.762899,2.5,3.0
second_01,spider_nest1,0.885941,0.5,0.0
second_01,berry_bush,0.863048,1.0,-1.0
second_01,wilson,0.856983,1.5,3.0
second_01,meat,0.793278,1.0,4.0
second_01,spider_nest2,0.774983,-1.5,5.0
second_01,spider_nest1,0.878297,2.0,2.0
second_01,wilson,0.867991,-0.5,4.0
second_01,meat,0.825623,-0.5,4.0
second_01,spider_nest2,0.744599,0.0,-2.0
second_01,rocks,0.729542,2.0,1.0
second_01,drumstick,0.157249,-1.0,5.0
second_01,spider_nest1,0.843947,1.5,-1.0
second_01,wilson,0.840132,2.0,4.0
second_01,berry_bush,0.738939,7.0,0.0
second_01,rocks,0.731081,-1.0,4.0
second_01,spider_nest2,0.692818,-1.0,9.0
second_01,wilson,0.847405,1.5,-1.0
second_01,spider_nest2,0.818587,3.5,0.0
second_01,rocks,0.645207,1.0,11.0
second_01,wilson,0.864079,1.5,2.0
second_01,spider_nest2,0.817764,-3.0,-1.0
second_01,spider_nest1,0.758023,-2.5,0.0
second_01,rocks,0.71012,4.5,2.0
second_01,meat,0.847034,1.0,5.0
second_01,wilson,0.84407,0.5,2.0
second_01,spider_nest3,0.778817,-3.0,-4.0
second_01,rocks,0.739905,1.0,6.0
second_01,berry_bush,0.691107,-1.0,-8.0
second_01,wilson,0.836023,-0.5,6.0
second_01,meat,0.82327,2.5,2.0
second_01,spider_nest3,0.807305,1.0,-2.0
second_01,berry_bush,0.766727,0.5,-8.0
second_01,rocks,0.743546,1.0,2.0
second_01,drumstick,0.72199,0.0,0.0
second_01,wilson,0.848945,2.0,-1.0
second_01,berry_bush,0.820588,1.5,5.0
second_01,spider_nest3,0.815084,1.5,3.0
second_01,berry_bush,0.756605,0.5,-11.0
second_01,drumstick,0.755995,0.5,-4.0
second_01,rocks,0.738288,-1.5,6.0
second_01,spider_nest2,0.684167,-3.0,3.0
second_01,meat,0.618345,0.5,1.0
second_01,wilson,0.868099,-0.5,3.0
second_01,berry_bush,0.852865,1.0,2.0
second_01,spider_nest3,0.832469,-1.0,-2.0
second_01,spider_nest1,0.829693,1.5,0.0
second_01,spider_nest2,0.788239,-2.5,1.0
second_01,berry_bush,0.787168,3.0,0.0
second_01,rocks,0.752144,-1.0,3.0
second_01,drumstick,0.737795,2.0,3.0
second_01,meat,0.213222,0.0,-1.0
second_01,wilson,0.85296,0.5,1.0
second_01,berry_bush,0.845541,0.0,-2.0
second_01,meat,0.827452,0.5,1.0
second_01,berry_bush,0.754148,4.0,-4.0
second_01,spider_nest1,0.654147,-3.5,-3.0
second_01,spider_nest1,0.895878,1.0,3.0
second_01,wilson,0.860094,0.5,0.0
second_01,berry_bush,0.807886,0.5,-1.0
second_01,meat,0.807883,1.0,1.0
second_01,berry_bush,0.690801,6.5,0.0
second_01,spider_nest1,0.883461,2.5,2.0
second_01,wilson,0.865222,2.0,1.0
second_01,berry_bush,0.796761,0.0,-2.0
second_01,spider_nest1,0.849998,1.5,2.0
second_01,wilson,0.846112,2.0,-1.0
second_01,berry_bush,0.806511,-0.5,-2.0
second_01,wilson,0.857327,-1.0,1.0
second_01,spider_nest1,0.601971,-2.0,-5.0
second_01,wilson,0.854374,1.0,-2.0
second_01,spider_nest1,0.448476,-1.0,1.0
second_01,wilson,0.876203,1.5,5.0
second_01,wilson,0.849817,2.5,2.0
second_01,wilson,0.840167,2.5,0.0
second_01,spider_nest1,0.871915,0.5,2.0
second_01,wilson,0.855003,1.0,3.0
second_01,spider_nest2,0.790021,6.0,7.0
second_01,meat,0.785858,-2.5,1.0
second_01,berry_bush,0.489951,1.5,3.0
second_01,spider_nest1,0.884751,2.5,2.0
second_01,berry_bush,0.872349,0.5,-1.0
second_01,wilson,0.860721,1.5,5.0
second_01,meat,0.815953,1.0,3.0
second_01,spider_nest2,0.773134,0.5,2.0
second_01,rocks,0.7702,1.5,5.0
second_01,berry_bush,0.761925,2.0,-9.0
second_01,spider_nest3,0.729363,5.5,5.0
second_01,spider_nest1,0.884547,1.0,-1.0
second_01,wilson,0.863327,2.0,3.0
second_01,berry_bush,0.853978,3.0,0.0
second_01,meat,0.833483,-1.0,0.0
second_01,spider_nest2,0.768582,3.5,4.0
second_01,rocks,0.758642,3.0,5.0
second_01,drumstick,0.749316,0.0,-3.0
second_01,berry_bush,0.74504,5.0,-3.0
second_01,spider_nest1,0.881127,1.5,1.0
second_01,wilson,0.866602,2.0,2.0
second_01,berry_bush,0.85776,1.5,0.0
second_01,meat,0.820685,1.0,3.0
second_01,drumstick,0.778686,1.0,-2.0
second_01,berry_bush,0.700927,1.5,7.0
second_01,spider_nest1,0.866325,-0.5,0.0
second_01,berry_bush,0.864866,1.0,-1.0
second_01,wilson,0.853815,0.0,1.0
second_01,meat,0.819043,3.0,4.0
second_01,spider_nest2,0.778254,2.0,2.0
second_01,rocks,0.752934,-1.5,1.0
second_01,berry_bush,0.743454,2.0,-10.0
second_01,drumstick,0.738093,1.0,1.0
second_01,spider_nest1,0.881059,2.5,1.0
second_01,wilson,0.857891,1.5,2.0
second_01,berry_bush,0.848068,1.5,0.0
second_01,meat,0.831119,0.0,0.0
second_01,spider_nest2,0.777127,0.5,4.0
second_01,berry_bush,0.756193,-4.0,-8.0
second_01,drumstick,0.741929,0.0,1.0
second_01,rocks,0.73228,3.5,-5.0
second_01,spider_nest3,0.721275,-3.0,0.0
second_01,rocks,0.282991,-43.5,-29.0
second_01,wilson,0.839735,2.5,2.0
second_01,meat,0.825776,2.0,3.0
second_01,spider_nest1,0.822119,4.0,0.0
second_01,drumstick,0.803195,0.0,-5.0
second_01,spider_nest3,0.783943,0.5,3.0
second_01,berry_bush,0.763114,0.5,1.0
second_01,rocks,0.748773,0.5,4.0
second_01,berry_bush,0.741131,2.0,2.0
second_01,wilson,0.847626,1.5,1.0
second_01,spider_nest1,0.837834,2.0,1.0
second_01,meat,0.796819,0.5,-1.0
second_01,berry_bush,0.786772,0.5,0.0
second_01,spider_nest3,0.783907,-2.0,2.0
second_01,berry_bush,0.772354,4.5,4.0
second_01,rocks,0.74836,1.5,-1.0
second_01,drumstick,0.740603,-1.5,-3.0
second_01,wilson,0.849528,-0.5,1.0
second_01,spider_nest1,0.844281,2.5,0.0
second_01,meat,0.830958,-2.5,-2.0
second_01,berry_bush,0.82047,0.5,0.0
second_01,spider_nest3,0.78875,-2.0,-2.0
second_01,berry_bush,0.760629,-0.5,-3.0
second_01,rocks,0.745304,-2.5,4.0
second_01,drumstick,0.744297,0.0,4.0
second_01,spider_nest1,0.852116,2.5,-1.0
second_01,meat,0.816244,-0.5,-2.0
second_01,wilson,0.809265,1.0,9.0
second_01,spider_nest3,0.775739,-6.5,4.0
second_01,berry_bush,0.745695,8.5,-7.0
second_01,drumstick,0.729372,-0.5,-3.0
second_01,rocks,0.703088,-1.5,3.0
second_01,berry_bush,0.415068,-1.5,0.0
second_01,wilson,0.846227,0.0,0.0
second_01,berry_bush,0.826439,0.5,1.0
second_01,spider_nest1,0.817853,2.5,2.0
second_01,spider_nest3,0.788108,6.0,8.0
second_01,berry_bush,0.773114,6.5,1.0
second_01,rocks,0.752863,0.0,1.0
second_01,drumstick,0.73172,2.5,3.0
second_01,wilson,0.853927,1.0,-1.0
second_01,spider_nest1,0.841409,2.5,0.0
second_01,spider_nest3,0.809211,1.5,3.0
second_01,berry_bush,0.775383,5.5,-7.0
second_01,drumstick,0.750811,0.5,-8.0
second_01,rocks,0.733913,-0.5,2.0
second_01,berry_bush,0.732824,-0.5,-1.0
second_01,wilson,0.866788,1.0,-1.0
second_01,meat,0.802953,1.0,0.0
second_01,berry_bush,0.795973,0.5,1.0
second_01,spider_nest3,0.792995,1.5,0.0
second_01,berry_bush,0.613198,3.0,6.0
second_01,wilson,0.840699,1.5,4.0
second_01,spider_nest3,0.807103,-4.0,3.0
second_01,meat,0.806926,1.0,0.0
second_01,drumstick,0.773959,0.0,9.0
second_01,berry_bush,0.714214,0.0,-8.0
second_01,berry_bush,0.711404,-0.5,0.0
second_01,wilson,0.855257,1.5,1.0
second_01,spider_nest3,0.805536,4.5,0.0
second_01,meat,0.804968,1.5,2.0
second_01,berry_bush,0.773864,-0.5,3.0
second_01,drumstick,0.753708,0.5,-1.0
second_01,berry_bush,0.693611,-2.0,-15.0
second_01,wilson,0.860437,0.5,1.0
second_01,spider_nest1,0.852912,0.0,0.0
second_01,berry_bush,0.804382,0.5,-1.0
second_01,spider_nest3,0.781398,3.5,-1.0
second_01,berry_bush,0.761191,3.5,1.0
second_01,meat,0.757343,4.5,1.0
second_01,drumstick,0.750262,0.0,-3.0
second_01,rocks,0.730797,0.5,1.0
second_01,spider_nest1,0.902188,0.5,2.0
second_01,wilson,0.862205,0.5,4.0
second_01,meat,0.839767,1.0,1.0
second_01,berry_bush,0.817292,0.0,0.0
second_01,spider_nest3,0.780451,-3.5,-3.0
second_01,berry_bush,0.773662,-0.5,0.0
second_01,drumstick,0.744613,0.0,-2.0
second_01,rocks,0.740381,2.0,6.0
second_01,spider_nest2,0.590446,6.5,-3.0
second_01,wilson,0.863231,0.5,0.0
second_01,spider_nest1,0.862176,1.5,2.0
second_01,meat,0.85027,1.0,6.0
second_01,berry_bush,0.816816,2.0,1.0
second_01,spider_nest3,0.768544,-5.0,7.0
second_01,rocks,0.764086,0.5,5.0
second_01,berry_bush,0.724575,-2.5,-8.0
second_01,drumstick,0.722852,0.5,-6.0
second_01,spider_nest2,0.548665,-2.0,-9.0
second_01,spider_nest1,0.881535,-0.5,1.0
second_01,wilson,0.852536,0.0,1.0
second_01,berry_bush,0.83503,0.0,-1.0
second_01,meat,0.823693,3.0,0.0
second_01,berry_bush,0.772235,1.5,3.0
second_01,spider_nest2,0.760369,2.0,0.0
second_01,rocks,0.751825,0.5,0.0
second_01,drumstick,0.749582,0.0,-3.0
second_01,spider_nest3,0.64379,5.0,7.0
second_01,spider_nest1,0.90015,0.0,2.0
second_01,wilson,0.860781,1.5,0.0
second_01,berry_bush,0.824439,2.0,-1.0
second_01,berry_bush,0.787072,2.5,-3.0
second_01,meat,0.781563,3.0,1.0
second_01,rocks,0.759314,0.5,6.0
second_01,spider_nest2,0.757353,0.5,4.0
second_01,drumstick,0.732551,-0.5,0.0
second_01,spider_nest3,0.585075,3.0,4.0
second_01,wilson,0.864715,0.5,2.0
second_01,meat,0.830389,2.5,0.0
second_01,spider_nest1,0.809301,1.0,6.0
second_01,berry_bush,0.805357,0.5,0.0
second_01,spider_nest3,0.795168,2.5,-2.0
second_01,berry_bush,0.770151,6.5,-1.0
second_01,drumstick,0.763039,0.0,8.0
second_01,rocks,0.754746,1.0,2.0
second_01,wilson,0.842548,-1.5,2.0
second_01,meat,0.825097,1.5,1.0
second_01,spider_nest3,0.807628,2.0,-1.0
second_01,drumstick,0.786125,4.0,5.0
second_01,berry_bush,0.774641,-2.0,-3.0
second_01,rocks,0.757,-0.5,4.0
second_01,wilson,0.857842,1.5,4.0
second_01,meat,0.850228,4.0,4.0
second_01,berry_bush,0.839607,0.5,-2.0
second_01,spider_nest3,0.790384,4.0,-1.0
second_01,drumstick,0.75956,5.0,0.0
second_01,berry_bush,0.742874,-4.0,-9.0
second_01,rocks,0.694099,-6.0,0.0
second_01,spider_nest2,0.448312,2.0,3.0
second_01,berry_bush,0.871595,1.5,2.0
second_01,wilson,0.853253,2.0,1.0
second_01,meat,0.847091,0.0,-1.0
second_01,drumstick,0.747756,3.0,3.0
second_01,berry_bush,0.716059,1.0,-6.0
second_01,spider_nest3,0.695947,-1.0,1.0
second_01,wilson,0.851448,2.0,3.0
second_01,spider_nest1,0.843224,1.5,1.0
second_01,meat,0.813458,0.5,1.0
second_01,spider_nest3,0.795666,-1.0,1.0
second_01,berry_bush,0.749751,0.0,-7.0
second_01,wilson,0.866596,1.0,1.0
second_01,berry_bush,0.82552,1.0,2.0
second_01,meat,0.809573,1.0,1.0
second_01,spider_nest3,0.795347,5.0,-2.0
second_01,rocks,0.742323,1.5,8.0
second_01,drumstick,0.740018,0.5,5.0
second_01,berry_bush,0.698194,4.0,-9.0
second_01,wilson,0.855803,0.5,4.0
second_01,meat,0.811975,0.5,1.0
second_01,spider_nest3,0.807511,1.0,1.0
second_01,rocks,0.766761,3.5,5.0
second_01,drumstick,0.750375,0.5,8.0
second_01,berry_bush,0.72607,4.5,-2.0
second_01,wilson,0.850017,0.0,3.0
second_01,meat,0.815962,-1.0,0.0
second_01,spider_nest3,0.80214,-0.5,1.0
second_01,rocks,0.765714,-1.5,4.0
second_01,berry_bush,0.732699,-3.5,-14.0
second_01,wilson,0.862352,-0.5,1.0
second_01,meat,0.814628,0.5,-2.0
second_01,spider_nest3,0.783358,-0.5,-2.0
second_01,rocks,0.773389,-0.5,4.0
second_01,berry_bush,0.661231,0.0,-5.0
second_01,berry_bush,0.161351,-3.0,-4.0
second_01,meat,0.857882,1.5,1.0
second_01,wilson,0.83993,1.0,1.0
second_01,spider_nest3,0.825139,1.5,3.0
second_01,spider_nest2,0.815703,1.5,2.0
second_01,rocks,0.741446,-1.0,-1.0
second_01,drumstick,0.702061,1.5,0.0
second_01,meat,0.860464,-3.0,6.0
second_01,wilson,0.836966,0.0,0.0
second_01,spider_nest3,0.827639,0.0,2.0
second_01,spider_nest2,0.773895,0.5,0.0
second_01,rocks,0.73953,-1.5,5.0
second_01,drumstick,0.637453,-2.0,3.0
second_01,wilson,0.84859,0.5,4.0
second_01,spider_nest3,0.835278,0.0,4.0
second_01,spider_nest2,0.80523,-4.5,-2.0
second_01,meat,0.802616,5.5,5.0
second_01,rocks,0.736776,0.5,1.0
second_01,drumstick,0.680184,0.0,2.0
second_01,wilson,0.865424,2.0,1.0
second_01,spider_nest1,0.849682,2.5,0.0
second_01,spider_nest2,0.794461,5.0,-3.0
second_01,rocks,0.734349,0.0,-3.0
second_01,spider_nest3,0.670845,0.5,2.0
second_01,berry_bush,0.565136,3.5,2.0
second_01,wilson,0.843175,1.0,5.0
second_01,spider_nest2,0.79677,1.5,4.0
second_01,rocks,0.753187,0.0,-1.0
second_01,wilson,0.859512,1.5,1.0
second_01,spider_nest2,0.826079,2.5,1.0
second_01,rocks,0.725352,1.5,3.0
second_01,wilson,0.859309,-0.5,2.0
second_01,spider_nest2,0.792521,-1.0,2.0
second_01,rocks,0.732105,3.5,3.0
second_01,wilson,0.870093,1.5,2.0
second_01,spider_nest1,0.835758,1.5,-1.0
second_01,spider_nest2,0.794981,1.5,0.0
second_01,rocks,0.782922,0.5,0.0
second_01,berry_bush,0.702329,9.0,-3.0
second_01,spider_nest1,0.862717,1.5,1.0
second_01,wilson,0.859809,1.0,2.0
second_01,spider_nest2,0.799198,1.5,0.0
second_01,rocks,0.761577,0.5,-2.0
second_01,berry_bush,0.70808,8.0,7.0
second_01,spider_nest1,0.87911,1.5,-1.0
second_01,wilson,0.862922,0.5,2.0
second_01,meat,0.785812,0.5,4.0
second_01,spider_nest2,0.734179,-1.5,-2.0
second_01,rocks,0.710311,0.5,-1.0
second_01,spider_nest1,0.86801,1.5,1.0
second_01,wilson,0.859767,0.5,6.0
second_01,meat,0.843501,2.5,6.0
second_01,spider_nest2,0.787351,4.5,6.0
second_01,drumstick,0.76829,2.5,1.0
second_01,rocks,0.761638,0.5,6.0
second_01,berry_bush,0.861328,1.0,1.0
second_01,wilson,0.833982,0.5,2.0
second_01,spider_nest1,0.821949,2.5,3.0
second_01,meat,0.804194,-0.5,0.0
second_01,drumstick,0.702345,-0.5,5.0
second_01,spider_nest1,0.876642,1.5,-1.0
second_01,wilson,0.837484,-1.0,-1.0
second_01,berry_bush,0.80321,0.0,1.0
second_01,spider_nest2,0.798262,2.5,4.0
second_01,meat,0.79451,-1.0,-4.0
second_01,spider_nest3,0.781745,6.0,1.0
second_01,drumstick,0.765888,-1.0,3.0
second_01,berry_bush,0.738553,3.5,10.0
second_01,rocks,0.704125,0.0,4.0
second_01,spider_nest1,0.88313,1.5,2.0
second_01,berry_bush,0.819514,0.5,2.0
second_01,wilson,0.816059,2.5,5.0
second_01,spider_nest2,0.784453,-1.0,4.0
second_01,berry_bush,0.778357,-0.5,-3.0
second_01,spider_nest3,0.777673,11.0,-1.0
second_01,drumstick,0.765,-0.5,-5.0
second_01,rocks,0.723501,3.5,8.0
second_01,meat,0.717892,2.0,3.0
second_01,spider_nest1,0.892334,0.5,2.0
second_01,wilson,0.841255,2.0,-1.0
second_01,berry_bush,0.825383,1.5,-2.0
second_01,meat,0.817893,3.0,9.0
second_01,spider_nest2,0.801591,0.0,4.0
second_01,drumstick,0.771786,1.0,4.0
second_01,spider_nest3,0.76527,6.0,7.0
second_01,rocks,0.735973,0.0,4.0
second_01,berry_bush,0.721761,1.0,-4.0
second_01,spider_nest1,0.878411,1.0,-1.0
second_01,wilson,0.842295,1.5,3.0
second_01,meat,0.7943,0.0,2.0
second_01,spider_nest3,0.784926,5.5,1.0
second_01,berry_bush,0.77708,0.5,3.0
second_01,drumstick,0.775008,2.5,-4.0
second_01,berry_bush,0.767036,-5.5,4.0
second_01,spider_nest2,0.766958,0.0,2.0
second_01,rocks,0.757518,-0.5,2.0
second_01,spider_nest1,0.862766,-0.5,0.0
second_01,wilson,0.84616,1.0,3.0
second_01,meat,0.825387,0.5,-1.0
second_01,berry_bush,0.818046,0.5,-1.0
second_01,drumstick,0.806177,2.0,1.0
second_01,spider_nest2,0.787735,-0.5,2.0
second_01,berry_bush,0.773529,1.5,0.0
second_01,spider_nest3,0.749665,4.5,4.0
second_01,rocks,0.717483,-3.0,4.0
second_01,spider_nest1,0.866348,2.5,0.0
second_01,wilson,0.847584,1.0,3.0
second_01,meat,0.81893,-0.5,-1.0
second_01,berry_bush,0.814654,0.5,-1.0
second_01,drumstick,0.809202,2.5,4.0
second_01,spider_nest2,0.7856,-0.5,2.0
second_01,spider_nest3,0.763329,7.0,5.0
second_01,berry_bush,0.751219,1.0,1.0
second_01,rocks,0.729085,-2.5,3.0
second_01,wilson,0.82961,2.5,0.0
second_01,spider_warrior,0.816995,2.5,1.0
second_01,spider_warrior,0.757378,0.0,-7.0
second_01,frog,0.665943,-0.5,9.0
second_01,tallbird,0.544835,1.0,-16.0
second_01,tallbird,0.217974,23.0,-39.0
second_01,wilson,0.844567,0.5,0.0
second_01,spider_warrior,0.814825,6.0,2.0
second_01,spider_warrior,0.746201,0.5,4.0
second_01,tallbird,0.582582,0.0,14.0
second_01,frog,0.508398,2.5,1.0
second_01,wilson,0.848443,-1.0,6.0
second_01,tallbird,0.792529,-5.5,-3.0
second_01,spider_warrior,0.758579,-2.5,1.0
second_01,spider_warrior,0.737289,1.5,-1.0
second_01,frog,0.651856,1.0,-1.0
second_01,wilson,0.85418,1.5,3.0
second_01,tallbird,0.791887,-0.5,1.0
second_01,frog,0.745897,-0.5,2.0
second_01,spider_warrior,0.638906,-5.0,13.0
second_01,spider_warrior,0.176495,-4.0,11.0
second_01,frog,0.148071,-2.0,3.0
second_01,wilson,0.827085,-6.0,3.0
second_01,tallbird,0.797517,3.5,6.0
second_01,frog,0.761332,1.0,2.0
second_01,spider_warrior,0.73524,-4.0,6.0
second_01,frog,0.685253,0.5,4.0
second_01,wilson,0.842834,5.0,3.0
second_01,spider_warrior,0.765401,0.0,8.0
second_01,frog,0.764783,0.0,0.0
second_01,frog,0.573933,0.0,2.0
second_01,wilson,0.838331,-1.5,0.0
second_01,spider_warrior,0.796339,-2.0,6.0
second_01,frog,0.753844,1.5,-3.0
second_01,frog,0.571472,0.5,2.0
second_01,wilson,0.836834,0.0,8.0
second_01,spider_warrior,0.790589,4.5,9.0
second_01,frog,0.774355,4.0,4.0
second_01,frog,0.734746,-0.5,1.0
second_01,wilson,0.839875,1.5,7.0
second_01,tallbird,0.809467,1.0,0.0
second_01,frog,0.797094,-1.5,-1.0
second_01,frog,0.744962,1.0,0.0
second_01,spider_warrior,0.701833,0.0,-2.0
second_01,spider_warrior,0.675112,-3.0,0.0
second_01,wilson,0.817714,-5.0,3.0
second_01,tallbird,0.776522,-1.5,-5.0
second_01,spider_warrior,0.753353,-3.0,-2.0
second_01,frog,0.740552,1.5,-5.0
second_01,spider_warrior,0.733692,-1.5,-2.0
second_01,frog,0.690254,2.0,3.0
second_01,wilson,0.847104,-1.5,3.0
second_01,frog,0.814209,-2.5,1.0
second_01,spider_warrior,0.763048,-1.0,4.0
second_01,tallbird,0.731856,-0.5,14.0
second_01,frog,0.713531,0.0,7.0
second_01,spider_warrior,0.539187,3.0,9.0
second_01,spider_warrior,0.147289,-13.0,-3.0
second_01,wilson,0.843544,-0.5,8.0
second_01,tallbird,0.784971,-6.5,1.0
second_01,frog,0.71714,0.0,6.0
second_01,spider_warrior,0.65007,0.5,20.0
second_01,frog,0.55726,-3.0,4.0
second_01,wilson,0.862219,4.0,3.0
second_01,spider_warrior,0.7487,2.0,5.0
second_01,frog,0.530329,3.0,-3.0
second_01,wilson,0.838623,2.5,3.0
second_01,tallbird,0.795436,4.0,-3.0
second_01,spider_warrior,0.719672,-6.5,6.0
second_01,frog,0.713601,0.5,-1.0
second_01,wilson,0.862599,0.5,3.0
second_01,tallbird,0.830249,0.0,7.0
second_01,spider_warrior,0.740365,0.5,-5.0
second_01,frog,0.719089,2.5,2.0
second_01,frog,0.648032,-1.0,-1.0
second_01,wilson,0.86625,-1.0,-4.0
second_01,tallbird,0.814123,-1.0,6.0
second_01,spider_warrior,0.737534,4.5,0.0
second_01,frog,0.548002,0.0,-2.0
second_01,wilson,0.847394,0.5,-8.0
second_01,tallbird,0.786996,8.0,-3.0
second_01,spider_warrior,0.637312,0.5,-7.0
second_01,spider_warrior,0.274934,-2.5,25.0
second_01,frog,0.119984,-0.5,6.0
second_01,wilson,0.852081,5.5,-2.0
second_01,tallbird,0.769197,-1.5,24.0
second_01,spider_warrior,0.693111,-0.5,-6.0
second_01,frog,0.646448,0.5,4.0
second_01,wilson,0.839628,4.0,6.0
second_01,tallbird,0.645804,-2.0,-3.0
second_01,wilson,0.832307,0.5,2.0
second_01,tallbird,0.786423,-3.5,1.0
second_01,spider_warrior,0.655483,-0.5,2.0
second_01,frog,0.156276,3.0,4.0
second_01,wilson,0.855649,1.5,1.0
second_01,tallbird,0.776643,6.0,-5.0
second_01,spider_warrior,0.608129,4.5,7.0
second_01,wilson,0.832818,1.5,0.0
second_01,tallbird,0.800642,-4.0,5.0
second_01,wilson,0.86215,-0.5,7.0
second_01,tallbird,0.834932,0.0,-4.0
second_01,frog,0.786462,-0.5,0.0
second_01,spider_warrior,0.743224,2.5,1.0
second_01,spider_warrior,0.79551,-2.5,-4.0
second_01,tallbird,0.763948,-4.0,4.0
second_01,frog,0.155542,-3.5,-1.0
second_01,wilson,0.842463,-2.5,0.0
second_01,spider_warrior,0.817794,4.0,4.0
second_01,tallbird,0.815117,2.5,8.0
second_01,wilson,0.847971,-2.0,-4.0
second_01,tallbird,0.81257,2.0,-1.0
second_01,spider_warrior,0.779105,-0.5,5.0
second_01,frog,0.679586,-1.5,6.0
second_01,wilson,0.850092,3.0,5.0
second_01,tallbird,0.796718,3.5,2.0
second_01,frog,0.716875,0.5,3.0
second_01,spider_warrior,0.702705,4.0,4.0
second_01,wilson,0.851935,4.5,15.0
second_01,tallbird,0.819633,4.0,0.0
second_01,frog,0.706759,0.0,4.0
second_01,spider_warrior,0.601921,12.0,-1.0
second_01,wilson,0.845123,1.0,0.0
second_01,tallbird,0.579073,2.5,-1.0
second_01,tallbird,0.146593,3.5,3.0
second_01,wilson,0.834025,-1.0,-6.0
second_01,tallbird,0.818852,-4.0,1.0
second_01,frog,0.763645,0.5,3.0
second_01,spider_warrior,0.66304,-1.0,15.0
second_01,wilson,0.83139,0.0,6.0
second_01,spider_warrior,0.810242,0.5,0.0
second_01,tallbird,0.768189,-1.5,6.0
second_01,frog,0.284625,1.0,-7.0
second_01,wilson,0.857988,3.5,-13.0
second_01,tallbird,0.786805,-4.0,2.0
second_01,frog,0.774034,2.0,-3.0
second_01,spider_warrior,0.76785,-1.0,2.0
second_01,wilson,0.861121,1.5,3.0
second_01,tallbird,0.814168,-3.0,14.0
second_01,spider_warrior,0.783641,3.5,-2.0
second_01,frog,0.783488,-1.5,-1.0
second_01,wilson,0.836116,-1.0,-7.0
second_01,tallbird,0.784331,-1.0,5.0
second_01,spider_warrior,0.697802,0.0,-8.0
second_01,wilson,0.841276,1.5,-5.0
second_01,tallbird,0.81937,10.0,-4.0
second_01,frog,0.772907,-0.5,0.0
second_01,spider_warrior,0.743034,-1.5,-5.0
second_01,wilson,0.821033,3.0,3.0
second_01,spider_warrior,0.805784,1.5,1.0
second_01,frog,0.729009,3.0,1.0
second_01,tallbird,0.681939,10.0,-8.0
second_01,wilson,0.807731,-2.5,-3.0
second_01,tallbird,0.786339,4.5,-6.0
second_01,spider_warrior,0.757976,-2.0,4.0
second_01,wilson,0.85284,-1.0,1.0
second_01,tallbird,0.772716,-4.5,-12.0
second_01,frog,0.736726,-1.5,2.0
second_01,spider_warrior,0.620346,0.0,5.0
second_01,wilson,0.847678,1.5,0.0
second_01,tallbird,0.806106,-7.5,-4.0
second_01,spider_warrior,0.733439,6.5,-3.0
second_01,wilson,0.840984,0.0,5.0
second_01,tallbird,0.767122,-3.0,-1.0
second_01,frog,0.715446,3.0,-4.0
second_01,spider_warrior,0.704226,-6.0,-1.0
second_01,wilson,0.830579,-1.0,-6.0
second_01,tallbird,0.828948,1.5,2.0
second_01,frog,0.593792,2.5,2.0
second_01,wilson,0.857738,1.5,-1.0
second_01,tallbird,0.749936,-10.5,15.0
second_01,spider_warrior,0.673485,0.5,-1.0
second_01,frog,0.611718,-1.5,-1.0
second_01,frog,0.21443,-7.5,51.0
second_01,wilson,0.860884,-0.5,-7.0
second_01,tallbird,0.797532,-6.0,-5.0
second_01,frog,0.761878,2.0,-2.0
second_01,spider_warrior,0.132803,-12.0,77.0
second_01,spider_warrior,0.115881,0.0,52.0
second_01,spider_warrior,0.710445,1.5,6.0
second_01,wilson,0.405445,-4.5,17.0
second_01,meat,0.855536,-1.5,0.0
second_01,wilson,0.849392,3.0,0.0
second_01,honey,0.808207,1.5,1.0
second_01,seeds,0.805906,-2.5,0.0
second_01,frog_legs,0.804046,-2.0,5.0
second_01,monster_meat,0.738708,2.5,-1.0
second_01,log,0.71128,-1.5,3.0
second_01,seeds,0.671789,2.0,3.0
second_01,morsel,0.568559,-1.5,1.0
second_01,wilson,0.848564,-2.5,2.0
second_01,frog_legs,0.840078,1.5,4.0
second_01,seeds,0.801221,1.0,1.0
second_01,meat,0.797073,-0.5,0.0
second_01,honey,0.794559,-1.0,4.0
second_01,monster_meat,0.713072,0.0,0.0
second_01,fish,0.688167,2.0,-8.0
second_01,seeds,0.660081,-1.5,4.0
second_01,log,0.644398,1.5,6.0
second_01,morsel,0.478486,-1.0,1.0
second_01,wilson,0.849335,1.5,-5.0
second_01,frog_legs,0.844738,3.5,2.0
second_01,meat,0.840851,0.5,0.0
second_01,spider_nest3,0.797276,6.5,-8.0
second_01,honey,0.783728,1.5,-3.0
second_01,seeds,0.778934,1.0,0.0
second_01,monster_meat,0.739123,1.0,0.0
second_01,seeds,0.700084,0.5,4.0
second_01,log,0.681576,0.5,2.0
second_01,fish,0.290078,0.5,-1.0
second_01,morsel,0.194587,-2.5,1.0
second_01,wilson,0.855877,0.5,-4.0
second_01,meat,0.851295,0.5,-1.0
second_01,spider_nest3,0.80785,4.0,-3.0
second_01,seeds,0.781228,0.0,-1.0
second_01,frog_legs,0.778106,1.5,2.0
second_01,honey,0.755263,-1.0,-2.0
second_01,seeds,0.743278,-2.0,3.0
second_01,log,0.709712,3.5,0.0
second_01,monster_meat,0.68664,1.5,1.0
second_01,fish,0.637048,-2.0,0.0
second_01,morsel,0.610255,-0.5,1.0
second_01,meat,0.868032,0.0,-2.0
second_01,wilson,0.856668,0.0,0.0
second_01,spider_nest3,0.803906,4.0,-12.0
second_01,frog_legs,0.800884,2.0,2.0
second_01,seeds,0.785078,-2.5,1.0
second_01,log,0.76234,2.0,0.0
second_01,honey,0.749673,-0.5,2.0
second_01,seeds,0.727516,-2.0,4.0
second_01,monster_meat,0.718461,-0.5,1.0
second_01,fish,0.685612,-1.0,-2.0
second_01,morsel,0.678284,-1.0,2.0
second_01,wilson,0.866011,-2.0,-1.0
second_01,log,0.838104,-1.0,3.0
second_01,frog_legs,0.817314,1.0,5.0
second_01,spider_nest3,0.805721,-5.0,-5.0
second_01,meat,0.794473,-1.0,1.0
second_01,seeds,0.773763,-0.5,2.0
second_01,morsel,0.763507,2.0,-1.0
second_01,monster_meat,0.72492,2.5,-4.0
second_01,seeds,0.724772,-0.5,2.0
second_01,fish,0.678765,1.5,-2.0
second_01,honey,0.5681,0.0,1.0
second_01,wilson,0.870618,0.5,5.0
second_01,log,0.848531,3.5,-5.0
second_01,spider_nest3,0.816585,0.0,-4.0
second_01,meat,0.806925,0.5,0.0
second_01,frog_legs,0.804988,2.0,1.0
second_01,seeds,0.780296,-4.0,1.0
second_01,monster_meat,0.770688,0.0,-1.0
second_01,morsel,0.769744,1.0,-2.0
second_01,seeds,0.728491,-0.5,6.0
second_01,fish,0.678321,0.5,8.0
second_01,honey,0.631314,1.0,3.0
second_01,wilson,0.86399,0.5,3.0
second_01,frog_legs,0.832662,0.0,7.0
second_01,meat,0.807651,0.5,-1.0
second_01,spider_nest3,0.802458,-0.5,-1.0
second_01,seeds,0.793195,-4.5,-3.0
second_01,log,0.790554,0.0,2.0
second_01,monster_meat,0.757132,0.5,3.0
second_01,seeds,0.745859,0.5,2.0
second_01,honey,0.713816,-1.0,5.0
second_01,fish,0.676436,3.5,-1.0
second_01,morsel,0.654894,-1.0,2.0
second_01,wilson,0.856619,-1.5,14.0
second_01,log,0.853537,2.5,-2.0
second_01,meat,0.826961,2.0,0.0
second_01,frog_legs,0.790051,1.0,-2.0
second_01,spider_nest3,0.773966,-0.5,-10.0
second_01,monster_meat,0.773141,6.0,-2.0
second_01,morsel,0.75425,-0.5,-4.0
second_01,seeds,0.7439,-0.5,3.0
second_01,honey,0.732823,-3.0,-1.0
second_01,seeds,0.693365,1.5,-1.0
second_01,fish,0.692191,0.5,1.0
second_01,wilson,0.867764,0.5,4.0
second_01,frog_legs,0.837754,2.5,2.0
second_01,seeds,0.78246,-2.5,-2.0
second_01,monster_meat,0.781469,3.0,0.0
second_01,meat,0.767078,-1.5,-2.0
second_01,log,0.759495,4.0,2.0
second_01,seeds,0.740624,3.5,2.0
second_01,spider_nest3,0.712997,-4.5,-10.0
second_01,morsel,0.696356,-1.5,-2.0
second_01,fish,0.652294,0.0,4.0
second_01,honey,0.590698,-1.0,6.0
second_01,wilson,0.847406,2.0,9.0
second_01,log,0.834464,0.0,7.0
second_01,frog_legs,0.798381,2.0,-1.0
second_01,monster_meat,0.78549,3.5,1.0
second_01,meat,0.782677,-1.5,0.0
second_01,seeds,0.769605,-2.0,1.0
second_01,seeds,0.727195,-2.5,0.0
second_01,honey,0.688243,-0.5,2.0
second_01,fish,0.66114,1.0,-5.0
second_01,morsel,0.129787,3.0,0.0
second_01,wilson,0.84829,3.5,2.0
second_01,log,0.842861,0.5,4.0
second_01,frog_legs,0.814612,1.5,3.0
second_01,meat,0.80588,0.5,1.0
second_01,spider_nest3,0.801186,-6.0,-6.0
second_01,morsel,0.761824,0.0,2.0
second_01,seeds,0.755195,0.0,-1.0
second_01,monster_meat,0.735648,2.5,1.0
second_01,seeds,0.718113,3.0,1.0
second_01,honey,0.713284,2.0,5.0
second_01,fish,0.655532,3.0,-4.0
second_01,frog_legs,0.844921,2.0,0.0
second_01,wilson,0.844446,-2.0,2.0
second_01,log,0.82464,1.5,1.0
second_01,spider_nest3,0.812448,-3.0,-7.0
second_01,meat,0.78153,-1.5,3.0
second_01,seeds,0.765273,3.0,1.0
second_01,monster_meat,0.749168,2.5,-2.0
second_01,honey,0.740972,1.5,6.0
second_01,seeds,0.722047,0.5,-1.0
second_01,fish,0.667925,0.0,5.0
second_01,morsel,0.660825,1.5,0.0
second_01,wilson,0.848992,-0.5,2.0
second_01,log,0.825724,2.0,-1.0
second_01,spider_nest3,0.821876,10.0,-7.0
second_01,meat,0.804956,-1.5,0.0
second_01,frog_legs,0.760665,-2.5,3.0
second_01,morsel,0.738917,1.5,-3.0
second_01,honey,0.73643,-1.5,4.0
second_01,seeds,0.735581,-3.5,-1.0
second_01,monster_meat,0.733558,3.0,-1.0
second_01,seeds,0.694403,-3.0,5.0
second_01,fish,0.678945,5.0,0.0
second_01,log,0.853712,0.5,1.0
second_01,frog_legs,0.83978,1.5,4.0
second_01,wilson,0.837255,-3.0,3.0
second_01,meat,0.831215,1.0,1.0
second_01,spider_nest3,0.808754,-0.5,-2.0
second_01,seeds,0.766873,2.0,-2.0
second_01,monster_meat,0.75986,2.5,0.0
second_01,morsel,0.758218,0.0,-1.0
second_01,honey,0.729612,1.0,2.0
second_01,seeds,0.692128,0.0,-3.0
second_01,fish,0.656506,3.0,0.0
second_01,wilson,0.841617,0.0,0.0
second_01,spider_nest3,0.81622,-7.0,-3.0
second_01,monster_meat,0.793318,0.5,1.0
second_01,meat,0.767837,-0.5,-1.0
second_01,frog_legs,0.719212,1.5,1.0
second_01,seeds,0.703851,-8.0,3.0
second_01,morsel,0.688015,-3.5,0.0
second_01,fish,0.687108,5.0,3.0
second_01,honey,0.680278,3.0,-1.0
second_01,seeds,0.484513,-0.5,3.0
second_01,log,0.278627,1.5,1.0
second_01,wilson,0.831647,0.5,2.0
second_01,spider_nest3,0.783647,-0.5,6.0
second_01,fish,0.706171,0.5,-2.0
second_01,honey,0.665111,0.5,2.0
second_01,log,0.448636,-0.5,8.0
second_01,wilson,0.853558,-2.0,6.0
second_01,spider_nest3,0.778666,-10.5,7.0
second_01,wilson,0.854761,0.0,2.0
second_01,spider_nest3,0.780483,-11.0,3.0
second_01,honey,0.668568,2.0,3.0
second_01,fish,0.62331,3.5,-2.0
second_01,seeds,0.61324,-19.5,6.0
second_01,log,0.438756,1.5,2.0
second_01,wilson,0.862822,1.0,0.0
second_01,spider_nest3,0.793613,-9.5,11.0
second_01,frog_legs,0.763715,2.5,2.0
second_01,honey,0.745253,-3.0,4.0
second_01,log,0.682337,-1.0,-1.0
second_01,fish,0.651277,4.0,2.0
second_01,seeds,0.598031,2.0,-2.0
second_01,seeds,0.594303,-2.0,3.0
second_01,wilson,0.864229,-3.5,12.0
second_01,spider_nest3,0.809429,2.0,12.0
second_01,log,0.793305,-2.0,1.0
second_01,seeds,0.740379,-6.0,3.0
second_01,fish,0.64508,1.0,-3.0
second_01,honey,0.63476,-2.0,1.0
second_01,seeds,0.606851,-3.5,4.0
second_01,wilson,0.861515,-0.5,2.0
second_01,spider_nest3,0.80263,-2.0,-4.0
second_01,seeds,0.748893,-2.0,1.0
second_01,honey,0.728423,0.5,6.0
second_01,seeds,0.708706,-6.0,5.0
second_01,fish,0.648229,3.5,-3.0
second_01,wilson,0.838652,-1.0,10.0
second_01,spider_nest3,0.827957,-6.0,3.0
second_01,seeds,0.770381,-1.0,1.0
second_01,seeds,0.751526,-3.5,5.0
second_01,fish,0.624019,3.0,0.0
second_01,honey,0.451683,1.5,2.0
second_01,wilson,0.864012,-2.0,4.0
second_01,spider_nest3,0.81948,-7.0,6.0
second_01,honey,0.708493,-1.0,1.0
second_01,seeds,0.656809,-3.0,2.0
second_01,fish,0.631781,2.5,0.0
second_01,wilson,0.840512,-2.0,8.0
second_01,spider_nest3,0.813654,-0.5,9.0
second_01,seeds,0.741946,-1.0,2.0
second_01,honey,0.732268,2.5,5.0
second_01,fish,0.671618,0.0,1.0
second_01,wilson,0.862024,1.5,5.0
second_01,spider_nest3,0.818248,-7.0,5.0
second_01,seeds,0.75225,-3.0,6.0
second_01,fish,0.625845,-3.0,4.0
second_01,honey,0.521051,-1.5,0.0
second_01,wilson,0.867532,-0.5,0.0
second_01,spider_nest3,0.807931,-5.0,5.0
second_01,seeds,0.743139,-2.0,4.0
second_01,honey,0.709341,2.5,3.0
second_01,fish,0.666399,2.5,0.0
second_01,wilson,0.861979,-0.5,7.0
second_01,seeds,0.799283,0.5,2.0
second_01,seeds,0.767298,0.0,1.0
second_01,honey,0.727687,-2.0,2.0
second_01,fish,0.667024,1.5,-4.0
second_01,wilson,0.842853,-1.5,2.0
second_01,log,0.811023,-1.0,-5.0
second_01,frog_legs,0.786447,3.0,3.0
second_01,seeds,0.740223,1.5,5.0
second_01,seeds,0.738345,1.5,-1.0
second_01,honey,0.684345,0.5,5.0
second_01,fish,0.662367,3.5,2.0
second_01,wilson,0.85326,0.5,1.0
second_01,log,0.833287,0.5,-2.0
second_01,seeds,0.799505,2.0,0.0
second_01,frog_legs,0.789455,3.0,6.0
second_01,morsel,0.78676,-3.5,-4.0
second_01,seeds,0.783122,-3.5,6.0
second_01,honey,0.667897,-1.0,-3.0
second_01,fish,0.652978,2.0,7.0
second_01,wilson,0.862902,3.5,2.0
second_01,log,0.803422,2.0,0.0
second_01,frog_legs,0.799685,-1.0,-2.0
second_01,seeds,0.791379,1.5,-2.0
second_01,morsel,0.763902,6.5,5.0
second_01,seeds,0.759311,1.5,0.0
second_01,honey,0.730676,3.0,7.0
second_01,fish,0.703741,3.0,0.0
second_01,wilson,0.861737,-1.5,3.0
second_01,frog_legs,0.798763,0.0,-3.0
second_01,log,0.797856,-0.5,-7.0
second_01,seeds,0.772696,-0.5,0.0
second_01,seeds,0.762629,0.5,3.0
second_01,morsel,0.757228,2.0,1.0
second_01,honey,0.725327,1.0,-4.0
second_01,fish,0.665992,-2.0,2.0
second_01,wilson,0.878853,-0.5,8.0
second_01,log,0.848163,0.0,10.0
second_01,frog_legs,0.794777,-1.5,3.0
second_01,seeds,0.781938,0.5,2.0
second_01,seeds,0.755975,-1.0,5.0
second_01,monster_meat,0.748104,3.0,-4.0
second_01,morsel,0.733791,1.0,2.0
second_01,honey,0.721215,-0.5,4.0
second_01,meat,0.719405,2.0,0.0
second_01,fish,0.705476,0.0,8.0
second_01,wilson,0.831349,0.0,3.0
second_01,log,0.828484,5.0,4.0
second_01,meat,0.826338,1.5,3.0
second_01,frog_legs,0.82271,-2.5,4.0
second_01,seeds,0.79159,3.0,3.0
second_01,seeds,0.766913,1.0,0.0
second_01,monster_meat,0.729901,3.0,3.0
second_01,morsel,0.72976,2.5,2.0
second_01,honey,0.722934,1.0,5.0
second_01,fish,0.639829,1.5,4.0
second_01,wilson,0.859784,0.0,-2.0
second_01,meat,0.836383,1.5,3.0
second_01,log,0.822987,0.0,5.0
second_01,seeds,0.799877,1.5,1.0
second_01,frog_legs,0.799303,1.5,1.0
second_01,monster_meat,0.776591,4.0,0.0
second_01,seeds,0.748059,-0.5,0.0
second_01,morsel,0.699176,-0.5,-1.0
second_01,fish,0.643439,-2.5,4.0
second_01,wilson,0.858913,2.5,4.0
second_01,meat,0.83214,-2.0,-3.0
second_01,seeds,0.818518,0.0,1.0
second_01,log,0.806219,-3.5,2.0
second_01,monster_meat,0.80056,-1.0,-3.0
second_01,morsel,0.785361,-0.5,-2.0
second_01,seeds,0.761726,-1.5,-1.0
second_01,frog_legs,0.740329,-6.5,1.0
second_01,wilson,0.858187,3.5,10.0
second_01,log,0.845543,-1.5,4.0
second_01,meat,0.805328,-1.0,2.0
second_01,morsel,0.799362,0.5,-2.0
second_01,frog_legs,0.793636,-1.5,2.0
second_01,seeds,0.776634,1.0,6.0
second_01,seeds,0.769883,-2.0,2.0
second_01,monster_meat,0.749315,2.5,4.0
second_01,wilson,0.861198,1.0,8.0
second_01,log,0.832344,-5.0,1.0
second_01,meat,0.809,3.0,0.0
second_01,frog_legs,0.799232,0.5,2.0
second_01,seeds,0.79476,-1.5,3.0
second_01,morsel,0.733466,1.5,3.0
second_01,monster_meat,0.669816,1.5,-1.0
second_01,wilson,0.878356,2.5,5.0
second_01,meat,0.83445,-1.5,1.0
second_01,log,0.817881,3.5,2.0
second_01,frog_legs,0.815102,1.5,8.0
second_01,seeds,0.763285,-4.5,0.0
second_01,morsel,0.716425,2.0,4.0
second_01,monster_meat,0.506073,4.5,2.0
second_01,wilson,0.84538,3.5,13.0
second_01,frog_legs,0.806386,-1.5,0.0
second_01,log,0.801189,2.0,1.0
second_01,seeds,0.788804,0.0,-3.0
second_01,monster_meat,0.778233,2.5,-4.0
second_01,morsel,0.722272,-1.0,-6.0
second_01,meat,0.721174,4.5,3.0
second_01,wilson,0.262251,9.5,-14.0
second_01,wilson,0.853505,4.5,6.0
second_01,meat,0.803946,0.0,-1.0
second_01,log,0.794797,-1.0,-2.0
second_01,frog_legs,0.794622,0.5,0.0
second_01,seeds,0.761115,0.0,2.0
second_01,morsel,0.719831,2.5,-6.0
second_01,monster_meat,0.259996,7.0,1.0
second_01,wilson,0.858612,0.0,6.0
second_01,meat,0.806475,0.5,1.0
second_01,log,0.786755,-2.5,3.0
second_01,frog_legs,0.786245,0.5,1.0
second_01,morsel,0.765011,0.0,0.0
second_01,monster_meat,0.760004,-0.5,4.0
second_01,seeds,0.751194,-3.5,-2.0
second_01,log,0.839635,1.0,5.0
second_01,wilson,0.832773,-1.0,4.0
second_01,frog_legs,0.805592,-0.5,1.0
second_01,monster_meat,0.761736,2.0,0.0
second_01,seeds,0.759272,2.5,-2.0
second_01,meat,0.740906,2.5,4.0
second_01,morsel,0.505485,0.0,-1.0
second_01,wilson,0.844323,-2.5,4.0
second_01,meat,0.825878,-1.5,0.0
second_01,log,0.823016,1.0,2.0
second_01,frog_legs,0.785371,1.0,-7.0
second_01,seeds,0.77501,-2.0,6.0
second_01,seeds,0.755599,-1.0,2.0
second_01,monster_meat,0.746668,1.0,0.0
second_01,wilson,0.856952,1.0,1.0
second_01,frog_legs,0.841586,0.5,4.0
second_01,meat,0.801979,0.0,1.0
second_01,seeds,0.773215,0.5,2.0
second_01,log,0.749568,-1.5,1.0
second_01,monster_meat,0.740971,-1.5,0.0
second_01,fish,0.727292,-2.0,6.0
second_01,morsel,0.72282,2.0,-3.0
second_01,seeds,0.13092,-3.0,-1.0
second_01,wilson,0.854491,3.5,3.0
second_01,meat,0.811713,1.5,-1.0
second_01,seeds,0.806353,4.0,1.0
second_01,log,0.789644,1.0,3.0
second_01,monster_meat,0.740102,-1.5,2.0
second_01,morsel,0.734158,3.0,-1.0
second_01,seeds,0.726317,-0.5,-3.0
second_01,fish,0.632625,2.0,1.0
second_01,frog_legs,0.210774,-6.0,7.0
second_01,wilson,0.85191,-3.0,8.0
second_01,frog_legs,0.802359,-3.0,3.0
second_01,log,0.799236,2.0,-2.0
second_01,seeds,0.794063,0.0,-1.0
second_01,morsel,0.785092,-1.0,0.0
second_01,honey,0.722497,-2.5,3.0
second_01,fish,0.692714,-1.5,0.0
second_01,wilson,0.870481,2.0,7.0
second_01,log,0.830446,2.5,7.0
second_01,frog_legs,0.820927,1.5,8.0
second_01,seeds,0.793686,3.0,8.0
second_01,seeds,0.729345,4.5,-4.0
second_01,honey,0.693504,-1.5,1.0
second_01,fish,0.691052,2.0,7.0
second_01,wilson,0.832529,-3.0,2.0
second_01,frog_legs,0.78278,-2.0,6.0
second_01,seeds,0.779488,-0.5,-1.0
second_01,log,0.770261,0.5,7.0
second_01,seeds,0.753003,4.5,1.0
second_01,fish,0.692138,1.5,-1.0
second_01,honey,0.647548,1.0,2.0
second_01,wilson,0.858046,3.0,7.0
second_01,frog_legs,0.822347,1.5,6.0
second_01,log,0.807426,-2.5,-1.0
second_01,seeds,0.806666,-2.5,2.0
second_01,fish,0.755351,-0.5,6.0
second_01,honey,0.702577,-2.5,10.0
second_01,seeds,0.635864,-1.5,6.0
second_01,wilson,0.865251,0.5,1.0
second_01,log,0.823494,4.0,4.0
second_01,frog_legs,0.811462,0.5,2.0
second_01,morsel,0.782798,0.5,1.0
second_01,seeds,0.779158,-2.0,1.0
second_01,honey,0.717609,1.0,4.0
second_01,seeds,0.706296,1.0,-2.0
second_01,fish,0.643044,2.0,5.0
second_01,wilson,0.855787,0.5,10.0
second_01,log,0.83598,1.0,-1.0
second_01,frog_legs,0.834389,-1.0,-1.0
second_01,spider_nest3,0.77102,3.0,5.0
second_01,monster_meat,0.760998,2.5,5.0
second_01,seeds,0.746309,1.5,-2.0
second_01,morsel,0.746182,0.0,-2.0
second_01,honey,0.739024,3.0,4.0
second_01,seeds,0.698516,1.0,3.0
second_01,fish,0.640461,2.0,1.0
second_01,wilson,0.864091,2.5,-2.0
second_01,frog_legs,0.847409,3.0,0.0
second_01,meat,0.832888,-2.5,2.0
second_01,spider_nest3,0.82504,3.5,0.0
second_01,log,0.823588,1.5,-2.0
second_01,monster_meat,0.784221,1.5,6.0
second_01,morsel,0.768077,-0.5,4.0
second_01,fish,0.649348,4.0,5.0
second_01,honey,0.629406,0.5,7.0
second_01,seeds,0.600508,-4.5,-1.0
second_01,seeds,0.570408,-1.0,4.0
second_01,wilson,0.868881,2.0,5.0
second_01,meat,0.85351,-1.5,1.0
second_01,frog_legs,0.834679,0.5,9.0
second_01,log,0.821111,2.0,0.0
second_01,spider_nest3,0.820024,-1.5,7.0
second_01,monster_meat,0.790739,0.0,1.0
second_01,seeds,0.772677,-2.0,4.0
second_01,morsel,0.770039,-1.0,0.0
second_01,seeds,0.662377,-1.0,3.0
second_01,fish,0.636027,1.5,2.0
second_01,honey,0.386025,-0.5,-4.0
second_01,wilson,0.86015,-1.0,5.0
second_01,log,0.819342,1.5,1.0
second_01,spider_nest3,0.814771,1.5,4.0
second_01,seeds,0.789742,-1.0,0.0
second_01,frog_legs,0.789592,-1.5,-1.0
second_01,monster_meat,0.78586,-2.0,2.0
second_01,morsel,0.740676,0.5,-2.0
second_01,seeds,0.725822,-2.0,4.0
second_01,honey,0.675782,-2.0,0.0
second_01,fish,0.635697,-2.5,-1.0
second_01,meat,0.59693,0.0,-2.0
second_01,wilson,0.823219,-0.5,3.0
second_01,log,0.813457,5.5,0.0
second_01,spider_nest3,0.811941,3.5,-13.0
second_01,frog_legs,0.784705,-1.0,5.0
second_01,meat,0.783589,0.0,-1.0
second_01,seeds,0.738843,1.5,-1.0
second_01,morsel,0.724356,-0.5,2.0
second_01,monster_meat,0.705228,-1.0,0.0
second_01,seeds,0.688292,3.0,0.0
second_01,fish,0.661797,0.5,4.0
second_01,honey,0.561236,0.5,1.0
second_01,wilson,0.850958,0.0,-4.0
second_01,frog_legs,0.837056,0.0,1.0
second_01,spider_nest3,0.78226,4.0,0.0
second_01,meat,0.744413,0.0,2.0
second_01,monster_meat,0.736189,1.5,1.0
second_01,seeds,0.727182,-1.5,0.0
second_01,seeds,0.724458,2.0,2.0
second_01,honey,0.687507,1.0,3.0
second_01,fish,0.65366,-1.0,2.0
second_01,morsel,0.634747,1.5,4.0
second_01,log,0.284307,1.5,-3.0
second_01,log,0.831337,-1.0,4.0
second_01,wilson,0.828017,0.0,1.0
second_01,meat,0.823165,5.0,1.0
second_01,spider_nest3,0.816576,-4.5,-2.0
second_01,frog_legs,0.812968,2.0,3.0
second_01,seeds,0.771356,0.5,3.0
second_01,seeds,0.764876,2.0,-2.0
second_01,monster_meat,0.734459,-0.5,-2.0
second_01,fish,0.722185,0.5,0.0
second_01,honey,0.718328,1.5,0.0
second_01,morsel,0.682435,1.0,-3.0
second_01,meat,0.839551,3.0,2.0
second_01,wilson,0.834312,0.5,7.0
second_01,log,0.826354,4.0,0.0
second_01,frog_legs,0.805416,-1.5,1.0
second_01,spider_nest3,0.80083,-6.0,-2.0
second_01,morsel,0.764891,0.0,-3.0
second_01,monster_meat,0.744865,0.5,0.0
second_01,honey,0.738312,2.0,5.0
second_01,fish,0.721358,1.5,2.0
second_01,seeds,0.713025,0.0,-2.0
second_01,seeds,0.685935,0.5,1.0
second_01,meat,0.850833,2.0,2.0
second_01,wilson,0.84908,0.0,6.0
second_01,log,0.83867,-1.5,8.0
second_01,spider_nest3,0.809391,-3.0,1.0
second_01,frog_legs,0.799522,-0.5,-3.0
second_01,seeds,0.756052,-0.5,-1.0
second_01,morsel,0.74613,2.0,-1.0
second_01,monster_meat,0.724046,1.0,2.0
second_01,honey,0.722571,0.0,7.0
second_01,seeds,0.710274,-4.0,3.0
second_01,fish,0.642569,0.0,-2.0
second_01,wilson,0.854943,-2.5,5.0
second_01,log,0.83574,2.0,2.0
second_01,frog_legs,0.822372,3.0,-3.0
second_01,spider_nest3,0.820231,-8.5,4.0
second_01,meat,0.815329,-1.5,0.0
second_01,morsel,0.755912,0.0,7.0
second_01,monster_meat,0.748913,3.0,-1.0
second_01,seeds,0.735069,2.5,-3.0
second_01,seeds,0.725252,0.0,0.0
second_01,honey,0.661227,0.0,-1.0
second_01,fish,0.646029,-0.5,3.0
second_01,wilson,0.854868,-1.0,3.0
second_01,log,0.849101,-2.0,-3.0
second_01,meat,0.849027,-2.0,2.0
second_01,spider_nest3,0.814201,-6.0,4.0
second_01,frog_legs,0.810777,1.5,4.0
second_01,seeds,0.778915,-1.5,1.0
second_01,monster_meat,0.770456,1.5,0.0
second_01,seeds,0.729804,2.0,3.0
second_01,honey,0.724434,1.0,0.0
second_01,morsel,0.662649,2.0,-1.0
second_01,fish,0.63642,2.0,3.0
second_01,wilson,0.850314,0.5,-6.0
second_01,log,0.825872,-4.5,-2.0
second_01,spider_nest3,0.807534,1.0,-6.0
second_01,morsel,0.805739,0.5,0.0
second_01,seeds,0.7993,1.5,-1.0
second_01,frog_legs,0.795524,-3.5,0.0
second_01,meat,0.788336,0.0,-3.0
second_01,monster_meat,0.767272,6.0,4.0
second_01,seeds,0.766966,-1.5,-2.0
second_01,honey,0.73467,-0.5,2.0
second_01,fish,0.684618,0.0,-2.0
second_01,log,0.840849,-0.5,4.0
second_01,wilson,0.828748,1.5,3.0
second_01,meat,0.822279,1.0,1.0
second_01,spider_nest3,0.81285,-2.0,-1.0
second_01,frog_legs,0.799711,-0.5,0.0
second_01,honey,0.762791,-1.0,4.0
second_01,seeds,0.755929,2.0,1.0
second_01,seeds,0.723837,-2.0,-2.0
second_01,fish,0.685371,-1.0,3.0
second_01,monster_meat,0.677601,2.5,3.0
second_01,morsel,0.178998,-1.0,2.0
second_01,log,0.846825,2.0,2.0
second_01,wilson,0.840878,-2.5,9.0
second_01,meat,0.831158,2.5,0.0
second_01,frog_legs,0.81,1.5,1.0
second_01,seeds,0.809959,1.0,5.0
second_01,spider_nest3,0.799555,-13.0,-8.0
second_01,seeds,0.768443,4.5,2.0
second_01,monster_meat,0.75598,1.5,2.0
second_01,honey,0.737843,1.5,2.0
second_01,morsel,0.709552,-0.5,1.0
second_01,fish,0.637274,2.5,-1.0
second_01,wilson,0.857242,-1.0,-1.0
second_01,log,0.811075,1.0,7.0
second_01,spider_nest3,0.805034,-8.0,-5.0
second_01,frog_legs,0.773497,4.0,9.0
second_01,monster_meat,0.758796,2.0,4.0
second_01,morsel,0.757213,0.5,5.0
second_01,meat,0.750408,0.0,2.0
second_01,seeds,0.749574,-0.5,2.0
second_01,honey,0.722361,3.0,8.0
second_01,seeds,0.675692,0.0,1.0
second_01,fish,0.66234,7.0,0.0
second_01,wilson,0.850238,5.0,3.0
second_01,frog_legs,0.817923,2.5,3.0
second_01,spider_nest3,0.811703,1.5,-1.0
second_01,log,0.802971,2.5,8.0
second_01,seeds,0.750207,1.0,-3.0
second_01,seeds,0.729259,-0.5,2.0
second_01,monster_meat,0.719734,1.0,3.0
second_01,honey,0.653702,-1.5,12.0
second_01,fish,0.618442,6.5,-2.0
second_01,morsel,0.557098,-0.5,3.0
second_01,meat,0.54867,-0.5,2.0
second_01,wilson,0.86254,-1.5,-3.0
second_01,meat,0.833179,1.0,-1.0
second_01,frog_legs,0.776095,2.0,-1.0
second_01,monster_meat,0.757838,2.0,3.0
second_01,log,0.739595,2.0,3.0
second_01,seeds,0.739372,1.5,4.0
second_01,honey,0.737246,0.0,3.0
second_01,seeds,0.730938,0.0,0.0
second_01,morsel,0.669009,-1.5,0.0
second_01,fish,0.64503,6.0,6.0
second_01,wilson,0.846635,0.0,15.0
second_01,frog_legs,0.822901,0.0,-2.0
second_01,meat,0.802918,2.0,2.0
second_01,log,0.801831,-0.5,5.0
second_01,honey,0.76229,0.0,2.0
second_01,morsel,0.760059,0.0,2.0
second_01,seeds,0.759695,3.5,2.0
second_01,monster_meat,0.754673,0.5,0.0
second_01,seeds,0.713633,0.5,-1.0
second_01,fish,0.668802,5.0,1.0
second_01,wilson,0.854521,-2.5,8.0
second_01,log,0.812613,3.0,5.0
second_01,morsel,0.809874,0.0,4.0
second_01,seeds,0.771755,2.5,2.0
second_01,honey,0.764004,4.5,3.0
second_01,frog_legs,0.762717,7.5,-2.0
second_01,meat,0.751385,-1.0,-2.0
second_01,monster_meat,0.744599,1.5,3.0
second_01,seeds,0.724374,-1.5,2.0
second_01,fish,0.681343,9.0,-1.0
second_01,wilson,0.847868,3.5,-3.0
second_01,tree_evergreen_4,0.828855,14.5,1.0
second_01,clock_rook,0.828338,8.0,15.0
second_01,merm,0.789945,2.0,-6.0
second_01,clock_bishop,0.64558,0.5,4.0
second_01,tree_evergreen_4,0.836408,4.0,14.0
second_01,clock_rook,0.828074,1.0,2.0
second_01,wilson,0.826834,4.0,-3.0
second_01,merm,0.747691,-2.0,-2.0
second_01,clock_knight,0.730609,1.5,-4.0
second_01,wilson,0.859445,4.0,2.0
second_01,clock_rook,0.825617,2.5,1.0
second_01,tree_evergreen_4,0.810044,-1.0,22.0
second_01,merm,0.77044,0.0,-6.0
second_01,clock_knight,0.736228,3.5,9.0
second_01,wilson,0.81728,4.0,-3.0
second_01,clock_rook,0.812229,-2.5,2.0
second_01,clock_knight,0.746668,3.5,1.0
second_01,tree_evergreen_4,0.637196,3.5,16.0
second_01,wilson,0.865507,3.0,3.0
second_01,clock_rook,0.829827,2.0,5.0
second_01,clock_knight,0.752005,0.0,-2.0
second_01,tree_evergreen_4,0.671152,9.5,-6.0
second_01,wilson,0.83299,-0.5,3.0
second_01,clock_rook,0.801686,0.0,-2.0
second_01,tree_evergreen_4,0.773987,5.5,16.0
second_01,clock_knight,0.757028,1.0,0.0
second_01,wilson,0.828983,2.0,-5.0
second_01,clock_rook,0.800505,0.0,4.0
second_01,tree_evergreen_4,0.784164,11.0,4.0
second_01,clock_knight,0.736827,0.0,3.0
second_01,wilson,0.848165,3.5,5.0
second_01,clock_rook,0.844436,-3.5,7.0
second_01,tree_evergreen_4,0.816613,0.5,-7.0
second_01,clock_knight,0.741634,3.0,5.0
second_01,wilson,0.855075,2.0,12.0
second_01,clock_rook,0.838573,-4.5,-2.0
second_01,clock_knight,0.716152,6.0,-2.0
second_01,tree_evergreen_4,0.664995,2.0,-11.0
second_01,merm,0.409982,2.5,8.0
second_01,wilson,0.847348,-1.0,-9.0
second_01,tree_evergreen_4,0.831947,-2.5,-2.0
second_01,clock_rook,0.810024,0.5,-1.0
second_01,clock_knight,0.761668,-0.5,-3.0
second_01,merm,0.652443,-3.5,4.0
second_01,wilson,0.854869,-3.5,-2.0
second_01,tree_evergreen_4,0.851219,-1.5,-7.0
second_01,merm,0.807327,1.0,0.0
second_01,clock_knight,0.715348,0.5,-1.0
second_01,clock_bishop,0.655909,3.5,-5.0
second_01,wilson,0.856065,-4.0,-5.0
second_01,tree_evergreen_4,0.836607,0.5,-1.0
second_01,merm,0.78503,-0.5,-3.0
second_01,clock_bishop,0.762931,-1.5,2.0
second_01,clock_knight,0.756925,-0.5,1.0
second_01,wilson,0.829043,0.5,2.0
second_01,clock_rook,0.817686,4.0,12.0
second_01,merm,0.774117,2.0,5.0
second_01,clock_rook,0.833686,4.5,7.0
second_01,wilson,0.815778,-2.0,10.0
second_01,clock_bishop,0.78815,0.5,9.0
second_01,merm,0.737163,-1.5,11.0
second_01,tree_evergreen_4,0.874164,1.0,1.0
second_01,wilson,0.823706,-5.0,0.0
second_01,clock_rook,0.774879,0.0,1.0
second_01,clock_bishop,0.773344,-1.5,-1.0
second_01,merm,0.741135,-1.5,-6.0
second_01,clock_knight,0.738034,-1.5,5.0
second_01,tree_evergreen_4,0.848968,1.5,0.0
second_01,wilson,0.844026,3.5,-3.0
second_01,clock_bishop,0.787061,-1.5,3.0
second_01,merm,0.740755,-2.5,-1.0
second_01,clock_knight,0.72333,2.5,1.0
second_01,clock_rook,0.656723,5.0,5.0
second_01,wilson,0.84196,1.0,-6.0
second_01,merm,0.820568,4.0,-3.0
second_01,clock_rook,0.80877,1.0,7.0
second_01,clock_bishop,0.780548,-4.0,5.0
second_01,clock_knight,0.770896,0.0,-4.0
second_01,wilson,0.846849,0.0,-5.0
second_01,merm,0.814524,4.0,0.0
second_01,clock_rook,0.796759,0.0,6.0
second_01,clock_bishop,0.780222,0.0,6.0
second_01,clock_knight,0.758181,2.5,-2.0
second_01,wilson,0.85349,-2.0,-11.0
second_01,clock_rook,0.783244,-6.5,18.0
second_01,clock_knight,0.73787,0.0,0.0
second_01,wilson,0.830804,-3.5,4.0
second_01,tree_evergreen_4,0.814578,8.0,4.0
second_01,clock_rook,0.733445,-2.0,5.0
second_01,clock_knight,0.637857,3.0,-4.0
second_01,merm,0.446759,-7.0,38.0
second_01,tree_evergreen_4,0.848949,2.0,-2.0
second_01,wilson,0.829793,4.0,4.0
second_01,clock_rook,0.795297,3.0,6.0
second_01,merm,0.773176,-3.0,4.0
second_01,clock_knight,0.76901,-3.5,-5.0
second_01,wilson,0.833053,1.0,4.0
second_01,merm,0.8131,0.0,3.0
second_01,tree_evergreen_4,0.808258,0.5,7.0
second_01,clock_rook,0.748337,-2.0,14.0
second_01,wilson,0.83818,0.0,-4.0
second_01,tree_evergreen_4,0.808889,5.0,-1.0
second_01,clock_knight,0.725816,0.5,-9.0
second_01,wilson,0.84642,-0.5,0.0
second_01,tree_evergreen_4,0.80801,0.5,-2.0
second_01,clock_knight,0.723657,4.5,0.0
second_01,wilson,0.836602,3.5,0.0
second_01,tree_evergreen_4,0.823654,5.0,1.0
second_01,merm,0.818399,1.0,4.0
second_01,clock_knight,0.720823,0.5,12.0
second_01,tree_evergreen_4,0.844275,0.5,-3.0
second_01,wilson,0.844116,1.0,-3.0
second_01,merm,0.832436,2.5,0.0
second_01,clock_knight,0.604253,-8.5,17.0
second_01,tree_evergreen_4,0.834122,0.5,1.0
second_01,wilson,0.822882,0.0,-9.0
second_01,merm,0.781163,1.0,6.0
second_01,clock_knight,0.760427,1.5,3.0
second_01,wilson,0.838513,0.5,0.0
second_01,merm,0.838357,0.5,4.0
second_01,clock_knight,0.753217,-1.0,1.0
second_01,wilson,0.863819,0.5,-5.0
second_01,merm,0.796785,-3.0,3.0
second_01,wilson,0.860475,2.0,-1.0
second_01,merm,0.837564,-4.0,12.0
second_01,clock_knight,0.728081,-2.0,-3.0
second_01,wilson,0.86936,4.5,0.0
second_01,merm,0.846974,9.0,1.0
second_01,clock_knight,0.75946,-1.0,-4.0
second_01,wilson,0.840896,4.0,1.0
second_01,tree_evergreen_4,0.826752,-8.0,-6.0
second_01,merm,0.77492,3.0,7.0
second_01,clock_knight,0.762991,0.0,8.0
second_01,wilson,0.850253,2.5,0.0
second_01,merm,0.820179,4.0,2.0
second_01,clock_rook,0.817001,2.5,-4.0
second_01,clock_knight,0.811877,2.0,-4.0
second_01,tree_evergreen_4,0.825251,3.0,4.0
second_01,wilson,0.824567,-1.5,-3.0
second_01,merm,0.815643,8.5,1.0
second_01,clock_knight,0.730184,2.0,3.0
second_01,wilson,0.843203,-2.5,-3.0
second_01,merm,0.822793,2.0,9.0
second_01,tree_evergreen_4,0.816007,0.5,6.0
second_01,clock_knight,0.697043,-5.0,-2.0
second_01,wilson,0.83445,-1.5,4.0
second_01,tree_evergreen_4,0.830993,-5.0,-3.0
second_01,clock_knight,0.733015,-2.0,9.0
second_01,wilson,0.838809,0.5,3.0
second_01,tree_evergreen_4,0.837047,-1.0,-3.0
second_01,clock_knight,0.746746,3.0,3.0
second_01,wilson,0.853864,0.5,2.0
second_01,tree_evergreen_4,0.829692,2.5,3.0
second_01,clock_knight,0.683144,-1.0,3.0
second_01,wilson,0.826214,5.5,4.0
second_01,tree_evergreen_4,0.824879,-1.0,0.0
second_01,clock_knight,0.762105,1.5,-3.0
second_01,wilson,0.856052,2.0,10.0
second_01,tree_evergreen_4,0.82713,2.5,6.0
second_01,clock_knight,0.701389,1.5,7.0
second_01,tree_evergreen_4,0.863412,3.5,4.0
second_01,wilson,0.856012,5.5,7.0
second_01,clock_bishop,0.793965,3.5,4.0
second_01,tree_evergreen_4,0.864203,5.0,2.0
second_01,wilson,0.85523,7.5,4.0
second_01,clock_bishop,0.804611,0.5,5.0
second_01,wilson,0.848488,-2.0,7.0
second_01,clock_bishop,0.7818,-1.5,5.0
second_01,clock_knight,0.767381,0.0,14.0
second_01,wilson,0.850754,-2.5,12.0
second_01,tree_evergreen_4,0.833324,0.5,6.0
second_01,clock_bishop,0.786621,1.0,-4.0
second_01,clock_knight,0.748874,-3.0,6.0
second_01,tree_evergreen_4,0.843809,7.5,10.0
second_01,wilson,0.827174,-3.5,1.0
second_01,clock_bishop,0.781489,-1.0,6.0
second_01,clock_knight,0.740357,-2.5,4.0
second_01,tree_evergreen_4,0.857675,5.5,13.0
second_01,wilson,0.824336,2.0,7.0
second_01,clock_knight,0.753618,1.0,1.0
second_01,clock_bishop,0.53616,2.0,9.0
second_01,tree_evergreen_4,0.83046,13.0,-8.0
second_01,wilson,0.826618,2.0,1.0
second_01,wilson,0.850364,-2.5,-1.0
second_01,tree_evergreen_4,0.811601,0.5,12.0
second_01,wilson,0.86514,-0.5,11.0
second_01,clock_rook,0.86407,1.0,-8.0
second_01,tree_evergreen_4,0.817668,2.0,11.0
second_01,clock_knight,0.731254,-3.5,-3.0
second_01,clock_rook,0.851165,-5.5,3.0
second_01,tree_evergreen_4,0.830043,-2.5,1.0
second_01,wilson,0.823635,-2.0,-3.0
second_01,clock_knight,0.725443,9.0,9.0
second_01,wilson,0.854482,-0.5,11.0
second_01,clock_rook,0.809848,-4.0,8.0
second_01,tree_evergreen_4,0.800993,-0.5,-3.0
second_01,clock_bishop,0.519562,-1.0,7.0
second_01,clock_knight,0.473642,-2.5,-4.0
second_01,wilson,0.849003,3.0,4.0
second_01,tree_evergreen_4,0.838003,4.0,-4.0
second_01,clock_bishop,0.775271,-3.5,4.0
second_01,clock_knight,0.765357,-1.5,0.0
second_01,wilson,0.848467,-3.0,3.0
second_01,tree_evergreen_4,0.848391,6.0,4.0
second_01,clock_knight,0.770937,0.5,9.0
second_01,clock_bishop,0.752203,0.5,2.0
second_01,clock_rook,0.747889,2.0,-4.0
second_01,wilson,0.849795,-4.5,-4.0
second_01,clock_rook,0.817533,0.0,5.0
second_01,clock_bishop,0.76509,-3.0,5.0
second_01,clock_knight,0.720715,-2.5,0.0
second_01,wilson,0.840645,1.5,-3.0
second_01,clock_bishop,0.812422,0.0,-4.0
second_01,clock_knight,0.763543,-1.5,0.0
second_01,clock_rook,0.852791,-3.0,13.0
second_01,wilson,0.835112,5.5,5.0
second_01,clock_bishop,0.757292,3.5,2.0
second_01,clock_knight,0.745591,0.0,13.0
second_01,wilson,0.859945,-1.0,2.0
second_01,clock_rook,0.856661,5.5,7.0
second_01,tree_evergreen_4,0.809754,3.0,4.0
second_01,clock_knight,0.751608,0.5,0.0
second_01,wilson,0.832447,2.5,8.0
second_01,tree_evergreen_4,0.813792,3.5,-3.0
second_01,clock_knight,0.773002,0.5,2.0
second_01,clock_bishop,0.733537,2.0,-3.0
second_01,tree_evergreen_4,0.835759,6.0,-3.0
second_01,clock_bishop,0.771152,-3.5,-2.0
second_01,clock_knight,0.750163,2.0,4.0
second_01,tree_evergreen_4,0.854935,6.0,16.0
second_01,wilson,0.854238,1.5,3.0
second_01,clock_knight,0.771584,-2.5,1.0
second_01,clock_bishop,0.767935,-1.5,-5.0
second_01,wilson,0.86769,5.0,8.0
second_01,tree_evergreen_4,0.857255,4.5,11.0
second_01,clock_rook,0.837167,1.0,4.0
second_01,tree_evergreen_4,0.871795,5.5,0.0
second_01,wilson,0.843414,5.5,7.0
second_01,clock_rook,0.832568,1.0,12.0
second_01,clock_bishop,0.758464,5.5,-2.0
second_01,wilson,0.860849,2.5,10.0
second_01,clock_bishop,0.774682,2.5,-2.0
second_01,tree_evergreen_4,0.746922,54.5,-4.0
second_01,tree_evergreen_4,0.636623,10.5,-1.0
second_01,clock_rook,0.154118,-16.5,-15.0
second_01,wilson,0.864606,2.5,3.0
second_01,clock_bishop,0.782063,5.5,5.0
second_01,clock_rook,0.725768,12.5,-4.0
second_01,tree_evergreen_4,0.86738,1.5,9.0
second_01,wilson,0.85093,1.0,0.0
second_01,clock_rook,0.847888,-1.5,-8.0
second_01,tree_evergreen_4,0.865203,9.5,9.0
second_01,wilson,0.855497,2.0,-1.0
second_01,clock_rook,0.80631,2.5,8.0
second_01,wilson,0.864156,5.0,11.0
second_01,tree_evergreen_4,0.850176,-3.0,-11.0
second_01,clock_rook,0.82094,-2.5,6.0
second_01,wilson,0.846761,0.5,3.0
second_01,clock_rook,0.823818,1.5,4.0
second_01,clock_bishop,0.759808,-0.5,0.0
second_01,clock_rook,0.839445,-1.5,8.0
second_01,wilson,0.814383,0.0,-2.0
second_01,clock_bishop,0.803233,2.0,-11.0
second_01,clock_rook,0.834937,-0.5,0.0
second_01,wilson,0.807687,-4.0,3.0
second_01,clock_bishop,0.789666,-1.0,3.0
second_01,wilson,0.833138,-0.5,11.0
second_01,clock_rook,0.807517,0.5,13.0
second_01,clock_bishop,0.790063,3.5,0.0
second_01,wilson,0.836456,0.0,3.0
second_01,clock_rook,0.817956,1.0,7.0
second_01,clock_bishop,0.792515,-0.5,10.0
second_01,wilson,0.856834,-2.0,-1.0
second_01,tree_evergreen_4,0.844776,-4.0,-2.0
second_01,clock_bishop,0.789877,5.0,-1.0
second_01,clock_rook,0.774207,-1.0,15.0
second_01,tree_evergreen_4,0.853515,2.0,0.0
second_01,wilson,0.843964,-2.0,12.0
second_01,clock_rook,0.833998,-2.0,11.0
second_01,clock_bishop,0.789537,-3.0,-2.0
second_01,tree_evergreen_4,0.835463,-3.5,8.0
second_01,wilson,0.820123,0.0,5.0
second_01,clock_bishop,0.780814,-2.0,-1.0
second_01,clock_rook,0.744879,-2.5,5.0
second_01,tree_evergreen_4,0.830307,0.0,8.0
second_01,wilson,0.817026,2.5,12.0
second_01,clock_rook,0.799925,-0.5,-1.0
second_01,clock_bishop,0.796059,-2.5,15.0
second_01,tree_evergreen_4,0.833926,-4.0,2.0
second_01,wilson,0.823912,3.0,-1.0
second_01,fish,0.778986,3.5,5.0
second_01,clock_bishop,0.777151,-2.0,1.0
second_01,clock_rook,0.723067,3.5,1.0
second_01,frog_legs,0.32313,-0.5,-5.0
second_01,wilson,0.815994,5.0,14.0
second_01,clock_bishop,0.805712,-5.5,2.0
second_01,frog_legs,0.746326,2.5,4.0
second_01,tree_evergreen_4,0.745639,6.5,1.0
second_01,fish,0.743298,4.0,14.0
second_01,clock_rook,0.653474,6.5,-6.0
second_01,wilson,0.861224,-0.5,7.0
second_01,log,0.815849,-0.5,-3.0
second_01,clock_rook,0.805006,6.0,10.0
second_01,wilson,0.819362,2.0,3.0
second_01,clock_rook,0.785348,-2.5,21.0
second_01,clock_bishop,0.757399,0.5,2.0
second_01,wilson,0.850753,0.5,4.0
second_01,clock_bishop,0.815329,0.0,6.0
second_01,log,0.79226,1.0,0.0
second_01,wilson,0.84201,4.0,-2.0
second_01,clock_bishop,0.81162,-3.5,0.0
second_01,wilson,0.841802,-2.5,1.0
second_01,clock_bishop,0.814418,1.0,4.0
second_01,clock_rook,0.844698,-1.0,16.0
second_01,wilson,0.826992,0.5,0.0
second_01,clock_bishop,0.798781,-0.5,-2.0
second_01,wilson,0.842284,0.5,0.0
second_01,berry_bush,0.835349,0.0,2.0
second_01,berry_bush,0.825199,0.0,1.0
second_01,spider_warrior,0.814318,1.0,2.0
second_01,merm,0.793172,1.0,-2.0
second_01,merm,0.783515,1.5,-1.0
second_01,berry_bush,0.780945,2.0,3.0
second_01,frog,0.509499,0.5,4.0
second_01,wilson,0.852065,-0.5,1.0
second_01,berry_bush,0.848073,1.0,2.0
second_01,berry_bush,0.833457,2.0,-1.0
second_01,berry_bush,0.806,1.5,3.0
second_01,merm,0.802387,0.5,-1.0
second_01,spider_warrior,0.683859,1.0,7.0
second_01,frog,0.621575,-0.5,3.0
second_01,berry_bush,0.819257,0.0,0.0
second_01,berry_bush,0.809185,0.5,-1.0
second_01,merm,0.800262,0.5,0.0
second_01,berry_bush,0.755667,0.5,0.0
second_01,spider_warrior,0.71689,4.5,5.0
second_01,frog,0.522787,-0.5,1.0
second_01,wilson,0.374811,1.5,4.0
second_01,wilson,0.857981,1.5,2.0
second_01,berry_bush,0.833748,1.0,1.0
second_01,merm,0.805548,1.0,-3.0
second_01,spider_warrior,0.797822,2.0,0.0
second_01,monster_meat,0.740851,-2.0,0.0
second_01,berry_bush,0.674285,-0.5,5.0
second_01,wilson,0.864145,-0.5,2.0
second_01,merm,0.860835,0.5,2.0
second_01,berry_bush,0.858411,-0.5,0.0
second_01,spider_warrior,0.812323,1.0,1.0
second_01,monster_meat,0.771166,0.5,0.0
second_01,frog,0.76339,0.0,0.0
second_01,wilson,0.86391,0.5,3.0
second_01,berry_bush,0.848582,2.0,0.0
second_01,frog,0.748269,0.0,0.0
second_01,spider_warrior,0.708367,2.5,-1.0
second_01,merm,0.398517,5.5,5.0
second_01,wilson,0.855155,0.5,1.0
second_01,berry_bush,0.683403,-1.5,0.0
second_01,spider_warrior,0.619075,1.5,-2.0
second_01,frog,0.226152,-7.0,-5.0
second_01,merm,0.137154,3.0,14.0
second_01,wilson,0.855578,0.5,1.0
second_01,merm,0.849411,-0.5,1.0
second_01,frog,0.721637,-0.5,-1.0
second_01,spider_warrior,0.694767,0.5,3.0
second_01,wilson,0.869044,2.0,2.0
second_01,berry_bush,0.811918,1.0,3.0
second_01,spider_warrior,0.794798,2.5,1.0
second_01,monster_meat,0.780755,4.0,0.0
second_01,merm,0.773257,2.0,-2.0
second_01,frog,0.492372,1.0,2.0
second_01,wilson,0.857994,1.0,1.0
second_01,merm,0.847395,0.5,3.0
second_01,spider_warrior,0.800071,1.5,-1.0
second_01,frog,0.760203,0.5,3.0
second_01,wilson,0.856634,0.5,2.0
second_01,frog,0.832343,1.5,7.0
second_01,spider_warrior,0.721242,-0.5,1.0
second_01,merm,0.609375,0.5,40.0
second_01,wilson,0.861148,1.0,0.0
second_01,merm,0.82953,0.5,1.0
second_01,spider_warrior,0.735035,0.5,0.0
second_01,frog,0.720222,0.5,2.0
second_01,wilson,0.839957,-0.5,1.0
second_01,merm,0.839665,1.0,-1.0
second_01,spider_warrior,0.738028,0.5,1.0
second_01,frog,0.66048,1.0,1.0
second_01,frog,0.453892,-7.0,-1.0
second_01,wilson,0.866466,-0.5,2.0
second_01,frog,0.761334,1.5,3.0
second_01,spider_warrior,0.751448,1.0,-3.0
second_01,wilson,0.87365,-0.5,1.0
second_01,frog,0.637589,0.5,4.0
second_01,spider_warrior,0.631738,-2.5,3.0
second_01,wilson,0.870012,0.5,1.0
second_01,merm,0.816051,0.5,0.0
second_01,monster_meat,0.651114,4.0,5.0
second_01,wilson,0.861729,0.5,5.0
second_01,merm,0.838075,1.5,0.0
second_01,frog,0.81454,-0.5,-1.0
second_01,monster_meat,0.500462,2.5,0.0
second_01,wilson,0.863236,2.0,1.0
second_01,frog,0.727316,1.5,1.0
second_01,wilson,0.853568,2.5,-2.0
second_01,frog,0.608191,0.5,2.0
second_01,wilson,0.850493,2.0,1.0
second_01,berry_bush,0.796184,2.0,-1.0
second_01,frog,0.762428,0.0,0.0
second_01,wilson,0.846237,0.5,4.0
second_01,berry_bush,0.833539,1.5,1.0
second_01,berry_bush,0.778281,1.0,1.0
second_01,frog,0.733368,0.0,1.0
second_01,berry_bush,0.860585,0.0,2.0
second_01,berry_bush,0.698793,1.5,3.0
second_01,frog,0.623487,0.5,-1.0
second_01,berry_bush,0.830459,1.0,1.0
second_01,berry_bush,0.79974,1.5,0.0
second_01,morsel,0.768342,1.0,6.0
second_01,frog,0.743329,0.0,2.0
second_01,berry_bush_harvested,0.858491,0.0,2.0
second_01,berry_bush,0.855274,0.5,1.0
second_01,morsel,0.773912,4.0,2.0
second_01,frog,0.74973,-1.0,1.0
second_01,berry_bush_harvested,0.889999,1.0,2.0
second_01,wilson,0.864258,0.5,2.0
second_01,berry_bush,0.854713,1.0,0.0
second_01,frog,0.790822,-1.0,3.0
second_01,morsel,0.765414,3.0,-1.0
second_01,wilson,0.873844,0.0,2.0
second_01,berry_bush_harvested,0.868057,0.5,0.0
second_01,berry_bush,0.853665,0.5,1.0
second_01,morsel,0.762736,2.5,2.0
second_01,frog,0.253936,-4.0,-2.0
second_01,berry_bush,0.859555,1.5,1.0
second_01,wilson,0.854579,-0.5,-1.0
second_01,berry_bush_harvested,0.853361,-0.5,1.0
second_01,frog,0.74587,-1.0,-3.0
second_01,morsel,0.744807,3.5,2.0
second_01,berry_bush_harvested,0.855683,-0.5,1.0
second_01,wilson,0.833264,-0.5,3.0
second_01,berry_bush,0.828547,2.0,0.0
second_01,morsel,0.749023,0.5,0.0
second_01,berry_bush_harvested,0.873311,2.0,0.0
second_01,berry_bush,0.864752,0.5,1.0
second_01,wilson,0.840797,1.0,1.0
second_01,morsel,0.75796,-1.5,-1.0
second_01,monster_meat,0.757525,4.0,3.0
second_01,frog,0.70506,0.5,-2.0
second_01,berry_bush_harvested,0.869592,-1.0,0.0
second_01,wilson,0.860784,1.5,1.0
second_01,berry_bush,0.856776,0.0,0.0
second_01,morsel,0.733773,-1.0,-4.0
second_01,frog,0.715359,1.5,2.0
second_01,berry_bush_harvested,0.870373,-2.0,-2.0
second_01,morsel,0.749735,1.0,2.0
second_01,wilson,0.372347,1.5,0.0
second_01,frog,0.134568,4.0,6.0
second_01,berry_bush_harvested,0.845688,0.5,-1.0
second_01,morsel,0.71527,-1.5,4.0
second_01,wilson,0.541737,0.5,0.0
second_01,berry_bush_harvested,0.880456,2.5,3.0
second_01,wilson,0.849036,1.5,1.0
second_01,monster_meat,0.780708,2.0,1.0
second_01,morsel,0.764657,1.5,4.0
second_01,berry_bush_harvested,0.758893,1.5,0.0
second_01,frog,0.460523,-3.5,11.0
second_01,berry_bush_harvested,0.874842,1.5,1.0
second_01,berry_bush_harvested,0.873564,2.0,1.0
second_01,wilson,0.855679,-1.0,3.0
second_01,merm,0.820509,1.0,0.0
second_01,morsel,0.797113,-2.5,2.0
second_01,monster_meat,0.768217,5.0,1.0
second_01,berry_bush_harvested,0.767885,-0.5,2.0
second_01,frog,0.469485,2.0,0.0
second_01,wilson,0.851705,-1.0,4.0
second_01,merm,0.800792,0.5,0.0
second_01,berry_bush_harvested,0.722735,1.5,0.0
second_01,frog,0.720903,1.0,-2.0
second_01,monster_meat,0.708625,5.0,1.0
second_01,morsel,0.587291,1.5,3.0
second_01,berry_bush_harvested,0.882548,0.5,3.0
second_01,wilson,0.868146,0.5,3.0
second_01,berry_bush_harvested,0.866565,2.0,1.0
second_01,berry_bush_harvested,0.804794,0.5,0.0
second_01,morsel,0.801113,0.5,0.0
second_01,merm,0.791174,1.5,0.0
second_01,monster_meat,0.74431,-2.5,-1.0
second_01,frog,0.666072,1.5,3.0
second_01,berry_bush_harvested,0.883042,1.5,2.0
second_01,wilson,0.874142,1.5,4.0
second_01,berry_bush_harvested,0.853198,0.5,1.0
second_01,merm,0.841712,1.5,1.0
second_01,morsel,0.793574,-2.0,-2.0
second_01,berry_bush_harvested,0.780666,1.5,-2.0
second_01,monster_meat,0.73378,2.5,1.0
second_01,frog,0.217574,-2.0,4.0
second_01,wilson,0.873017,1.5,2.0
second_01,merm,0.813512,2.0,3.0
second_01,morsel,0.794682,3.0,2.0
second_01,frog,0.757314,0.0,6.0
second_01,monster_meat,0.693339,2.0,5.0
second_01,berry_bush_harvested,0.650375,-1.5,3.0
second_01,wilson,0.863583,1.5,2.0
second_01,merm,0.855362,-0.5,2.0
second_01,berry_bush_harvested,0.767975,1.0,2.0
second_01,monster_meat,0.751857,-2.5,0.0
second_01,morsel,0.715167,0.0,2.0
second_01,frog,0.701015,0.5,2.0
second_01,berry_bush_harvested,0.865123,1.5,2.0
second_01,wilson,0.835737,2.0,1.0
second_01,merm,0.824195,0.5,1.0
second_01,morsel,0.813302,3.0,3.0
second_01,frog,0.725116,-0.5,-1.0
second_01,monster_meat,0.724087,-1.0,1.0
second_01,berry_bush_harvested,0.878684,-0.5,2.0
second_01,berry_bush_harvested,0.877591,1.5,0.0
second_01,merm,0.839778,-0.5,0.0
second_01,wilson,0.82757,2.0,2.0
second_01,berry_bush_harvested,0.790204,4.0,8.0
second_01,morsel,0.772486,3.0,3.0
second_01,monster_meat,0.734331,-1.0,3.0
second_01,frog,0.721117,-1.0,-1.0
second_01,berry_bush_harvested,0.890833,-0.5,2.0
second_01,berry_bush_harvested,0.871953,2.5,4.0
second_01,wilson,0.869264,1.5,2.0
second_01,berry_bush_harvested,0.865186,0.5,3.0
second_01,merm,0.826036,0.5,3.0
second_01,monster_meat,0.768168,-2.5,-3.0
second_01,frog,0.758373,-2.0,-1.0
second_01,morsel,0.749424,1.5,3.0
second_01,berry_bush_harvested,0.88834,-0.5,0.0
second_01,berry_bush_harvested,0.884711,1.0,0.0
second_01,berry_bush_harvested,0.861308,1.0,0.0
second_01,wilson,0.858064,0.0,0.0
second_01,merm,0.764481,0.5,5.0
second_01,frog,0.690131,-3.0,0.0
second_01,berry_bush_harvested,0.887578,1.0,1.0
second_01,berry_bush_harvested,0.883669,0.5,0.0
second_01,berry_bush_harvested,0.870698,0.0,2.0
second_01,wilson,0.848412,1.0,1.0
second_01,merm,0.775537,2.5,0.0
second_01,morsel,0.760988,0.5,4.0
second_01,monster_meat,0.743847,5.5,4.0
second_01,frog,0.248928,1.5,-1.0
second_01,wilson,0.850288,0.5,5.0
second_01,merm,0.825833,-1.0,3.0
second_01,morsel,0.810057,-0.5,-3.0
second_01,berry_bush_harvested,0.80478,1.5,0.0
second_01,monster_meat,0.731212,-0.5,-2.0
second_01,berry_bush_harvested,0.720263,0.5,0.0
second_01,frog,0.238165,-1.0,1.0
second_01,berry_bush_harvested,0.886398,1.5,-1.0
second_01,wilson,0.851642,0.0,1.0
second_01,merm,0.834372,1.0,2.0
second_01,berry_bush_harvested,0.798884,1.5,1.0
second_01,morsel,0.769474,0.5,-2.0
second_01,monster_meat,0.730387,2.5,7.0
second_01,frog,0.641952,0.5,-3.0
second_01,berry_bush_harvested,0.886351,0.5,2.0
second_01,berry_bush_harvested,0.878876,0.5,2.0
second_01,wilson,0.870712,0.0,2.0
second_01,merm,0.812447,1.0,0.0
second_01,berry_bush_harvested,0.807895,2.5,-1.0
second_01,morsel,0.805807,-4.5,3.0
second_01,frog,0.761409,0.5,1.0
second_01,monster_meat,0.752232,1.5,5.0
second_01,berry_bush_harvested,0.888281,-0.5,1.0
second_01,berry_bush_harvested,0.888011,0.5,1.0
second_01,wilson,0.87115,2.0,5.0
second_01,berry_bush_harvested,0.870877,0.0,0.0
second_01,morsel,0.809098,0.5,1.0
second_01,merm,0.798222,0.5,-4.0
second_01,monster_meat,0.748473,-1.5,7.0
second_01,frog,0.739971,1.0,0.0
second_01,berry_bush_harvested,0.886362,0.5,1.0
second_01,berry_bush_harvested,0.879259,0.5,-3.0
second_01,berry_bush_harvested,0.868192,0.5,1.0
second_01,wilson,0.8587,0.5,3.0
second_01,morsel,0.790396,-3.5,6.0
second_01,monster_meat,0.761639,0.5,-1.0
second_01,merm,0.748715,1.0,0.0
second_01,frog,0.22766,-4.5,17.0
second_01,berry_bush_harvested,0.883193,0.5,1.0
second_01,berry_bush_harvested,0.882374,0.0,0.0
second_01,wilson,0.846823,-0.5,0.0
second_01,monster_meat,0.798415,2.5,0.0
second_01,frog,0.771995,0.5,2.0
second_01,morsel,0.767203,0.5,-1.0
second_01,merm,0.728272,0.5,3.0
second_01,berry_bush_harvested,0.898965,0.0,-1.0
second_01,berry_bush_harvested,0.888082,1.0,2.0
second_01,wilson,0.848942,1.0,1.0
second_01,monster_meat,0.80401,-3.0,-2.0
second_01,merm,0.756787,1.0,2.0
second_01,frog,0.747864,-1.5,3.0
second_01,morsel,0.742422,5.0,-5.0
second_01,berry_bush_harvested,0.882639,0.5,1.0
second_01,berry_bush_harvested,0.875463,3.0,3.0
second_01,wilson,0.862449,0.5,1.0
second_01,merm,0.802383,0.0,-1.0
second_01,frog,0.690549,0.5,1.0
second_01,morsel,0.119062,0.0,-6.0
second_01,berry_bush_harvested,0.898462,0.5,1.0
second_01,wilson,0.876453,-0.5,3.0
second_01,berry_bush_harvested,0.874567,1.0,1.0
second_01,merm,0.841995,0.5,-2.0
second_01,frog,0.70646,0.5,1.0
second_01,morsel,0.490401,-1.0,-1.0
second_01,berry_bush_harvested,0.881704,2.0,3.0
second_01,berry_bush_harvested,0.871339,1.0,1.0
second_01,wilson,0.842676,0.0,2.0
second_01,merm,0.814682,0.5,4.0
second_01,morsel,0.736996,1.0,-2.0
second_01,frog,0.381328,0.0,1.0
second_01,berry_bush_harvested,0.888222,1.0,2.0
second_01,berry_bush_harvested,0.864594,0.0,2.0
second_01,wilson,0.852159,2.5,1.0
second_01,merm,0.839588,0.0,2.0
second_01,berry_bush_harvested,0.814631,-0.5,-1.0
second_01,frog,0.768139,-2.0,-1.0
second_01,monster_meat,0.658189,1.5,-3.0
second_01,berry_bush_harvested,0.892627,1.0,3.0
second_01,berry_bush_harvested,0.879436,1.5,1.0
second_01,merm,0.834786,0.0,1.0
second_01,wilson,0.832953,2.5,3.0
second_01,berry_bush_harvested,0.827871,0.5,2.0
second_01,frog,0.736446,-0.5,-4.0
second_01,monster_meat,0.726732,8.0,2.0
second_01,frog,0.423287,1.5,-32.0
second_01,berry_bush_harvested,0.881921,1.0,0.0
second_01,wilson,0.819813,0.5,1.0
second_01,merm,0.794836,1.5,2.0
second_01,monster_meat,0.778032,2.5,2.0
second_01,frog,0.329215,-1.0,4.0
second_01,berry_bush_harvested,0.89787,0.0,0.0
second_01,wilson,0.865456,1.5,2.0
second_01,merm,0.811306,0.0,-1.0
second_01,frog,0.774591,0.5,-1.0
second_01,monster_meat,0.722561,0.5,3.0
second_01,berry_bush_harvested,0.882349,0.5,0.0
second_01,berry_bush_harvested,0.882147,-0.5,1.0
second_01,wilson,0.829275,-0.5,0.0
second_01,merm,0.78828,0.5,0.0
second_01,morsel,0.755098,-1.0,-3.0
second_01,monster_meat,0.696881,11.5,8.0
second_01,frog,0.34661,1.0,8.0
second_01,frog,0.346457,12.0,26.0
second_01,frog,0.230844,4.0,9.0
second_01,berry_bush_harvested,0.862582,2.0,-1.0
second_01,berry_bush_harvested,0.8579,1.0,0.0
second_01,berry_bush_harvested,0.854577,2.5,3.0
second_01,wilson,0.847876,0.5,3.0
second_01,merm,0.808949,2.5,1.0
second_01,morsel,0.787498,3.5,5.0
second_01,frog,0.762936,0.5,1.0
second_01,monster_meat,0.386935,9.5,-2.0
second_01,berry_bush_harvested,0.874903,1.5,1.0
second_01,merm,0.830796,-0.5,3.0
second_01,wilson,0.819365,2.0,4.0
second_01,morsel,0.805661,-1.0,2.0
second_01,monster_meat,0.722389,4.0,5.0
second_01,frog,0.359827,0.0,2.0
second_01,berry_bush_harvested,0.879072,2.0,0.0
second_01,berry_bush_harvested,0.875577,0.5,1.0
second_01,berry_bush_harvested,0.869217,1.0,5.0
second_01,wilson,0.861753,0.5,4.0
second_01,merm,0.817776,0.0,4.0
second_01,morsel,0.743038,0.5,-4.0
second_01,monster_meat,0.734034,1.5,4.0
second_01,frog,0.725871,2.5,0.0
second_01,tree_evergreen_3,0.872564,0.5,2.0
second_01,rock1,0.856719,2.0,2.0
second_01,rock2,0.843302,-0.5,0.0
second_01,frog_legs,0.838631,2.0,-1.0
second_01,wilson,0.829408,2.0,-1.0
second_01,rocks,0.824017,2.0,-1.0
second_01,honey,0.79483,0.0,1.0
second_01,fish,0.764721,0.5,-2.0
second_01,tallbird,0.743885,0.5,0.0
second_01,tree_evergreen_3,0.854758,-1.0,2.0
second_01,rock2,0.849461,1.5,0.0
second_01,frog_legs,0.81483,0.0,0.0
second_01,wilson,0.814618,0.5,2.0
second_01,honey,0.79988,1.0,-1.0
second_01,rocks,0.799351,0.5,1.0
second_01,tallbird,0.788353,5.0,1.0
second_01,fish,0.77388,2.5,2.0
second_01,rock1,0.171554,-5.0,-9.0
second_01,rock1,0.865539,0.5,2.0
second_01,tree_evergreen_3,0.864358,-1.5,2.0
second_01,rock2,0.856247,4.0,1.0
second_01,wilson,0.855504,0.5,3.0
second_01,frog_legs,0.849021,-1.5,8.0
second_01,rocks,0.830585,0.5,3.0
second_01,tallbird,0.791177,1.5,0.0
second_01,fish,0.778265,-1.0,13.0
second_01,honey,0.660919,2.0,2.0
second_01,rock1,0.872422,0.5,0.0
second_01,tree_evergreen_3,0.869225,0.0,2.0
second_01,wilson,0.867415,-0.5,-1.0
second_01,rock2,0.843237,1.0,1.0
second_01,frog_legs,0.812529,-2.0,0.0
second_01,rocks,0.81094,0.5,0.0
second_01,fish,0.792445,1.0,-1.0
second_01,honey,0.785363,-0.5,1.0
second_01,tallbird,0.781027,1.0,0.0
second_01,tree_evergreen_3,0.860163,2.0,0.0
second_01,rock2,0.858085,1.5,1.0
second_01,rock1,0.857788,-1.0,0.0
second_01,wilson,0.848854,0.5,4.0
second_01,frog_legs,0.84506,2.0,0.0
second_01,rocks,0.79077,-0.5,0.0
second_01,honey,0.783305,1.0,1.0
second_01,tallbird,0.77915,-2.5,0.0
second_01,fish,0.742827,2.0,-4.0
second_01,wilson,0.84957,-0.5,3.0
second_01,tree_evergreen_3,0.846868,0.0,-1.0
second_01,rock2,0.842515,2.0,-2.0
second_01,rock1,0.841582,-2.5,-1.0
second_01,rocks,0.830079,0.5,2.0
second_01,honey,0.81466,0.0,1.0
second_01,tallbird,0.80663,-0.5,-2.0
second_01,fish,0.760504,0.5,4.0
second_01,wilson,0.862186,2.0,2.0
second_01,rock2,0.854654,2.0,3.0
second_01,tree_evergreen_3,0.854593,1.0,1.0
second_01,rock1,0.839038,0.5,-1.0
second_01,tallbird,0.810618,-3.5,-1.0
second_01,fish,0.776788,3.5,2.0
second_01,wilson,0.853222,0.5,3.0
second_01,rock1,0.852416,1.0,0.0
second_01,rock2,0.830773,0.5,3.0
second_01,tallbird,0.792044,-2.0,-3.0
second_01,tree_evergreen_3,0.789139,-2.5,3.0
second_01,fish,0.770587,1.5,6.0
second_01,wilson,0.857715,1.5,3.0
second_01,rock2,0.828242,1.5,2.0
second_01,rocks,0.822153,2.0,5.0
second_01,tallbird,0.762745,-1.5,-2.0
second_01,fish,0.731893,1.0,1.0
second_01,wilson,0.853944,0.5,-1.0
second_01,fish,0.793896,1.0,4.0
second_01,tallbird,0.780834,-0.5,-4.0
second_01,rock2,0.87375,0.0,0.0
second_01,rock1,0.861337,1.5,2.0
second_01,wilson,0.856873,2.5,2.0
second_01,tree_evergreen_3,0.851439,0.5,1.0
second_01,rocks,0.811723,0.5,3.0
second_01,tallbird,0.739776,2.5,0.0
second_01,rock1,0.86976,-0.5,-1.0
second_01,tree_evergreen_3,0.866894,3.5,1.0
second_01,rock2,0.863786,1.0,0.0
second_01,frog_legs,0.834435,0.5,-1.0
second_01,tallbird,0.819814,1.5,0.0
second_01,rocks,0.81537,1.0,1.0
second_01,wilson,0.813075,1.5,4.0
second_01,fish,0.648923,1.5,4.0
second_01,rock2,0.87884,2.0,0.0
second_01,rock1,0.873541,0.5,-2.0
second_01,tree_evergreen_3,0.857319,1.5,3.0
second_01,wilson,0.856529,0.0,0.0
second_01,frog_legs,0.810011,-0.5,0.0
second_01,rocks,0.806183,0.5,4.0
second_01,tallbird,0.78371,-2.5,-1.0
second_01,fish,0.775188,4.0,1.0
second_01,honey,0.766842,1.0,5.0
second_01,rock1,0.879938,-1.0,2.0
second_01,rock2,0.861394,2.5,0.0
second_01,tree_evergreen_3,0.850023,-1.5,0.0
second_01,wilson,0.840884,1.5,-4.0
second_01,frog_legs,0.827889,2.0,7.0
second_01,rocks,0.7915,0.5,3.0
second_01,honey,0.783719,-1.0,1.0
second_01,fish,0.76749,2.5,-1.0
second_01,tallbird,0.729605,4.5,-1.0
second_01,rock2,0.885689,2.0,2.0
second_01,tree_evergreen_3,0.864891,1.0,1.0
second_01,rock1,0.864639,1.5,-1.0
second_01,wilson,0.849776,1.5,3.0
second_01,rocks,0.802462,1.5,3.0
second_01,fish,0.800628,3.5,3.0
second_01,tallbird,0.779802,-2.5,5.0
second_01,honey,0.767737,0.0,2.0
second_01,frog_legs,0.159077,0.0,7.0
second_01,rock1,0.871512,0.0,0.0
second_01,tree_evergreen_3,0.868748,-1.5,1.0
second_01,rock2,0.867249,1.0,0.0
second_01,wilson,0.847268,0.5,1.0
second_01,tallbird,0.830122,3.0,4.0
second_01,rocks,0.801386,1.5,0.0
second_01,fish,0.78538,4.5,-1.0
second_01,honey,0.726028,-0.5,2.0
second_01,frog_legs,0.519329,1.5,3.0
second_01,rock2,0.88186,2.0,3.0
second_01,rock1,0.874116,0.5,-1.0
second_01,wilson,0.864589,0.0,6.0
second_01,tree_evergreen_3,0.858108,0.0,1.0
second_01,frog_legs,0.80692,-2.5,0.0
second_01,tallbird,0.78221,0.0,-6.0
second_01,honey,0.777234,0.5,-1.0
second_01,rocks,0.776899,-0.5,4.0
second_01,fish,0.755564,0.5,2.0
second_01,wilson,0.859968,1.0,0.0
second_01,tree_evergreen_3,0.851236,-0.5,7.0
second_01,rock1,0.850088,0.0,-3.0
second_01,rocks,0.825695,-0.5,0.0
second_01,frog_legs,0.811108,0.5,0.0
second_01,honey,0.789488,0.0,0.0
second_01,fish,0.778486,3.0,6.0
second_01,tallbird,0.747472,-4.5,-8.0
second_01,wilson,0.855739,0.5,2.0
second_01,rock1,0.850925,2.0,0.0
second_01,tallbird,0.846597,1.0,4.0
second_01,rock2,0.839405,1.5,2.0
second_01,honey,0.831492,-0.5,-2.0
second_01,tree_evergreen_3,0.740752,-5.0,5.0
second_01,wilson,0.873009,0.5,2.0
second_01,rock2,0.846053,1.5,1.0
second_01,rock1,0.839104,1.5,2.0
second_01,tallbird,0.833636,-2.5,3.0
second_01,honey,0.821999,0.5,2.0
second_01,tree_evergreen_3,0.800375,2.5,-3.0
second_01,fish,0.780573,1.0,0.0
second_01,wilson,0.849678,1.0,0.0
second_01,tree_evergreen_3,0.845097,2.0,-2.0
second_01,tallbird,0.818113,-1.5,2.0
second_01,honey,0.817092,2.0,1.0
second_01,fish,0.773285,2.0,3.0
second_01,rock2,0.723631,-1.5,2.0
second_01,wilson,0.842906,1.5,2.0
second_01,tree_evergreen_3,0.841027,1.5,3.0
second_01,tallbird,0.837826,-2.5,5.0
second_01,rock2,0.815449,0.5,-1.0
second_01,honey,0.753877,3.0,3.0
second_01,rock2,0.86901,4.0,0.0
second_01,rock1,0.859355,0.0,0.0
second_01,tree_evergreen_3,0.848154,0.0,-1.0
second_01,wilson,0.841371,1.0,0.0
second_01,tallbird,0.798489,2.0,-9.0
second_01,rock1,0.878105,2.0,1.0
second_01,rock2,0.871209,1.5,1.0
second_01,tree_evergreen_3,0.853607,0.5,-3.0
second_01,frog_legs,0.847465,1.0,3.0
second_01,rocks,0.837678,0.5,2.0
second_01,wilson,0.826092,2.5,0.0
second_01,tallbird,0.783859,2.0,0.0
second_01,fish,0.747792,2.5,-1.0
second_01,wilson,0.858012,2.0,4.0
second_01,rock2,0.857263,0.5,2.0
second_01,rock1,0.850981,0.0,-2.0
second_01,tree_evergreen_3,0.843716,-0.5,-2.0
second_01,tallbird,0.801204,-0.5,-3.0
second_01,rocks,0.74476,0.0,3.0
second_01,fish,0.723489,1.5,0.0
second_01,wilson,0.868882,0.5,2.0
second_01,tree_evergreen_3,0.863634,1.0,3.0
second_01,rock1,0.860148,-0.5,1.0
second_01,frog_legs,0.808023,0.0,1.0
second_01,rocks,0.805762,0.5,1.0
second_01,honey,0.803806,0.5,2.0
second_01,tallbird,0.776411,4.0,3.0
second_01,fish,0.734331,0.5,1.0
second_01,rock1,0.878491,-0.5,1.0
second_01,rock2,0.87622,1.5,2.0
second_01,tree_evergreen_3,0.86493,-1.5,0.0
second_01,wilson,0.860239,-1.0,3.0
second_01,frog_legs,0.817893,2.0,2.0
second_01,rocks,0.806586,0.5,0.0
second_01,honey,0.799397,0.5,2.0
second_01,tallbird,0.796137,0.5,-6.0
second_01,fish,0.73816,1.0,-1.0
second_01,wilson,0.878856,1.5,1.0
second_01,rock2,0.848275,1.0,1.0
second_01,tree_evergreen_3,0.846202,-2.5,1.0
second_01,honey,0.791895,1.0,2.0
second_01,tallbird,0.773455,15.5,16.0
second_01,rock2,0.856384,2.0,1.0
second_01,wilson,0.853602,-0.5,-3.0
second_01,rock1,0.815047,13.5,-4.0
second_01,honey,0.80093,0.5,-2.0
second_01,tallbird,0.70194,9.5,-7.0
second_01,wilson,0.868927,0.0,0.0
second_01,rock1,0.85336,1.5,-1.0
second_01,rock2,0.843787,1.5,3.0
second_01,honey,0.823753,0.5,1.0
second_01,tallbird,0.697871,-12.0,9.0
second_01,rock1,0.84989,-1.5,1.0
second_01,rock2,0.849049,1.0,1.0
second_01,wilson,0.834645,0.0,-1.0
second_01,honey,0.803518,1.0,1.0
second_01,tree_evergreen_3,0.75714,-5.0,-10.0
second_01,tallbird,0.740817,1.0,-2.0
second_01,rock1,0.859805,1.0,0.0
second_01,rocks,0.846853,0.5,2.0
second_01,honey,0.82521,1.5,3.0
second_01,wilson,0.809218,1.0,-1.0
second_01,fish,0.78898,1.5,0.0
second_01,tree_evergreen_3,0.780546,14.0,7.0
second_01,rock2,0.649619,-2.0,3.0
second_01,tallbird,0.599061,-57.0,-36.0
second_01,tallbird,0.546449,-2.0,-24.0
second_01,tallbird,0.285771,-8.0,14.0
second_01,rock2,0.877964,1.0,3.0
second_01,tree_evergreen_3,0.860573,1.0,-1.0
second_01,rock1,0.857391,0.0,-1.0
second_01,wilson,0.855178,0.5,2.0
second_01,frog_legs,0.790686,1.5,3.0
second_01,tallbird,0.762612,-6.5,16.0
second_01,honey,0.733634,0.0,0.0
second_01,fish,0.70927,-1.0,1.0
second_01,rocks,0.474187,-7.5,6.0
second_01,rock2,0.877573,1.5,2.0
second_01,rock1,0.87418,0.5,-1.0
second_01,tree_evergreen_3,0.85165,0.5,1.0
second_01,wilson,0.848344,0.5,5.0
second_01,frog_legs,0.833131,0.0,2.0
second_01,tallbird,0.808739,-3.0,5.0
second_01,fish,0.734823,10.5,4.0
second_01,rocks,0.659863,-2.5,3.0
second_01,tree_evergreen_3,0.858455,1.0,2.0
second_01,rock1,0.848777,-0.5,-1.0
second_01,rocks,0.817652,0.5,2.0
second_01,rock2,0.779757,-3.5,2.0
second_01,fish,0.767819,1.5,0.0
second_01,tallbird,0.715409,-25.0,-1.0
second_01,wilson,0.670539,0.5,2.0
second_01,honey,0.654252,3.5,3.0
second_01,tree_evergreen_3,0.860062,1.5,4.0
second_01,rock1,0.831546,1.0,0.0
second_01,wilson,0.792911,-1.0,3.0
second_01,fish,0.788522,-1.0,2.0
second_01,honey,0.715245,1.5,2.0
second_01,tallbird,0.715225,-0.5,5.0
second_01,rock2,0.70917,-2.0,-3.0
second_01,rock1,0.838265,0.0,0.0
second_01,honey,0.801193,1.5,2.0
second_01,fish,0.787715,1.5,2.0
second_01,tallbird,0.772756,0.5,-23.0
second_01,rocks,0.67352,0.5,3.0
second_01,tree_evergreen_3,0.266226,-2.0,-9.0
second_01,wilson,0.877818,-1.0,0.0
second_01,rock2,0.864388,1.5,0.0
second_01,rock1,0.861345,2.0,0.0
second_01,tree_evergreen_3,0.858023,1.5,3.0
second_01,honey,0.827512,0.0,1.0
second_01,fish,0.798816,0.5,1.0
second_01,rocks,0.785608,0.5,3.0
second_01,wilson,0.861971,0.5,1.0
second_01,tree_evergreen_4,0.842915,-2.0,0.0
second_01,clock_rook,0.831648,0.0,4.0
second_01,log,0.826756,1.5,1.0
second_01,spider_warrior,0.788526,1.5,-2.0
second_01,clock_bishop,0.750139,1.0,-2.0
second_01,gold_nugget,0.727414,-0.5,6.0
second_01,wilson,0.841229,-1.0,2.0
second_01,clock_bishop,0.828285,4.0,2.0
second_01,clock_rook,0.822005,2.5,-10.0
second_01,spider_warrior,0.818627,-1.5,0.0
second_01,log,0.490864,4.0,2.0
second_01,wilson,0.865449,0.5,3.0
second_01,clock_rook,0.831992,2.5,4.0
second_01,spider_warrior,0.822318,-1.0,-1.0
second_01,clock_bishop,0.812624,2.5,6.0
second_01,wilson,0.853412,1.5,2.0
second_01,tree_evergreen_4,0.837129,2.0,2.0
second_01,log,0.776939,-1.5,1.0
second_01,clock_rook,0.748509,-1.5,0.0
second_01,clock_knight,0.73787,-2.5,0.0
second_01,gold_nugget,0.398315,-2.0,0.0
second_01,spider,0.363957,2.0,1.0
second_01,spider,0.356088,18.0,2.0
second_01,spider,0.326261,26.0,4.0
second_01,spider,0.296869,36.0,8.0
second_01,spider,0.23782,27.0,26.0
second_01,spider,0.224306,-7.5,1.0
second_01,clock_bishop,0.198749,6.0,21.0
second_01,spider,0.181115,3.0,7.0
second_01,spider,0.168664,-12.0,25.0
second_01,clock_bishop,0.128031,4.0,-27.0
second_01,spider,0.124349,-10.0,3.0
second_01,log,0.857278,-1.0,1.0
second_01,wilson,0.846533,1.5,2.0
second_01,clock_rook,0.832884,1.0,8.0
second_01,tree_evergreen_4,0.780904,-1.0,1.0
second_01,monster_meat,0.753349,6.0,0.0
second_01,spider,0.66341,2.5,1.0
second_01,clock_knight,0.624286,7.0,12.0
second_01,spider,0.419196,-3.5,-6.0
second_01,spider,0.372669,13.5,1.0
second_01,spider,0.282914,-15.0,-3.0
second_01,spider,0.173603,-20.5,-6.0
second_01,gold_nugget,0.116047,-1.5,3.0
second_01,spider,0.113239,9.5,9.0
second_01,wilson,0.856192,-0.5,4.0
second_01,clock_rook,0.848876,-4.0,1.0
second_01,monster_meat,0.788957,-1.5,-1.0
second_01,tree_evergreen_4,0.782147,1.5,2.0
second_01,spider,0.568044,-7.0,-8.0
second_01,spider,0.565479,3.5,-2.0
second_01,clock_knight,0.560851,6.0,17.0
second_01,spider_nest1,0.294544,2.0,10.0
second_01,spider,0.256455,13.0,-4.0
second_01,gold_nugget,0.242856,3.0,3.0
second_01,spider,0.242319,-11.0,-5.0
second_01,spider,0.232519,-19.0,3.0
second_01,spider,0.223833,-27.0,-30.0
second_01,spider,0.112928,17.5,10.0
second_01,spider,0.104843,20.0,-12.0
second_01,clock_rook,0.840977,-2.5,-2.0
second_01,wilson,0.822279,0.0,1.0
second_01,monster_meat,0.745711,4.5,1.0
second_01,gold_nugget,0.518633,2.5,4.0
second_01,spider,0.480686,1.5,6.0
second_01,spider,0.314406,-7.0,-3.0
second_01,spider,0.298519,-12.5,-2.0
second_01,clock_knight,0.289205,-5.0,-12.0
second_01,spider,0.273755,8.0,3.0
second_01,spider,0.224814,-21.5,6.0
second_01,clock_knight,0.212083,-14.0,13.0
second_01,spider,0.211996,-9.5,9.0
second_01,spider,0.168362,-6.5,6.0
second_01,spider,0.12346,-23.5,17.0
second_01,spider,0.11902,-22.5,6.0
second_01,spider,0.110208,-22.5,-9.0
second_01,spider,0.107071,14.5,9.0
second_01,spider,0.101492,17.5,-4.0
second_01,log,0.861028,0.0,0.0
second_01,wilson,0.838563,0.5,3.0
second_01,clock_rook,0.811261,-0.5,6.0
second_01,monster_meat,0.772917,1.5,-1.0
second_01,spider,0.44588,0.5,12.0
second_01,spider,0.392682,34.5,-18.0
second_01,gold_nugget,0.392066,2.0,0.0
second_01,spider,0.331305,-5.0,-2.0
second_01,spider,0.276526,-9.0,14.0
second_01,spider,0.244536,-7.0,5.0
second_01,spider,0.232038,4.0,24.0
second_01,spider,0.216636,12.5,0.0
second_01,spider,0.182594,-23.0,3.0
second_01,spider,0.181209,27.5,-25.0
second_01,spider,0.132624,19.0,30.0
second_01,log,0.866635,-1.0,1.0
second_01,spider_nest1,0.847432,1.5,1.0
second_01,wilson,0.838418,1.5,5.0
second_01,monster_meat,0.792994,3.0,0.0
second_01,tree_evergreen_4,0.768134,1.5,8.0
second_01,clock_rook,0.745835,1.5,11.0
second_01,gold_nugget,0.718787,0.0,4.0
second_01,spider,0.171789,5.5,-6.0
second_01,log,0.834,2.5,1.0
second_01,clock_rook,0.828483,0.0,1.0
second_01,wilson,0.828313,0.5,0.0
second_01,tree_evergreen_4,0.8001,2.5,2.0
second_01,spider_nest1,0.732553,0.5,-1.0
second_01,gold_nugget,0.728767,0.0,7.0
second_01,spider,0.272507,-3.5,7.0
second_01,spider,0.222199,-13.0,4.0
second_01,spider,0.185321,9.5,-1.0
second_01,wilson,0.859237,0.5,4.0
second_01,log,0.840869,1.5,2.0
second_01,clock_rook,0.809752,0.5,3.0
second_01,tree_evergreen_4,0.792139,1.5,-1.0
second_01,clock_bishop,0.773783,1.5,3.0
second_01,monster_meat,0.740289,9.0,4.0
second_01,clock_knight,0.737063,2.0,5.0
second_01,gold_nugget,0.610239,0.5,6.0
second_01,clock_rook,0.872107,1.5,-1.0
second_01,wilson,0.833003,-0.5,2.0
second_01,tree_evergreen_4,0.809637,2.0,2.0
second_01,clock_knight,0.777882,1.5,0.0
second_01,clock_bishop,0.76235,4.0,5.0
second_01,monster_meat,0.735035,7.0,2.0
second_01,gold_nugget,0.637007,-1.0,3.0
second_01,wilson,0.843856,0.5,1.0
second_01,tree_evergreen_4,0.807455,1.5,1.0
second_01,clock_bishop,0.760773,5.0,5.0
second_01,clock_knight,0.752282,0.5,1.0
second_01,monster_meat,0.743243,1.5,6.0
second_01,gold_nugget,0.722903,2.5,3.0
second_01,wilson,0.857207,-3.5,-1.0
second_01,clock_rook,0.841259,0.0,3.0
second_01,gold_nugget,0.776667,0.0,6.0
second_01,clock_bishop,0.774118,0.5,6.0
second_01,monster_meat,0.761601,4.5,8.0
second_01,clock_knight,0.724136,1.5,5.0
second_01,wilson,0.853835,4.0,11.0
second_01,tree_evergreen_4,0.798912,1.5,2.0
second_01,gold_nugget,0.770281,1.0,2.0
second_01,clock_bishop,0.759393,1.5,5.0
second_01,monster_meat,0.744133,2.5,1.0
second_01,clock_rook,0.72333,-2.5,22.0
second_01,clock_knight,0.717296,-1.5,6.0
second_01,wilson,0.83059,-1.5,-1.0
second_01,clock_rook,0.823073,1.0,0.0
second_01,clock_bishop,0.781476,-0.5,3.0
second_01,monster_meat,0.770503,2.5,3.0
second_01,gold_nugget,0.598177,2.5,5.0
second_01,clock_knight,0.495467,-3.0,1.0
second_01,wilson,0.835374,3.0,0.0
second_01,clock_rook,0.802851,-0.5,2.0
second_01,monster_meat,0.766499,0.0,2.0
second_01,clock_bishop,0.766032,-0.5,4.0
second_01,clock_knight,0.742819,-4.5,3.0
second_01,gold_nugget,0.610334,0.0,6.0
second_01,spider_nest1,0.85954,0.5,4.0
second_01,wilson,0.837943,-1.0,4.0
second_01,tree_evergreen_4,0.831889,2.0,0.0
second_01,clock_rook,0.79895,-4.5,3.0
second_01,clock_knight,0.775847,1.5,0.0
second_01,gold_nugget,0.722354,1.0,4.0
second_01,spider_nest1,0.704983,2.5,5.0
second_01,log,0.344691,0.5,7.0
second_01,wilson,0.851935,-0.5,2.0
second_01,tree_evergreen_4,0.851314,3.0,2.0
second_01,spider_nest1,0.812252,-1.0,-1.0
second_01,clock_knight,0.785312,2.0,0.0
second_01,clock_rook,0.739747,0.0,4.0
second_01,log,0.710307,0.5,2.0
second_01,gold_nugget,0.662681,0.0,0.0
second_01,clock_bishop,0.446963,0.5,19.0
second_01,wilson,0.862085,2.0,2.0
second_01,clock_rook,0.840371,0.0,5.0
second_01,clock_knight,0.722267,-2.5,0.0
second_01,monster_meat,0.721786,6.0,0.0
second_01,gold_nugget,0.635329,0.0,2.0
second_01,wilson,0.852725,-0.5,-2.0
second_01,log,0.840171,-0.5,3.0
second_01,clock_rook,0.804029,1.5,2.0
second_01,clock_knight,0.772545,-0.5,0.0
second_01,clock_bishop,0.720411,-0.5,-1.0
second_01,wilson,0.859235,1.0,4.0
second_01,log,0.855901,1.0,1.0
second_01,clock_rook,0.825905,1.0,2.0
second_01,clock_knight,0.770293,-0.5,4.0
second_01,gold_nugget,0.7228,3.5,3.0
second_01,spider_nest1,0.84855,2.5,0.0
second_01,tree_evergreen_4,0.815161,0.0,7.0
second_01,wilson,0.814242,0.5,0.0
second_01,gold_nugget,0.749326,1.0,-1.0
second_01,clock_knight,0.628208,0.0,6.0
second_01,clock_bishop,0.577089,2.5,3.0
second_01,wilson,0.845496,0.5,4.0
second_01,clock_rook,0.814328,3.0,1.0
second_01,spider_nest1,0.806407,2.5,-1.0
second_01,spider_nest2,0.766527,5.5,-4.0
second_01,spider_nest1,0.766346,1.0,5.0
second_01,spider_nest3,0.587014,-1.5,-7.0
second_01,clock_rook,0.862225,3.5,0.0
second_01,wilson,0.856458,1.0,1.0
second_01,spider_nest1,0.806803,0.5,6.0
second_01,spider_nest2,0.733329,-1.0,-2.0
second_01,spider_nest3,0.518091,3.5,4.0
second_01,spider_nest1,0.843892,4.5,3.0
second_01,wilson,0.841581,1.5,4.0
second_01,clock_rook,0.824188,-2.5,5.0
second_01,spider_nest2,0.779411,1.0,-6.0
second_01,spider_nest1,0.721083,2.0,2.0
second_01,spider_nest3,0.651182,-7.5,-1.0
second_01,spider_nest1,0.86838,1.5,3.0
second_01,log,0.852976,0.5,2.0
second_01,wilson,0.829436,0.5,-2.0
second_01,clock_rook,0.827985,-1.0,3.0
second_01,tree_evergreen_4,0.81664,1.5,-3.0
second_01,monster_meat,0.697082,0.5,1.0
second_01,gold_nugget,0.622147,1.5,0.0
second_01,clock_knight,0.179458,3.0,7.0
second_01,tree_evergreen_4,0.83847,2.0,-2.0
second_01,wilson,0.838231,1.5,5.0
second_01,clock_rook,0.819351,-1.0,1.0
second_01,gold_nugget,0.72137,0.0,1.0
second_01,monster_meat,0.709617,-2.0,-4.0
second_01,clock_knight,0.51026,0.5,-1.0
second_01,spider_nest2,0.324711,2.5,3.0
second_01,wilson,0.852334,2.0,0.0
second_01,tree_evergreen_4,0.846992,0.5,0.0
second_01,clock_rook,0.834625,-0.5,-1.0
second_01,clock_bishop,0.804897,1.0,0.0
second_01,spider_nest1,0.800664,0.0,6.0
second_01,monster_meat,0.777514,0.0,1.0
second_01,spider_nest3,0.629103,0.5,1.0
second_01,spider_nest1,0.831426,4.5,-8.0
second_01,wilson,0.828103,1.0,4.0
second_01,clock_bishop,0.783284,0.5,-3.0
second_01,clock_rook,0.69127,-19.5,-11.0
second_01,spider_nest3,0.57207,-12.0,-5.0
second_01,wilson,0.828622,-1.0,1.0
second_01,clock_rook,0.826511,4.5,1.0
second_01,log,0.796675,1.0,1.0
second_01,spider_nest1,0.780272,2.0,-3.0
second_01,spider_nest2,0.762765,2.0,8.0
second_01,gold_nugget,0.733981,3.5,-1.0
second_01,clock_bishop,0.65432,1.5,8.0
second_01,spider_nest3,0.628671,-12.0,-5.0
second_01,spider_nest1,0.880989,1.0,2.0
second_01,wilson,0.855132,1.0,-1.0
second_01,clock_rook,0.817886,0.5,-7.0
second_01,log,0.808476,0.5,0.0
second_01,spider_nest2,0.803268,-0.5,3.0
second_01,log,0.768251,1.5,-5.0
second_01,spider_nest1,0.765935,1.0,0.0
second_01,gold_nugget,0.449126,1.0,0.0
second_01,clock_rook,0.833182,0.0,0.0
second_01,log,0.823929,-0.5,3.0
second_01,spider_nest1,0.822491,1.5,-1.0
second_01,spider_nest2,0.820685,10.0,-4.0
second_01,log,0.781861,0.0,-1.0
second_01,wilson,0.778057,-1.5,-1.0
second_01,spider_nest1,0.767223,3.0,4.0
second_01,gold_nugget,0.723085,2.0,1.0
second_01,spider_nest3,0.659138,-25.0,6.0
second_01,wilson,0.865386,1.5,0.0
second_01,clock_rook,0.847872,0.5,1.0
second_01,monster_meat,0.799514,1.5,1.0
second_01,spider_nest1,0.792922,1.5,4.0
second_01,clock_bishop,0.792861,2.0,0.0
second_01,spider_nest2,0.759439,-4.5,9.0
second_01,log,0.739069,3.0,-1.0
second_01,spider_nest3,0.639036,-31.5,-1.0
second_01,gold_nugget,0.231366,2.0,4.0
second_01,wilson,0.825536,-0.5,3.0
second_01,gobbler,0.82012,1.5,-7.0
second_01,drumstick,0.762148,1.0,-4.0
second_01,gold_nugget,0.700048,-0.5,-2.0
second_01,wilson,0.831461,-1.0,2.0
second_01,gobbler,0.794475,-2.0,12.0
second_01,drumstick,0.734042,-1.5,1.0
second_01,gold_nugget,0.694676,1.0,-2.0
second_01,wilson,0.860352,-1.0,1.0
second_01,gobbler,0.813856,0.5,-5.0
second_01,drumstick,0.771456,0.5,-3.0
second_01,gold_nugget,0.711371,0.5,3.0
second_01,wilson,0.843157,-1.0,1.0
second_01,gobbler,0.820109,2.0,9.0
second_01,drumstick,0.765798,-1.5,6.0
second_01,gold_nugget,0.753132,2.5,1.0
second_01,wilson,0.853362,0.5,3.0
second_01,gobbler,0.831931,-0.5,-4.0
second_01,drumstick,0.7562,1.0,2.0
second_01,gold_nugget,0.251927,1.5,-6.0
second_01,wilson,0.850781,-1.5,5.0
second_01,gobbler,0.813488,4.0,-10.0
second_01,drumstick,0.76889,3.0,3.0
second_01,wilson,0.850688,1.5,-1.0
second_01,gobbler,0.81365,1.0,2.0
second_01,drumstick,0.766819,2.0,3.0
second_01,gold_nugget,0.693715,2.0,5.0
second_01,wilson,0.841824,1.5,2.0
second_01,gobbler,0.810974,-1.5,1.0
second_01,drumstick,0.792414,-4.5,-1.0
second_01,gold_nugget,0.728502,1.0,3.0
second_01,gobbler,0.847302,3.0,-18.0
second_01,wilson,0.825639,1.0,1.0
second_01,gold_nugget,0.773928,1.5,4.0
second_01,drumstick,0.773343,-3.5,1.0
second_01,wilson,0.868874,-1.0,4.0
second_01,gobbler,0.83319,1.0,-14.0
second_01,drumstick,0.776281,-3.0,0.0
second_01,gold_nugget,0.728096,-1.0,4.0
second_01,wilson,0.849692,0.5,3.0
second_01,gobbler,0.82553,0.5,-8.0
second_01,drumstick,0.757858,-3.0,4.0
second_01,gold_nugget,0.724813,2.5,0.0
second_01,wilson,0.836978,1.5,0.0
second_01,gobbler,0.812928,6.5,1.0
second_01,drumstick,0.758247,-2.0,7.0
second_01,gold_nugget,0.751329,-1.0,-1.0
second_01,wilson,0.850324,0.5,5.0
second_01,drumstick,0.823651,-0.5,2.0
second_01,gobbler,0.821122,5.0,21.0
second_01,gold_nugget,0.735526,0.5,0.0
second_01,wilson,0.847986,1.5,2.0
second_01,gobbler,0.832315,-2.0,-2.0
second_01,drumstick,0.76584,-1.5,-1.0
second_01,gold_nugget,0.694411,-2.0,4.0
second_01,wilson,0.84961,-1.0,2.0
second_01,drumstick,0.77532,0.0,-2.0
second_01,gobbler,0.758435,1.0,-5.0
second_01,wilson,0.86032,0.5,2.0
second_01,gobbler,0.753465,-6.5,11.0
second_01,drumstick,0.743277,3.5,3.0
second_01,wilson,0.862702,1.0,2.0
second_01,gobbler,0.844476,-2.5,17.0
second_01,drumstick,0.76572,4.5,2.0
second_01,gold_nugget,0.751828,1.5,7.0
second_01,wilson,0.857927,1.5,1.0
second_01,gobbler,0.831313,0.5,5.0
second_01,gold_nugget,0.779053,0.0,2.0
second_01,drumstick,0.777879,1.0,6.0
second_01,wilson,0.851517,1.5,1.0
second_01,gobbler,0.841408,2.5,2.0
second_01,gold_nugget,0.75664,1.5,1.0
second_01,drumstick,0.751337,2.5,0.0
second_01,wilson,0.866085,1.5,3.0
second_01,gobbler,0.833288,1.0,-2.0
second_01,gold_nugget,0.760116,2.0,4.0
second_01,drumstick,0.755434,1.5,-2.0
second_01,wilson,0.847447,1.5,1.0
second_01,gobbler,0.820511,-1.5,2.0
second_01,drumstick,0.761729,4.0,1.0
second_01,gold_nugget,0.75514,0.0,2.0
second_01,wilson,0.857669,1.0,3.0
second_01,gobbler,0.823895,-1.5,14.0
second_01,drumstick,0.800193,0.0,2.0
second_01,gold_nugget,0.705165,2.5,3.0
second_01,wilson,0.861968,1.0,1.0
second_01,gobbler,0.836913,2.0,5.0
second_01,gold_nugget,0.743387,1.5,7.0
second_01,drumstick,0.737935,1.5,0.0
second_01,gobbler,0.848559,0.5,11.0
second_01,wilson,0.847551,2.5,2.0
second_01,drumstick,0.679612,-0.5,-4.0
second_01,wilson,0.856905,0.5,3.0
second_01,gobbler,0.834918,6.0,6.0
second_01,wilson,0.869737,0.5,4.0
second_01,gobbler,0.834011,2.0,10.0
second_01,wilson,0.866269,-0.5,1.0
second_01,gobbler,0.807201,-4.0,13.0
second_01,drumstick,0.772111,-1.0,0.0
second_01,wilson,0.854621,2.0,0.0
second_01,gobbler,0.785755,-1.5,3.0
second_01,drumstick,0.348809,3.5,-3.0
second_01,wilson,0.833394,0.0,3.0
second_01,gobbler,0.738933,3.5,-1.0
second_01,wilson,0.842438,0.0,2.0
second_01,gobbler,0.77155,2.0,-6.0
second_01,drumstick,0.754431,3.0,-1.0
second_01,wilson,0.854228,0.5,1.0
second_01,gobbler,0.818715,-6.0,-4.0
second_01,drumstick,0.776364,-0.5,-1.0
second_01,gold_nugget,0.606864,0.0,3.0
second_01,wilson,0.859128,2.0,1.0
second_01,gobbler,0.783041,-3.0,10.0
second_01,drumstick,0.764434,-1.5,7.0
second_01,gold_nugget,0.721184,1.0,3.0
second_01,wilson,0.870969,0.5,3.0
second_01,gobbler,0.818337,-0.5,-2.0
second_01,drumstick,0.805306,2.0,3.0
second_01,gold_nugget,0.660018,0.0,2.0
second_01,wilson,0.864686,1.5,3.0
second_01,gobbler,0.826271,4.0,-3.0
second_01,drumstick,0.746159,0.0,-1.0
second_01,gold_nugget,0.745714,1.5,7.0
second_01,wilson,0.874907,2.5,1.0
second_01,gobbler,0.822674,2.0,13.0
second_01,drumstick,0.775712,2.5,1.0
second_01,gold_nugget,0.632929,1.5,2.0
second_01,wilson,0.855306,1.5,2.0
second_01,gobbler,0.810201,1.0,-3.0
second_01,drumstick,0.782918,2.0,-3.0
second_01,gold_nugget,0.754239,0.5,6.0
second_01,wilson,0.863135,-0.5,0.0
second_01,gobbler,0.815725,2.5,8.0
second_01,drumstick,0.755349,2.0,-3.0
second_01,wilson,0.860749,1.5,2.0
second_01,gobbler,0.81508,0.5,-4.0
second_01,drumstick,0.766495,-0.5,-3.0
second_01,gold_nugget,0.434967,-2.0,3.0
second_01,gobbler,0.832428,1.5,2.0
second_01,wilson,0.830115,0.5,2.0
second_01,drumstick,0.774005,2.0,-1.0
second_01,gold_nugget,0.658231,-2.5,5.0
second_01,wilson,0.860685,1.0,1.0
second_01,gobbler,0.831983,3.5,-9.0
second_01,gold_nugget,0.734237,2.0,4.0
second_01,wilson,0.862757,-0.5,3.0
second_01,gobbler,0.78451,-0.5,8.0
second_01,drumstick,0.742912,1.5,7.0
second_01,wilson,0.837415,1.0,2.0
second_01,gobbler,0.805711,2.0,14.0
second_01,drumstick,0.755418,-1.5,-3.0
second_01,wilson,0.86111,1.5,4.0
second_01,gobbler,0.798349,-3.5,14.0
second_01,drumstick,0.759973,1.0,2.0
second_01,wilson,0.865661,-0.5,1.0
second_01,gobbler,0.80703,4.5,15.0
second_01,drumstick,0.747886,0.0,9.0
second_01,gold_nugget,0.686373,-0.5,-1.0
second_01,wilson,0.85983,-2.0,4.0
second_01,drumstick,0.786577,6.5,5.0
second_01,gobbler,0.780453,1.5,3.0
second_01,gold_nugget,0.7531,-1.0,1.0
second_01,wilson,0.844515,1.0,2.0
second_01,gobbler,0.812945,-4.0,-10.0
second_01,gold_nugget,0.762433,1.0,5.0
second_01,drumstick,0.75907,5.5,-1.0
second_01,wilson,0.847909,3.5,-1.0
second_01,gobbler,0.784014,-3.5,-11.0
second_01,drumstick,0.760336,2.5,-1.0
second_01,gold_nugget,0.67854,1.0,-1.0
second_01,wilson,0.854914,1.0,1.0
second_01,gobbler,0.829118,-2.0,-8.0
second_01,drumstick,0.756971,4.0,4.0
second_01,gold_nugget,0.72097,-0.5,4.0
second_01,wilson,0.867927,1.0,3.0
second_01,gobbler,0.815628,1.0,-3.0
second_01,gold_nugget,0.727115,-3.0,4.0
second_01,drumstick,0.449106,-3.0,3.0
second_01,wilson,0.85745,-0.5,2.0
second_01,gobbler,0.810448,-3.0,6.0
second_01,gold_nugget,0.716029,0.0,3.0
second_01,drumstick,0.464793,1.5,3.0
second_01,wilson,0.858114,1.0,0.0
second_01,gobbler,0.82179,-3.0,-9.0
second_01,drumstick,0.767686,2.0,-1.0
second_01,gold_nugget,0.698939,2.0,8.0
second_01,wilson,0.833452,1.5,3.0
second_01,gobbler,0.816608,4.5,19.0
second_01,drumstick,0.764466,-1.5,-4.0
second_01,gold_nugget,0.216571,2.0,-1.0
second_01,wilson,0.849136,2.0,1.0
second_01,gobbler,0.822014,4.0,3.0
second_01,drumstick,0.777986,1.0,4.0
second_01,gold_nugget,0.651145,2.0,1.0
second_01,wilson,0.862549,1.0,1.0
second_01,gobbler,0.82823,2.5,3.0
second_01,gold_nugget,0.783831,-0.5,3.0
second_01,drumstick,0.779955,3.5,2.0
second_01,gobbler,0.828548,2.0,-8.0
second_01,wilson,0.822776,0.5,3.0
second_01,drumstick,0.777574,-1.5,-1.0
second_01,gold_nugget,0.703515,-6.0,5.0
second_01,wilson,0.861889,1.5,3.0
second_01,gobbler,0.817064,2.5,14.0
second_01,drumstick,0.767976,3.5,5.0
second_01,gold_nugget,0.742725,3.0,-4.0
second_01,wilson,0.856514,2.0,2.0
second_01,drumstick,0.749666,2.0,2.0
second_01,gold_nugget,0.739923,3.5,3.0
second_01,gobbler,0.632895,2.0,12.0
second_02,wilson,0.86298,-1.0,3.0
second_02,grass,0.857667,2.5,7.0
second_02,sapling,0.80498,-2.5,3.0
second_02,tree_evergreen_1,0.291031,5.0,2.0
second_02,grass,0.859099,0.5,1.0
second_02,wilson,0.856234,-2.0,9.0
second_02,sapling,0.824656,3.5,0.0
second_02,tree_evergreen_1,0.382274,2.5,4.0
second_02,grass,0.852234,0.0,4.0
second_02,wilson,0.845791,-1.5,7.0
second_02,sapling,0.817464,0.5,3.0
second_02,flint,0.845749,-1.0,0.0
second_02,grass,0.834893,-1.0,5.0
second_02,grass_picked,0.824788,-2.5,3.0
second_02,wilson,0.6859,2.5,5.0
second_02,wilson,0.879491,0.0,1.0
second_02,grass,0.868207,0.5,0.0
second_02,flint,0.840941,-0.5,4.0
second_02,sapling,0.837583,-0.5,5.0
second_02,tree_evergreen_3,0.824589,-0.5,6.0
second_02,tree_evergreen_2,0.819784,-0.5,2.0
second_02,grass_picked,0.808664,-1.5,2.0
second_02,sapling,0.800333,2.5,0.0
second_02,tree_evergreen_2,0.795954,0.0,7.0
second_02,berry_bush,0.789969,-1.0,-1.0
second_02,grass,0.769357,0.5,-1.0
second_02,tree_evergreen_2,0.768069,-2.0,4.0
second_02,sapling,0.563559,1.0,5.0
second_02,flint,0.235102,-0.5,2.0
second_02,grass,0.860111,3.0,4.0
second_02,grass,0.84839,4.0,6.0
second_02,sapling,0.844294,0.5,7.0
second_02,grass,0.842593,-1.0,1.0
second_02,grass,0.830403,3.0,3.0
second_02,flint,0.829159,-0.5,1.0
second_02,wilson,0.826366,-3.5,5.0
second_02,sapling,0.814062,-1.0,6.0
second_02,tree_evergreen_2,0.813978,0.0,7.0
second_02,tree_evergreen_2,0.780496,2.0,9.0
second_02,flint,0.778285,-1.0,4.0
second_02,tree_evergreen_1,0.732735,2.5,8.0
second_02,grass,0.634581,-0.5,5.0
second_02,tree_evergreen_1,0.593991,0.5,3.0
second_02,sapling_picked,0.852731,1.5,7.0
second_02,sapling,0.851019,2.0,5.0
second_02,sapling,0.845694,0.5,1.0
second_02,grass,0.84389,3.0,-1.0
second_02,flint,0.84248,0.5,2.0
second_02,tree_evergreen_2,0.830957,-2.5,2.0
second_02,grass,0.829226,0.0,6.0
second_02,flint,0.823899,-1.0,4.0
second_02,flint,0.823267,-1.5,4.0
second_02,wilson,0.818945,2.0,5.0
second_02,grass,0.815247,2.0,5.0
second_02,grass,0.813435,-1.0,8.0
second_02,tree_evergreen_1,0.678649,5.0,8.0
second_02,grass,0.866427,2.5,2.0
second_02,berry_bush,0.862334,3.0,6.0
second_02,wilson,0.858755,2.0,0.0
second_02,sapling_picked,0.857495,0.5,1.0
second_02,sapling,0.854389,-0.5,3.0
second_02,sapling,0.845029,0.0,4.0
second_02,grass,0.83117,0.5,3.0
second_02,flint,0.826818,-0.5,2.0
second_02,sapling,0.826471,0.0,3.0
second_02,grass_picked,0.78269,0.0,7.0
second_02,carrot_planted,0.77485,3.0,1.0
second_02,grass,0.749001,-0.5,3.0
second_02,flint,0.663166,1.0,2.0
second_02,tree_evergreen_2,0.576502,3.0,0.0
second_02,tree_evergreen_1,0.332854,2.5,1.0
second_02,sapling_picked,0.874319,-3.5,7.0
second_02,grass,0.862937,-0.5,2.0
second_02,grass,0.85276,0.0,8.0
second_02,tree_evergreen_1,0.834331,1.0,-6.0
second_02,sapling,0.829319,-1.0,8.0
second_02,grass_picked,0.824178,-1.0,5.0
second_02,flint,0.812993,0.5,7.0
second_02,grass,0.804483,-1.5,3.0
second_02,grass,0.798519,-3.0,6.0
second_02,tree_evergreen_3,0.79252,1.0,-5.0
second_02,sapling,0.77955,-2.0,3.0
second_02,tree_evergreen_1,0.578955,0.5,-1.0
second_02,tree_evergreen_2,0.549062,-1.0,1.0
second_02,tree_evergreen_2,0.465051,1.0,-1.0
second_02,sapling_picked,0.873072,2.5,5.0
second_02,grass,0.865302,1.5,5.0
second_02,grass,0.850872,2.0,3.0
second_02,sapling_picked,0.83676,0.0,10.0
second_02,grass,0.829976,-1.0,5.0
second_02,grass,0.808177,-1.0,5.0
second_02,tree_evergreen_3,0.780246,1.0,-5.0
second_02,grass,0.778327,-1.0,1.0
second_02,tree_evergreen_1,0.766011,-2.0,1.0
second_02,sapling,0.754021,8.5,4.0
second_02,flint,0.736394,0.5,1.0
second_02,grass_picked,0.716556,-1.0,5.0
second_02,tree_evergreen_2,0.619413,3.5,6.0
second_02,flint,0.476106,-5.0,3.0
second_02,tree_evergreen_2,0.382238,-1.0,-2.0
second_02,grass,0.855275,0.0,11.0
second_02,grass,0.854679,-1.0,6.0
second_02,sapling_picked,0.851967,2.5,0.0
second_02,grass,0.850605,-1.5,5.0
second_02,sapling_picked,0.836962,2.5,0.0
second_02,grass_picked,0.816962,-3.0,7.0
second_02,tree_evergreen_3,0.814891,3.0,-5.0
second_02,tree_evergreen_1,0.802642,0.5,-7.0
second_02,grass,0.788723,-3.0,5.0
second_02,flint,0.767915,-3.5,7.0
second_02,grass,0.735763,-1.5,0.0
second_02,tree_evergreen_2,0.714466,2.5,6.0
second_02,flint,0.504205,-1.0,11.0
second_02,grass,0.245746,-52.5,68.0
second_02,tree_evergreen_2,0.238844,1.0,15.0
second_02,tree_evergreen_1,0.192139,3.0,-2.0
second_02,grass,0.886697,0.5,2.0
second_02,grass,0.88633,2.0,3.0
second_02,grass,0.880688,0.5,3.0
second_02,grass,0.878755,-0.5,3.0
second_02,grass,0.8504,2.0,3.0
second_02,grass,0.839162,-0.5,2.0
second_02,hound,0.775697,0.5,4.0
second_02,wilson,0.71943,1.5,7.0
second_02,spider,0.703742,1.5,2.0
second_02,spider,0.702374,-0.5,6.0
second_02,hound,0.48638,-8.0,-16.0
second_02,hound,0.418532,-7.0,13.0
second_02,grass,0.866228,-1.0,5.0
second_02,sapling_picked,0.864636,0.0,3.0
second_02,sapling_picked,0.855998,2.5,3.0
second_02,wilson,0.853897,1.5,11.0
second_02,grass,0.842528,-2.5,9.0
second_02,sapling_picked,0.837962,0.5,11.0
second_02,grass,0.836932,-1.0,4.0
second_02,grass,0.833767,-2.0,4.0
second_02,tree_evergreen_3,0.807988,1.0,4.0
second_02,flint,0.7811,0.0,3.0
second_02,grass,0.780927,-2.0,3.0
second_02,tree_evergreen_1,0.764777,4.5,-1.0
second_02,grass_picked,0.723937,-2.5,3.0
second_02,tree_evergreen_2,0.692219,3.5,-7.0
second_02,tree_evergreen_1,0.307885,2.0,0.0
second_02,sapling_picked,0.868813,-1.0,2.0
second_02,grass,0.86415,-1.5,1.0
second_02,grass,0.861995,-1.0,3.0
second_02,grass,0.861463,1.5,5.0
second_02,grass,0.856169,1.0,6.0
second_02,sapling_picked,0.84615,0.0,5.0
second_02,wilson,0.843174,-1.5,9.0
second_02,grass,0.839864,3.0,3.0
second_02,tree_evergreen_3,0.811517,-0.5,-2.0
second_02,tree_evergreen_1,0.806297,2.0,4.0
second_02,grass,0.793157,2.0,4.0
second_02,grass_picked,0.792203,-2.0,5.0
second_02,flint,0.768466,1.5,4.0
second_02,flint,0.768011,0.0,2.0
second_02,tree_evergreen_2,0.760414,-5.5,-2.0
second_02,berry_bush,0.741513,-3.0,0.0
second_02,grass,0.397274,-43.0,73.0
second_02,grass,0.288552,-0.5,7.0
second_02,berry_bush_harvested,0.889984,2.0,2.0
second_02,wilson,0.868852,-0.5,5.0
second_02,sapling,0.850706,0.5,6.0
second_02,sapling,0.848136,2.0,2.0
second_02,grass,0.84735,1.0,1.0
second_02,sapling,0.84705,3.0,3.0
second_02,flint,0.841085,0.0,2.0
second_02,grass,0.835087,1.5,1.0
second_02,grass_picked,0.814318,2.5,1.0
second_02,carrot_planted,0.791374,3.5,2.0
second_02,tree_evergreen_1,0.784294,-1.5,-2.0
second_02,grass_picked,0.779351,-1.5,0.0
second_02,tree_evergreen_1,0.503416,-2.0,4.0
second_02,carrot_planted,0.482516,1.5,4.0
second_02,carrot_planted,0.465042,2.0,9.0
second_02,tree_evergreen_2,0.296026,-3.0,-4.0
second_02,grass_picked,0.134921,-7.5,-8.0
second_02,berry_bush,0.895817,-3.0,-1.0
second_02,wilson,0.8499,2.0,1.0
second_02,grass_picked,0.8452,-1.5,-1.0
second_02,carrot_planted,0.821995,1.5,-1.0
second_02,sapling,0.821705,-1.5,-2.0
second_02,tree_evergreen_1,0.819623,3.5,7.0
second_02,carrot_planted,0.812241,-1.0,0.0
second_02,tree_evergreen_3,0.797984,-7.0,4.0
second_02,sapling_picked,0.797553,4.0,-3.0
second_02,carrot_planted,0.794473,2.0,-2.0
second_02,flint,0.786603,0.0,0.0
second_02,tree_evergreen_2,0.763047,1.5,-3.0
second_02,tree_evergreen_2,0.728235,-4.0,-2.0
second_02,tree_evergreen_1,0.437223,1.0,-4.0
second_02,wilson,0.867423,2.0,0.0
second_02,berry_bush,0.859498,-0.5,3.0
second_02,sapling,0.83393,-0.5,3.0
second_02,carrot_planted,0.83167,-1.5,8.0
second_02,sapling_picked,0.808854,-0.5,6.0
second_02,tree_evergreen_1,0.805985,0.0,4.0
second_02,grass_picked,0.792176,0.5,2.0
second_02,tree_evergreen_3,0.786666,2.0,3.0
second_02,tree_evergreen_2,0.775928,-1.0,-1.0
second_02,carrot_planted,0.726027,0.5,4.0
second_02,tree_evergreen_2,0.721776,0.5,-1.0
second_02,tree_evergreen_1,0.596607,3.0,13.0
second_02,carrot_planted,0.207431,-2.5,0.0
second_02,rock1,0.865221,-3.0,4.0
second_02,grass,0.857739,1.0,0.0
second_02,sapling_picked,0.854776,2.5,-1.0
second_02,grass,0.840092,1.0,1.0
second_02,grass,0.839877,2.0,0.0
second_02,grass,0.833993,-1.0,2.0
second_02,grass,0.829068,3.0,2.0
second_02,tree_evergreen_3,0.82065,2.0,5.0
second_02,sapling,0.809561,2.0,-2.0
second_02,flint,0.804322,-1.0,0.0
second_02,tree_evergreen_1,0.794035,1.0,8.0
second_02,tree_evergreen_2,0.759019,3.0,-1.0
second_02,carrot_planted,0.750219,-0.5,2.0
second_02,wilson,0.739612,-0.5,-2.0
second_02,tree_evergreen_2,0.689317,2.0,5.0
second_02,rock1,0.875319,0.0,1.0
second_02,sapling_picked,0.850984,2.0,6.0
second_02,grass,0.845719,0.5,4.0
second_02,grass,0.844439,0.0,-1.0
second_02,grass,0.839701,2.5,2.0
second_02,grass,0.837098,0.5,1.0
second_02,sapling,0.833886,2.0,5.0
second_02,grass,0.830823,1.5,2.0
second_02,wilson,0.826273,1.5,2.0
second_02,tree_evergreen_3,0.824027,-1.0,3.0
second_02,flint,0.819607,-3.0,1.0
second_02,tree_evergreen_1,0.802682,2.5,-4.0
second_02,tree_evergreen_2,0.747047,4.5,9.0
second_02,tree_evergreen_2,0.733986,3.0,6.0
second_02,tree_evergreen_1,0.595879,-0.5,16.0
second_02,carrot_planted,0.574362,1.5,1.0
second_02,grass,0.871404,-1.5,1.0
second_02,grass,0.867024,3.0,0.0
second_02,grass,0.856511,3.0,1.0
second_02,rock1,0.840684,6.5,4.0
second_02,rock1,0.817433,4.5,5.0
second_02,grass,0.815251,4.0,0.0
second_02,grass,0.888449,0.5,4.0
second_02,grass,0.887615,0.5,2.0
second_02,grass,0.886714,2.0,1.0
second_02,grass,0.886491,0.5,3.0
second_02,grass,0.853975,1.0,2.0
second_02,hound,0.834828,1.0,2.0
second_02,wilson,0.784736,4.5,3.0
second_02,spider,0.776009,3.0,7.0
second_02,hound,0.757755,0.5,4.0
second_02,spider,0.732333,1.5,-1.0
second_02,berry_bush,0.848978,3.5,-2.0
second_02,grass,0.848234,3.5,2.0
second_02,wilson,0.843132,2.0,3.0
second_02,sapling,0.835683,-1.5,-1.0
second_02,grass,0.803104,2.5,3.0
second_02,tree_evergreen_2,0.771693,-0.5,-10.0
second_02,sapling,0.74683,0.5,3.0
second_02,flint,0.640959,0.0,3.0
second_02,tree_evergreen_1,0.467218,6.5,6.0
second_02,berry_bush,0.870449,2.5,-2.0
second_02,sapling,0.864896,0.5,-2.0
second_02,grass,0.85566,1.5,0.0
second_02,wilson,0.846691,-0.5,1.0
second_02,tree_evergreen_3,0.842778,1.0,4.0
second_02,flint,0.826946,-2.0,1.0
second_02,sapling,0.81663,0.5,0.0
second_02,tree_evergreen_1,0.80813,1.5,0.0
second_02,carrot_planted,0.79199,1.0,2.0
second_02,flint,0.76109,2.0,-3.0
second_02,tree_evergreen_1,0.666072,-1.5,2.0
second_02,tree_evergreen_1,0.648827,3.5,8.0
second_02,flint,0.634205,-2.0,5.0
second_02,berry_bush,0.871461,4.0,2.0
second_02,grass,0.837729,2.5,1.0
second_02,carrot_planted,0.832929,-0.5,3.0
second_02,wilson,0.83022,2.5,3.0
second_02,flint,0.826143,-1.5,0.0
second_02,flint,0.818886,-2.5,5.0
second_02,sapling,0.811171,-0.5,0.0
second_02,tree_evergreen_2,0.797204,2.5,4.0
second_02,carrot_planted,0.795672,-2.5,5.0
second_02,flint,0.768302,-2.5,3.0
second_02,flint,0.741127,-3.0,0.0
second_02,tree_evergreen_1,0.733536,-0.5,3.0
second_02,tree_evergreen_1,0.733089,-5.0,2.0
second_02,grass_picked,0.599752,-1.0,0.0
second_02,tree_evergreen_1,0.588707,-1.5,1.0
second_02,sapling_picked,0.861554,0.5,4.0
second_02,berry_bush,0.831495,3.0,0.0
second_02,carrot_planted,0.822971,-2.0,2.0
second_02,grass_picked,0.807834,-1.5,-2.0
second_02,tree_evergreen_2,0.782503,-1.5,4.0
second_02,carrot_planted,0.781756,1.5,2.0
second_02,flint,0.776286,1.5,8.0
second_02,grass_picked,0.769378,-1.5,4.0
second_02,flint,0.759482,-3.0,1.0
second_02,tree_evergreen_1,0.748296,0.5,1.0
second_02,flint,0.717261,0.0,1.0
second_02,tree_evergreen_1,0.652602,2.0,4.0
second_02,sapling,0.606185,4.5,-6.0
second_02,wilson,0.865527,1.5,5.0
second_02,berry_bush_harvested,0.857049,2.5,-2.0
second_02,sapling_picked,0.853651,3.0,5.0
second_02,grass_picked,0.818238,-1.0,0.0
second_02,carrot_planted,0.815647,1.0,5.0
second_02,tree_evergreen_1,0.78679,3.5,-8.0
second_02,flint,0.782678,0.5,0.0
second_02,flint,0.774131,-4.0,-3.0
second_02,flint,0.762288,-3.0,2.0
second_02,grass_picked,0.736882,-2.0,6.0
second_02,carrot_planted,0.734717,-1.0,1.0
second_02,tree_evergreen_1,0.720854,-1.0,2.0
second_02,tree_evergreen_2,0.685569,1.0,3.0
second_02,tree_evergreen_1,0.109501,-2.0,0.0
second_02,sapling_picked,0.87923,1.0,0.0
second_02,tree_evergreen_3,0.852,0.5,-1.0
second_02,sapling,0.843611,2.0,0.0
second_02,wilson,0.838133,-2.0,-1.0
second_02,tree_evergreen_1,0.817992,0.0,4.0
second_02,carrot_planted,0.811894,-1.0,-1.0
second_02,tree_evergreen_2,0.805081,-2.0,2.0
second_02,tree_evergreen_2,0.787693,-2.5,-3.0
second_02,grass_picked,0.776279,-0.5,-7.0
second_02,carrot_planted,0.724631,0.5,-1.0
second_02,flint,0.650606,1.0,2.0
second_02,tree_evergreen_1,0.365794,0.5,7.0
second_02,sapling_picked,0.866684,0.5,1.0
second_02,sapling_picked,0.86054,3.5,-4.0
second_02,berry_bush_harvested,0.847329,2.0,-4.0
second_02,carrot_planted,0.827718,2.5,4.0
second_02,wilson,0.827226,-4.5,-1.0
second_02,grass_picked,0.822696,-2.0,5.0
second_02,carrot_planted,0.797513,-0.5,2.0
second_02,tree_evergreen_1,0.792103,0.0,-2.0
second_02,tree_evergreen_1,0.784162,-0.5,-3.0
second_02,tree_evergreen_2,0.761455,-3.5,1.0
second_02,tree_evergreen_2,0.693921,3.0,-9.0
second_02,sapling_picked,0.860975,3.5,9.0
second_02,sapling_picked,0.851309,1.5,4.0
second_02,berry_bush_harvested,0.843455,3.0,0.0
second_02,wilson,0.838101,-5.5,-13.0
second_02,grass_picked,0.824472,-0.5,-1.0
second_02,tree_evergreen_2,0.802773,0.5,7.0
second_02,carrot_planted,0.801166,1.0,8.0
second_02,tree_evergreen_1,0.796859,-0.5,-2.0
second_02,carrot_planted,0.679474,0.5,2.0
second_02,tree_evergreen_2,0.669044,1.5,-4.0
second_02,tree_evergreen_1,0.654002,-5.0,3.0
second_02,wilson,0.867768,3.5,-5.0
second_02,sapling_picked,0.845837,-0.5,-1.0
second_02,carrot_planted,0.828002,-2.0,5.0
second_02,carrot_planted,0.797142,-1.5,2.0
second_02,tree_evergreen_2,0.788514,9.0,1.0
second_02,tree_evergreen_1,0.782035,1.0,4.0
second_02,grass_picked,0.775336,-2.0,7.0
second_02,tree_evergreen_1,0.770548,-1.5,2.0
second_02,tree_evergreen_1,0.629052,-5.0,1.0
second_02,sapling_picked,0.506221,-1.0,7.0
second_02,sapling_picked,0.861639,0.5,2.0
second_02,carrot_planted,0.83663,-2.0,4.0
second_02,carrot_planted,0.824227,-1.5,6.0
second_02,tree_evergreen_1,0.79198,-6.0,7.0
second_02,tree_evergreen_1,0.774593,1.0,0.0
second_02,grass_picked,0.76393,-3.5,2.0
second_02,sapling_picked,0.654009,4.5,12.0
second_02,grass_picked,0.640469,-1.0,5.0
second_02,tree_evergreen_1,0.633774,-3.5,3.0
second_02,sapling_picked,0.100259,17.5,8.0
second_02,grass,0.884617,0.5,3.0
second_02,grass,0.883372,1.5,0.0
second_02,grass,0.881954,0.0,0.0
second_02,grass,0.879504,1.0,2.0
second_02,grass,0.865503,0.5,4.0
second_02,wilson,0.85531,0.0,7.0
second_02,hound,0.779978,1.0,5.0
second_02,hound,0.775404,-2.0,3.0
second_02,spider,0.75494,1.5,0.0
second_02,spider,0.56014,3.5,-2.0
second_02,spider,0.162751,12.5,11.0
second_02,spider,0.145089,-8.5,5.0
second_02,grass,0.893542,0.5,0.0
second_02,grass,0.887391,0.5,-1.0
second_02,grass,0.876865,2.0,-2.0
second_02,grass,0.87361,1.5,4.0
second_02,grass,0.867369,0.5,1.0
second_02,hound,0.852618,3.0,5.0
second_02,wilson,0.838757,0.5,2.0
second_02,hound,0.813824,-2.5,-2.0
second_02,spider,0.780799,-2.0,2.0
second_02,spider,0.728569,2.0,1.0
second_02,grass,0.851749,1.5,1.0
second_02,tree_evergreen_3,0.846676,-5.0,2.0
second_02,wilson,0.830487,0.5,6.0
second_02,grass,0.823645,1.5,0.0
second_02,carrot_planted,0.8047,2.0,3.0
second_02,grass_picked,0.779633,1.0,2.0
second_02,tree_evergreen_1,0.778614,-0.5,-3.0
second_02,carrot_planted,0.749002,0.0,0.0
second_02,grass,0.888458,-0.5,4.0
second_02,grass,0.877196,2.0,2.0
second_02,grass,0.866497,0.5,1.0
second_02,wilson,0.86293,1.5,1.0
second_02,grass,0.859562,0.0,3.0
second_02,grass,0.83108,0.5,2.0
second_02,hound,0.828281,4.5,4.0
second_02,spider,0.788798,1.5,4.0
second_02,spider,0.782672,3.5,5.0
second_02,hound,0.693953,0.5,8.0
second_02,wilson,0.881939,1.0,5.0
second_02,tree_evergreen_3,0.839086,-1.5,-1.0
second_02,grass,0.837079,0.5,1.0
second_02,tree_evergreen_1,0.816679,-4.0,2.0
second_02,grass,0.811386,-1.5,0.0
second_02,grass_picked,0.806952,1.5,1.0
second_02,carrot_planted,0.796821,1.5,1.0
second_02,carrot_planted,0.783948,0.5,3.0
second_02,carrot_planted,0.570815,0.5,4.0
second_02,berry_bush_harvested,0.876588,1.0,2.0
second_02,wilson,0.858135,0.0,-1.0
second_02,grass,0.830483,-0.5,0.0
second_02,tree_evergreen_3,0.824543,-2.5,4.0
second_02,grass_picked,0.801254,-1.5,1.0
second_02,grass,0.796032,1.5,1.0
second_02,carrot_planted,0.781452,2.0,1.0
second_02,tree_evergreen_1,0.770621,2.5,3.0
second_02,carrot_planted,0.642173,2.0,8.0
second_02,carrot_planted,0.504103,2.0,0.0
second_02,grass,0.890739,2.0,2.0
second_02,grass,0.884013,0.5,2.0
second_02,grass,0.877299,1.5,3.0
second_02,wilson,0.842455,2.5,2.0
second_02,spider,0.744027,-4.5,7.0
second_02,hound,0.727093,-11.5,5.0
second_02,spider,0.697166,-2.5,16.0
second_02,grass,0.690177,3.0,-13.0
second_02,hound,0.648645,8.0,-4.0
second_02,spider,0.282134,6.5,-9.0
second_02,berry_bush_harvested,0.88247,1.5,-2.0
second_02,grass,0.840946,0.5,1.0
second_02,carrot_planted,0.821345,0.0,-1.0
second_02,grass_picked,0.801653,2.0,-3.0
second_02,wilson,0.694479,-1.5,4.0
second_02,berry_bush_harvested,0.854003,4.0,-1.0
second_02,grass,0.851735,2.0,1.0
second_02,carrot_planted,0.841548,-0.5,2.0
second_02,wilson,0.825966,7.0,9.0
second_02,tree_evergreen_1,0.812203,-4.0,13.0
second_02,carrot_planted,0.448033,1.5,3.0
second_02,berry_bush,0.882929,1.0,-1.0
second_02,sapling,0.838258,0.5,1.0
second_02,grass,0.832921,0.0,1.0
second_02,sapling,0.819782,1.5,2.0
second_02,tree_evergreen_1,0.819651,-1.5,-1.0
second_02,tree_evergreen_1,0.802591,0.0,1.0
second_02,sapling,0.780932,0.5,3.0
second_02,grass,0.778772,0.5,0.0
second_02,tree_evergreen_2,0.774509,-2.5,0.0
second_02,tree_evergreen_1,0.766677,-0.5,2.0
second_02,tree_evergreen_1,0.703229,-0.5,6.0
second_02,tree_evergreen_2,0.676424,3.5,1.0
second_02,wilson,0.879286,2.0,6.0
second_02,grass,0.855367,0.5,0.0
second_02,sapling,0.852822,2.5,2.0
second_02,grass,0.85232,2.0,1.0
second_02,sapling,0.850086,0.5,2.0
second_02,grass,0.846988,3.0,1.0
second_02,grass,0.839742,1.5,-1.0
second_02,grass,0.839685,1.5,1.0
second_02,tree_evergreen_3,0.82393,2.0,-7.0
second_02,tree_evergreen_1,0.81397,-2.5,0.0
second_02,tree_evergreen_3,0.715807,1.0,-2.0
second_02,tree_evergreen_2,0.679591,-2.5,-2.0
second_02,tree_evergreen_1,0.583896,-2.0,1.0
second_02,tree_evergreen_2,0.254472,-1.0,-2.0
second_02,sapling,0.862187,1.0,1.0
second_02,grass,0.849824,0.5,0.0
second_02,grass,0.845392,0.5,1.0
second_02,grass,0.843564,0.5,2.0
second_02,tree_evergreen_3,0.839979,4.0,1.0
second_02,grass,0.83906,-0.5,-1.0
second_02,sapling,0.837241,1.5,3.0
second_02,grass,0.830995,0.5,3.0
second_02,tree_evergreen_3,0.80348,1.0,4.0
second_02,tree_evergreen_1,0.777739,4.5,1.0
second_02,tree_evergreen_2,0.731698,-2.5,11.0
second_02,wilson,0.641401,2.0,5.0
second_02,tree_evergreen_2,0.111779,1.5,10.0
second_02,grass,0.855008,-0.5,-1.0
second_02,grass,0.8504,0.0,1.0
second_02,sapling,0.84602,2.0,4.0
second_02,grass,0.844916,1.0,-2.0
second_02,grass,0.844213,1.0,1.0
second_02,grass,0.842633,-0.5,2.0
second_02,sapling,0.83508,2.0,1.0
second_02,tree_evergreen_3,0.829512,7.0,0.0
second_02,tree_evergreen_3,0.812448,-2.0,-6.0
second_02,tree_evergreen_1,0.801793,0.5,2.0
second_02,tree_evergreen_2,0.730713,4.0,-3.0
second_02,wilson,0.625662,-12.5,-4.0
second_02,grass,0.86195,-0.5,1.0
second_02,tree_evergreen_3,0.852544,-3.0,6.0
second_02,grass,0.844551,0.5,2.0
second_02,berry_bush_harvested,0.844053,0.5,-2.0
second_02,tree_evergreen_3,0.838372,4.5,-4.0
second_02,grass,0.831342,0.0,1.0
second_02,tree_evergreen_3,0.804398,1.5,6.0
second_02,grass,0.790839,1.5,1.0
second_02,sapling,0.766843,0.5,3.0
second_02,tree_evergreen_2,0.750131,0.0,-8.0
second_02,sapling,0.679984,2.0,7.0
second_02,tree_evergreen_1,0.102598,1.0,-4.0
second_02,tree_evergreen_3,0.850786,-0.5,4.0
second_02,sapling_picked,0.845096,1.0,3.0
second_02,tree_evergreen_3,0.837388,-3.0,-6.0
second_02,wilson,0.837009,3.5,0.0
second_02,grass,0.829989,3.5,0.0
second_02,grass,0.822487,-0.5,1.0
second_02,tree_evergreen_3,0.816382,-3.5,-5.0
second_02,sapling,0.807953,-2.0,1.0
second_02,tree_evergreen_2,0.774346,-1.0,6.0
second_02,tree_evergreen_3,0.851779,4.5,4.0
second_02,tree_evergreen_3,0.846809,-1.0,0.0
second_02,sapling_picked,0.841626,3.0,1.0
second_02,grass_picked,0.823024,1.0,2.0
second_02,tree_evergreen_3,0.822148,-2.5,-6.0
second_02,grass,0.817186,2.0,1.0
second_02,grass,0.815195,2.0,2.0
second_02,sapling,0.805314,-2.0,6.0
second_02,wilson,0.768839,2.0,-3.0
second_02,tree_evergreen_2,0.409304,-1.0,-4.0
second_02,grass,0.868257,1.5,0.0
second_02,sapling_picked,0.86357,-0.5,2.0
second_02,grass,0.860338,0.0,2.0
second_02,sapling_picked,0.859233,1.5,0.0
second_02,tree_evergreen_3,0.852139,-1.5,1.0
second_02,tree_evergreen_3,0.847294,5.0,0.0
second_02,grass_picked,0.838765,1.0,0.0
second_02,grass,0.837909,0.5,2.0
second_02,tree_evergreen_3,0.823006,1.5,-7.0
second_02,tree_evergreen_2,0.728587,3.5,2.0
second_02,tree_evergreen_1,0.701886,0.5,-4.0
second_02,tree_evergreen_2,0.59479,0.5,1.0
second_02,sapling_picked,0.86058,0.5,2.0
second_02,grass,0.858966,0.5,-1.0
second_02,sapling_picked,0.857442,2.5,1.0
second_02,grass,0.855404,1.5,2.0
second_02,grass,0.849986,1.5,0.0
second_02,tree_evergreen_3,0.848542,0.0,6.0
second_02,tree_evergreen_3,0.844572,0.5,2.0
second_02,tree_evergreen_3,0.834216,1.0,-2.0
second_02,tree_evergreen_1,0.82602,-4.0,1.0
second_02,grass_picked,0.817165,1.5,1.0
second_02,wilson,0.80069,-2.0,6.0
second_02,tree_evergreen_2,0.697874,-0.5,-2.0
second_02,tree_evergreen_2,0.631658,3.0,4.0
second_02,grass_picked,0.604431,-0.5,3.0
second_02,berry_bush_harvested,0.872945,0.5,1.0
second_02,sapling_picked,0.858492,0.5,2.0
second_02,sapling_picked,0.84682,0.5,2.0
second_02,grass,0.840053,-0.5,1.0
second_02,tree_evergreen_1,0.827729,3.0,7.0
second_02,sapling_picked,0.821061,3.0,10.0
second_02,grass_picked,0.819523,-1.0,3.0
second_02,tree_evergreen_3,0.817298,0.5,-7.0
second_02,tree_evergreen_1,0.812228,1.5,-1.0
second_02,tree_evergreen_2,0.805131,0.5,-4.0
second_02,grass_picked,0.797942,1.0,1.0
second_02,tree_evergreen_3,0.793792,1.0,1.0
second_02,grass_picked,0.780216,-0.5,2.0
second_02,tree_evergreen_2,0.738753,1.5,1.0
second_02,grass_picked,0.730191,0.0,1.0
second_02,grass_picked,0.677143,0.5,2.0
second_02,wilson,0.647771,7.0,7.0
second_02,tree_evergreen_1,0.608248,-1.5,7.0
second_02,grass,0.882057,0.5,0.0
second_02,grass,0.868729,0.5,-1.0
second_02,wilson,0.846371,1.5,5.0
second_02,grass,0.830281,0.5,1.0
second_02,grass,0.820082,-0.5,3.0
second_02,hound,0.819285,1.0,6.0
second_02,grass,0.81242,1.5,2.0
second_02,sapling,0.797706,0.5,3.0
second_02,spider,0.545965,2.5,6.0
second_02,hound,0.472583,7.5,9.0
second_02,spider,0.431658,-35.5,51.0
second_02,hound,0.208388,-31.5,-1.0
second_02,spider,0.195458,-16.5,45.0
second_02,hound,0.170236,-53.5,21.0
second_02,grass,0.878473,-0.5,1.0
second_02,wilson,0.86847,0.5,-1.0
second_02,grass,0.859209,-0.5,2.0
second_02,grass,0.846625,2.0,3.0
second_02,sapling,0.838033,0.5,1.0
second_02,tree_evergreen_3,0.837349,0.5,-2.0
second_02,sapling,0.820928,1.5,2.0
second_02,tree_evergreen_1,0.765047,-3.0,9.0
second_02,tree_evergreen_2,0.376238,-3.0,1.0
second_02,grass,0.883212,1.0,-1.0
second_02,grass,0.881398,0.5,0.0
second_02,wilson,0.877716,0.0,1.0
second_02,grass,0.832074,-2.0,0.0
second_02,grass,0.828629,-1.0,1.0
second_02,hound,0.824451,-1.0,3.0
second_02,grass,0.803985,1.0,1.0
second_02,hound,0.802417,2.0,6.0
second_02,sapling,0.76705,-1.0,3.0
second_02,spider,0.59675,-2.0,1.0
second_02,spider,0.577776,1.0,-3.0
second_02,spider,0.371258,27.0,-14.0
second_02,sapling_picked,0.84796,-2.5,4.0
second_02,sapling_picked,0.838772,1.5,2.0
second_02,wilson,0.837158,-0.5,-1.0
second_02,grass_picked,0.82873,1.5,0.0
second_02,tree_evergreen_3,0.826339,1.0,0.0
second_02,tree_evergreen_1,0.802433,-2.0,3.0
second_02,tree_evergreen_3,0.768991,3.5,5.0
second_02,tree_evergreen_1,0.610113,-3.0,7.0
second_02,wilson,0.852227,-4.0,5.0
second_02,tree_evergreen_3,0.821456,-7.0,4.0
second_02,grass_picked,0.812219,-0.5,1.0
second_02,sapling_picked,0.790266,-2.5,5.0
second_02,sapling_picked,0.725056,2.0,1.0
second_02,tree_evergreen_1,0.634248,-4.0,1.0
second_02,tree_evergreen_3,0.534276,-0.5,-8.0
second_02,wilson,0.875898,2.5,3.0
second_02,grass,0.85817,-0.5,1.0
second_02,sapling_picked,0.855961,1.0,2.0
second_02,sapling,0.846827,0.0,2.0
second_02,grass,0.845796,-0.5,-1.0
second_02,tree_evergreen_1,0.803953,-1.0,2.0
second_02,grass,0.53685,-2.0,5.0
second_02,tree_evergreen_2,0.263303,4.5,4.0
second_02,grass,0.116144,-7.0,4.0
second_02,grass,0.864548,0.5,1.0
second_02,grass,0.864362,0.5,0.0
second_02,grass,0.858212,0.0,2.0
second_02,grass,0.856064,0.5,1.0
second_02,sapling,0.85117,0.5,1.0
second_02,grass,0.826372,1.5,3.0
second_02,wilson,0.793408,3.0,5.0
second_02,tree_evergreen_3,0.741669,-4.5,-4.0
second_02,tree_evergreen_2,0.655175,-4.5,-5.0
second_02,grass,0.374755,2.5,17.0
second_02,grass,0.883913,1.5,3.0
second_02,grass,0.881172,2.0,0.0
second_02,grass,0.846745,1.0,-5.0
second_02,sapling,0.846694,1.5,5.0
second_02,grass,0.846569,1.5,0.0
second_02,grass,0.845976,2.5,2.0
second_02,grass,0.834748,2.5,1.0
second_02,wilson,0.833239,-0.5,4.0
second_02,tree_evergreen_3,0.772329,-7.5,2.0
second_02,tree_evergreen_2,0.385804,0.0,-4.0
second_02,grass,0.865438,0.0,2.0
second_02,wilson,0.847439,4.0,6.0
second_02,grass,0.845824,1.0,2.0
second_02,tree_evergreen_3,0.798182,-4.5,-3.0
second_02,grass,0.771979,0.5,1.0
second_02,grass,0.634488,1.5,3.0
second_02,tree_evergreen_2,0.377222,-3.5,-3.0
second_02,sapling_picked,0.88096,-1.5,4.0
second_02,wilson,0.874454,2.0,5.0
second_02,grass,0.869643,0.5,3.0
second_02,grass,0.866137,1.5,1.0
second_02,grass,0.844072,-1.5,1.0
second_02,grass_picked,0.841208,-0.5,3.0
second_02,grass,0.785709,2.0,-1.0
second_02,grass,0.693487,2.0,8.0
second_02,grass,0.539456,3.0,-2.0
second_02,grass,0.199799,-1.0,-23.0
second_02,wilson,0.868269,0.5,4.0
second_02,grass_picked,0.850255,1.5,1.0
second_02,grass,0.842662,1.5,3.0
second_02,grass_picked,0.831544,-1.5,0.0
second_02,grass,0.816041,0.5,2.0
second_02,grass,0.814924,0.5,1.0
second_02,grass,0.769363,1.5,4.0
second_02,grass,0.701532,2.0,3.0
second_02,grass,0.27993,10.5,80.0
second_02,wilson,0.849648,-1.5,8.0
second_02,grass,0.848567,-0.5,-8.0
second_02,grass_picked,0.844528,-2.5,4.0
second_02,grass,0.829628,-1.5,2.0
second_02,grass,0.816656,0.5,0.0
second_02,grass,0.809489,2.5,-5.0
second_02,grass_picked,0.790044,0.0,3.0
second_02,grass,0.728931,1.5,1.0
second_02,grass,0.530337,14.5,5.0
second_02,grass,0.439211,38.5,74.0
second_02,grass,0.867891,0.5,1.0
second_02,grass,0.861677,0.5,3.0
second_02,grass,0.861093,0.5,1.0
second_02,wilson,0.859061,1.5,3.0
second_02,grass,0.857355,0.5,1.0
second_02,grass,0.849623,1.5,0.0
second_02,grass,0.870051,0.0,2.0
second_02,grass,0.859284,0.5,2.0
second_02,grass,0.853668,0.5,3.0
second_02,wilson,0.849851,0.5,6.0
second_02,grass,0.827406,0.5,3.0
second_02,grass,0.861457,-0.5,1.0
second_02,wilson,0.850374,1.5,2.0
second_02,grass,0.841133,2.0,4.0
second_02,grass,0.672354,0.5,0.0
second_02,grass,0.868772,-1.5,0.0
second_02,grass,0.85934,1.0,1.0
second_02,wilson,0.853916,1.5,0.0
second_02,grass,0.840742,1.5,3.0
second_02,sapling,0.837861,0.5,3.0
second_02,spider,0.815315,1.0,4.0
second_02,grass,0.876478,0.5,2.0
second_02,grass,0.867181,-0.5,3.0
second_02,wilson,0.85751,0.5,7.0
second_02,grass,0.854377,0.5,1.0
second_02,grass,0.844144,-0.5,2.0
second_02,grass,0.86582,1.0,2.0
second_02,grass,0.854862,0.5,3.0
second_02,wilson,0.840994,0.5,-2.0
second_02,grass,0.837575,3.0,1.0
second_02,grass,0.87147,2.0,2.0
second_02,grass,0.865647,2.5,1.0
second_02,wilson,0.862399,-2.0,5.0
second_02,grass,0.861076,-0.5,2.0
second_02,grass,0.857772,0.5,1.0
second_02,grass,0.848186,1.0,1.0
second_02,grass,0.835587,0.5,2.0
second_02,grass,0.877867,1.0,-1.0
second_02,grass,0.869163,0.0,-1.0
second_02,grass,0.866239,0.5,1.0
second_02,grass,0.860602,0.5,1.0
second_02,grass,0.857285,0.5,-1.0
second_02,grass,0.852,0.0,-2.0
second_02,grass,0.851837,0.5,4.0
second_02,wilson,0.831345,-3.5,9.0
second_02,grass,0.871901,0.0,3.0
second_02,grass,0.871599,3.0,2.0
second_02,grass,0.870871,1.5,0.0
second_02,grass,0.867953,1.0,-2.0
second_02,grass,0.861288,0.0,0.0
second_02,grass,0.860314,1.0,1.0
second_02,grass,0.858469,1.5,4.0
second_02,grass,0.846285,1.0,0.0
second_02,wilson,0.826975,2.0,-1.0
second_02,grass,0.870073,2.0,1.0
second_02,grass,0.860495,0.5,2.0
second_02,wilson,0.858153,-1.5,0.0
second_02,grass,0.84579,-1.0,3.0
second_02,grass,0.812283,3.0,2.0
second_02,grass,0.400553,58.0,59.0
second_02,wilson,0.85558,2.0,-3.0
second_02,wilson,0.852267,1.5,1.0
second_02,sapling,0.837757,2.5,1.0
second_02,tree_evergreen_3,0.828906,-1.5,5.0
second_02,sapling,0.821687,0.0,0.0
second_02,tree_evergreen_2,0.814137,-2.0,-1.0
second_02,carrot_planted,0.733712,1.0,4.0
second_02,tree_evergreen_1,0.350805,-0.5,2.0
second_02,sapling,0.855341,1.5,4.0
second_02,tree_evergreen_3,0.850153,-2.5,0.0
second_02,sapling,0.82488,1.5,7.0
second_02,tree_evergreen_1,0.811262,0.5,6.0
second_02,tree_evergreen_1,0.795853,-1.0,1.0
second_02,sapling,0.794512,1.0,2.0
second_02,tree_evergreen_2,0.793835,3.0,0.0
second_02,carrot_planted,0.775456,1.0,2.0
second_02,flint,0.769893,0.0,3.0
second_02,tree_evergreen_2,0.712661,1.5,2.0
second_02,tree_evergreen_3,0.853131,0.5,3.0
second_02,sapling_picked,0.852831,0.0,2.0
second_02,carrot_planted,0.847968,3.0,4.0
second_02,wilson,0.846642,2.5,2.0
second_02,tree_evergreen_1,0.84564,2.5,0.0
second_02,sapling,0.844994,2.0,3.0
second_02,sapling,0.839267,0.0,9.0
second_02,flint,0.804131,1.0,2.0
second_02,tree_evergreen_2,0.800469,4.5,1.0
second_02,tree_evergreen_1,0.745372,-4.0,-1.0
second_02,tree_evergreen_2,0.731551,5.5,-11.0
second_02,flint,0.683644,-1.0,7.0
second_02,sapling_picked,0.860643,-0.5,-1.0
second_02,flint,0.833805,1.5,1.0
second_02,sapling,0.811852,5.0,8.0
second_02,tree_evergreen_3,0.785888,0.0,-4.0
second_02,tree_evergreen_2,0.772689,1.0,1.0
second_02,wilson,0.726512,-5.5,4.0
second_02,sapling,0.724993,1.0,0.0
second_02,tree_evergreen_2,0.72376,0.0,-7.0
second_02,tree_evergreen_1,0.45384,1.5,-6.0
second_02,sapling_picked,0.855722,-0.5,3.0
second_02,sapling_picked,0.854664,3.0,0.0
second_02,grass,0.824983,0.5,2.0
second_02,wilson,0.820988,-0.5,14.0
second_02,tree_evergreen_2,0.748933,-3.0,-7.0
second_02,sapling,0.699781,3.5,3.0
second_02,flint,0.653285,-2.5,1.0
second_02,sapling_picked,0.862099,1.5,2.0
second_02,wilson,0.844414,1.0,2.0
second_02,grass,0.805544,2.0,2.0
second_02,sapling_picked,0.789882,-2.0,3.0
second_02,tree_evergreen_2,0.781137,-1.5,0.0
second_02,wilson,0.85515,0.0,-2.0
second_02,sapling_picked,0.41216,-3.0,2.0
second_02,wilson,0.844976,-1.5,1.0
second_02,wilson,0.843326,-0.5,2.0
second_02,wilson,0.85324,-4.5,-6.0
second_02,wilson,0.84418,-1.0,1.0
second_02,rock1,0.882666,-1.5,-7.0
second_02,tree_evergreen_3,0.841477,2.5,4.0
second_02,wilson,0.819266,-3.0,-3.0
second_02,tree_evergreen_1,0.76989,3.0,-4.0
second_02,tree_evergreen_2,0.58932,4.0,2.0
second_02,rock1,0.880839,-1.0,2.0
second_02,grass,0.846585,1.5,0.0
second_02,wilson,0.820306,0.5,2.0
second_02,tree_evergreen_1,0.722526,-3.5,0.0
second_02,tree_evergreen_3,0.691423,1.0,-2.0
second_02,tree_evergreen_2,0.617939,2.0,2.0
second_02,wilson,0.844158,2.5,4.0
second_02,grass,0.826255,-0.5,1.0
second_02,tree_evergreen_1,0.553242,-1.5,-1.0
second_02,wilson,0.848868,1.0,3.0
second_02,sapling,0.859108,3.0,2.0
second_02,wilson,0.850162,-0.5,3.0
second_02,sapling,0.83559,1.5,2.0
second_02,sapling,0.830137,0.5,1.0
second_02,wilson,0.864107,5.0,3.0
second_02,sapling,0.834824,0.5,-2.0
second_02,wilson,0.849561,2.5,2.0
second_02,grass,0.840221,1.0,4.0
second_02,grass,0.875187,2.0,0.0
second_02,grass,0.870109,1.0,3.0
second_02,grass,0.855048,0.5,2.0
second_02,wilson,0.852802,-1.0,3.0
second_02,sapling,0.848971,0.0,0.0
second_02,wilson,0.869276,0.5,2.0
second_02,grass,0.85774,2.0,-1.0
second_02,grass,0.881386,0.5,1.0
second_02,wilson,0.851012,1.5,4.0
second_02,grass,0.885573,-0.5,-1.0
second_02,grass,0.877634,0.5,1.0
second_02,wilson,0.837387,-0.5,3.0
second_02,grass,0.894135,1.5,2.0
second_02,wilson,0.851969,2.5,1.0
second_02,grass,0.87752,0.0,-1.0
second_02,wilson,0.824635,1.5,-2.0
second_02,grass,0.877251,0.5,0.0
second_02,wilson,0.844398,3.5,3.0
second_02,grass,0.814611,2.5,0.0
second_02,grass,0.809642,0.5,2.0
second_02,grass,0.883872,2.0,-1.0
second_02,grass,0.870734,-0.5,4.0
second_02,grass,0.870306,1.0,1.0
second_02,grass,0.856868,2.0,1.0
second_02,wilson,0.854377,-0.5,-9.0
second_02,grass,0.886918,1.5,-1.0
second_02,grass,0.884621,2.0,0.0
second_02,grass,0.880307,0.5,2.0
second_02,grass,0.876122,0.5,2.0
second_02,wilson,0.837847,2.5,5.0
second_02,grass,0.869131,1.5,4.0
second_02,grass,0.867617,-1.0,-2.0
second_02,wilson,0.850648,-0.5,-1.0
second_02,grass,0.817118,2.5,2.0
second_02,grass,0.885483,0.5,5.0
second_02,grass,0.884675,1.0,1.0
second_02,wilson,0.881335,-1.0,3.0
second_02,grass,0.863768,0.5,0.0
second_02,wilson,0.862977,-2.5,-2.0
second_02,grass,0.888713,1.5,1.0
second_02,grass,0.851408,1.5,2.0
second_02,wilson,0.827421,1.0,-1.0
second_02,grass,0.882447,0.5,1.0
second_02,grass,0.881491,1.5,1.0
second_02,grass,0.875539,2.0,1.0
second_02,grass,0.859565,1.0,2.0
second_02,wilson,0.849208,-7.0,7.0
second_02,rock2,0.846784,0.0,-1.0
second_02,grass,0.885961,1.0,0.0
second_02,wilson,0.877095,0.0,4.0
second_02,grass,0.874344,1.0,2.0
second_02,rock2,0.840811,-2.0,2.0
second_02,grass,0.774478,2.0,4.0
second_02,tallbird,0.658483,-2.5,-29.0
second_02,grass,0.884853,0.5,1.0
second_02,grass,0.88485,-0.5,1.0
second_02,grass,0.877511,0.5,2.0
second_02,wilson,0.876662,0.0,-5.0
second_02,rock2,0.870304,-0.5,-5.0
second_02,tallbird,0.209118,-1.5,-9.0
second_02,grass,0.889215,1.0,2.0
second_02,grass,0.876713,0.5,3.0
second_02,wilson,0.851972,-1.5,-4.0
second_02,grass,0.859044,1.5,5.0
second_02,grass,0.852844,-0.5,3.0
second_02,grass,0.840157,-0.5,0.0
second_02,grass,0.835768,2.5,3.0
second_02,sapling,0.833171,2.0,3.0
second_02,wilson,0.829141,5.5,5.0
second_02,grass,0.79707,1.5,2.0
second_02,grass,0.7962,-1.0,6.0
second_02,tree_evergreen_1,0.734588,2.5,6.0
second_02,tree_evergreen_1,0.690289,-3.0,8.0
second_02,tree_evergreen_1,0.337337,-0.5,-1.0
second_02,grass,0.878326,2.0,2.0
second_02,grass,0.833181,0.5,-1.0
second_02,wilson,0.829403,2.5,0.0
second_02,sapling,0.782354,3.5,3.0
second_02,grass,0.775263,1.5,0.0
second_02,grass,0.709663,1.0,-4.0
second_02,hound,0.612106,-1.0,-5.0
second_02,spider,0.54436,7.5,-1.0
second_02,spider,0.30725,2.5,3.0
second_02,spider,0.195519,25.5,1.0
second_02,grass,0.8962,-0.5,1.0
second_02,grass,0.876151,0.5,1.0
second_02,grass,0.875579,0.5,2.0
second_02,wilson,0.857154,4.5,-2.0
second_02,grass,0.88275,2.0,2.0
second_02,grass,0.869935,0.5,2.0
second_02,wilson,0.861841,1.0,-4.0
second_02,grass,0.827236,0.5,1.0
second_02,grass,0.873646,2.5,0.0
second_02,grass,0.863184,2.0,2.0
second_02,wilson,0.839488,-0.5,7.0
second_02,grass,0.828354,-0.5,4.0
second_02,grass,0.88073,0.5,2.0
second_02,wilson,0.843739,4.5,3.0
second_02,grass,0.886603,1.0,2.0
second_02,wilson,0.872544,0.0,5.0
second_02,grass,0.892455,1.5,0.0
second_02,wilson,0.853151,3.5,3.0
second_02,grass,0.877777,0.5,3.0
second_02,grass,0.84725,2.0,1.0
second_02,wilson,0.819197,0.5,1.0
second_02,grass,0.79918,1.0,1.0
second_02,sapling,0.78467,4.0,2.0
second_02,spider,0.730794,1.5,5.0
second_02,hound,0.727765,0.5,15.0
second_02,grass,0.65135,1.0,5.0
second_02,hound,0.380965,3.0,0.0
second_02,grass,0.876512,0.5,0.0
second_02,grass,0.871832,0.0,0.0
second_02,grass,0.862574,1.0,3.0
second_02,wilson,0.845056,3.0,0.0
second_02,grass,0.759602,0.5,-3.0
second_02,grass,0.701925,1.0,1.0
second_02,grass,0.889407,-0.5,2.0
second_02,grass,0.872584,3.0,1.0
second_02,grass,0.866231,1.5,1.0
second_02,wilson,0.858194,0.0,1.0
second_02,grass,0.850181,0.0,3.0
second_02,grass,0.886986,0.5,2.0
second_02,grass,0.879207,1.0,3.0
second_02,grass,0.867853,1.5,4.0
second_02,grass,0.864035,0.5,3.0
second_02,grass,0.854947,-0.5,3.0
second_02,wilson,0.852071,-2.0,6.0
second_02,grass,0.890639,1.0,-1.0
second_02,grass,0.876484,3.0,1.0
second_02,grass,0.869346,0.5,0.0
second_02,wilson,0.841058,4.0,6.0
second_02,wilson,0.855269,-0.5,8.0
second_02,grass,0.877554,2.0,2.0
second_02,grass,0.840317,0.5,-1.0
second_02,sapling,0.788666,1.5,-1.0
second_02,hound,0.781699,2.5,-2.0
second_02,grass,0.762889,2.5,0.0
second_02,grass,0.723043,0.5,5.0
second_02,hound,0.64099,0.0,-1.0
second_02,wilson,0.593417,-1.0,4.0
second_02,spider,0.544844,6.0,0.0
second_02,spider,0.127541,14.5,7.0
second_02,grass,0.890467,1.5,1.0
second_02,grass,0.87954,1.5,1.0
second_02,wilson,0.859699,0.0,4.0
second_02,grass,0.609456,1.5,3.0
second_02,grass,0.884067,0.5,-1.0
second_02,grass,0.87169,0.0,6.0
second_02,wilson,0.838781,0.0,1.0
second_02,rock2,0.849518,-3.5,6.0
second_02,wilson,0.848457,-1.0,-1.0
second_02,grass,0.840113,2.0,1.0
second_02,flint,0.796674,-0.5,3.0
second_02,grass,0.866285,1.0,2.0
second_02,grass,0.864094,-0.5,3.0
second_02,wilson,0.852854,1.5,0.0
second_02,flint,0.816446,-2.5,4.0
second_02,grass,0.648563,0.0,-1.0
second_02,grass,0.883225,0.5,2.0
second_02,wilson,0.875163,2.0,4.0
second_02,grass,0.873254,2.0,1.0
second_02,grass,0.867556,0.5,1.0
second_02,wilson,0.833312,2.0,4.0
second_02,grass,0.884923,0.5,4.0
second_02,grass,0.843487,2.0,2.0
second_02,grass,0.8426,3.5,8.0
second_02,sapling,0.829284,-1.5,3.0
second_02,wilson,0.823036,-0.5,4.0
second_02,grass,0.8162,-0.5,4.0
second_02,spider,0.757262,-1.0,1.0
second_02,hound,0.698338,1.5,0.0
second_02,hound,0.5393,8.0,6.0
second_02,hound,0.124048,-31.5,-4.0
second_02,grass,0.849338,1.0,2.0
second_02,sapling_picked,0.836828,1.0,5.0
second_02,wilson,0.797249,-3.0,3.0
second_02,wilson,0.845484,0.5,1.0
second_02,sapling_picked,0.382144,-4.5,3.0
second_02,sapling,0.84048,0.0,0.0
second_02,wilson,0.826406,1.5,4.0
second_02,wilson,0.865428,0.5,3.0
second_02,berry_bush_harvested,0.875292,3.0,6.0
second_02,grass,0.869111,0.0,0.0
second_02,wilson,0.865063,-1.0,-2.0
second_02,grass,0.863391,-0.5,3.0
second_02,grass,0.860398,-1.5,2.0
second_02,sapling,0.83895,1.0,2.0
second_02,sapling,0.823798,1.5,3.0
second_02,tree_evergreen_3,0.617287,7.0,-1.0
second_02,grass,0.866234,1.0,3.0
second_02,grass,0.855689,1.5,1.0
second_02,berry_bush_harvested,0.843675,2.0,2.0
second_02,sapling,0.838798,2.5,0.0
second_02,sapling,0.809959,-0.5,0.0
second_02,sapling,0.699748,17.0,8.0
second_02,grass,0.872511,-0.5,1.0
second_02,wilson,0.866135,1.5,-4.0
second_02,sapling_picked,0.86115,2.0,4.0
second_02,grass_picked,0.837504,-0.5,-1.0
second_02,sapling,0.837301,2.0,3.0
second_02,grass,0.821774,1.0,4.0
second_02,sapling,0.799214,0.0,3.0
second_02,tree_evergreen_3,0.623677,2.5,5.0
second_02,sapling_picked,0.369635,1.5,2.0
second_02,tree_evergreen_2,0.120638,4.0,-3.0
second_02,tree_evergreen_2,0.113629,7.0,14.0
second_02,sapling_picked,0.858351,2.5,1.0
second_02,grass,0.857097,1.0,-1.0
second_02,sapling,0.825074,0.0,3.0
second_02,tree_evergreen_3,0.794508,4.5,8.0
second_02,grass_picked,0.66671,-1.5,1.0
second_02,sapling_picked,0.535741,-0.5,-2.0
second_02,grass,0.870833,0.5,1.0
second_02,sapling,0.860898,0.0,1.0
second_02,grass,0.852107,-2.0,3.0
second_02,grass,0.841379,-1.5,2.0
second_02,tree_evergreen_3,0.806403,3.0,1.0
second_02,wilson,0.803613,0.0,5.0
second_02,grass,0.782507,-0.5,6.0
second_02,grass,0.732009,-3.0,-3.0
second_02,grass,0.512309,21.0,21.0
second_02,grass,0.85017,-0.5,5.0
second_02,grass,0.84688,3.0,1.0
second_02,sapling,0.83999,3.0,0.0
second_02,grass,0.833501,0.0,5.0
second_02,wilson,0.827031,1.5,2.0
second_02,tree_evergreen_1,0.778891,0.5,2.0
second_02,tree_evergreen_3,0.764804,3.0,-4.0
second_02,tree_evergreen_3,0.75939,0.5,-2.0
second_02,grass,0.709535,2.5,-1.0
second_02,grass,0.866767,0.5,1.0
second_02,sapling,0.853744,-0.5,2.0
second_02,grass,0.83698,1.5,4.0
second_02,wilson,0.764589,2.0,8.0
second_02,tree_evergreen_3,0.688619,-0.5,-5.0
second_02,tree_evergreen_3,0.675002,3.0,9.0
second_02,grass,0.608588,-71.5,-61.0
second_02,tree_evergreen_1,0.500977,0.5,-2.0
second_02,grass,0.875087,0.5,1.0
second_02,grass,0.860026,0.5,2.0
second_02,grass,0.849755,2.5,0.0
second_02,sapling,0.847612,0.5,2.0
second_02,wilson,0.705603,-3.5,-1.0
second_02,tree_evergreen_1,0.688419,1.0,3.0
second_02,tree_evergreen_3,0.607576,4.0,6.0
second_02,grass,0.861265,-0.5,3.0
second_02,grass,0.854272,0.5,5.0
second_02,berry_bush_harvested,0.844759,1.0,3.0
second_02,sapling,0.838955,2.5,1.0
second_02,wilson,0.825749,-0.5,-2.0
second_02,tree_evergreen_3,0.558306,1.0,5.0
second_02,tree_evergreen_1,0.172243,1.5,6.0
second_02,wilson,0.876226,2.0,2.0
second_02,berry_bush_harvested,0.874135,2.0,3.0
second_02,grass,0.872139,0.0,2.0
second_02,grass,0.866802,-1.5,4.0
second_02,sapling_picked,0.807348,0.0,2.0
second_02,tree_evergreen_1,0.767582,0.5,-1.0
second_02,tree_evergreen_3,0.752118,-3.0,-5.0
second_02,tree_evergreen_3,0.681583,1.5,-4.0
second_02,grass,0.333833,-65.5,-41.0
second_02,grass,0.871512,0.5,2.0
second_02,wilson,0.861279,-5.5,3.0
second_02,sapling_picked,0.847705,1.0,1.0
second_02,grass_picked,0.843624,1.0,0.0
second_02,grass,0.808607,0.0,2.0
second_02,tree_evergreen_1,0.78761,-3.0,4.0
second_02,tree_evergreen_3,0.754757,0.0,-2.0
second_02,tree_evergreen_3,0.706171,7.5,-1.0
second_02,grass,0.660908,-3.0,0.0
second_02,wilson,0.833102,-2.5,2.0
second_02,grass,0.815933,0.0,4.0
second_02,grass,0.884464,2.0,2.0
second_02,grass,0.882624,1.5,3.0
second_02,grass,0.871808,0.5,1.0
second_02,grass,0.862497,2.5,-1.0
second_02,wilson,0.832152,2.5,-1.0
second_02,hound,0.828515,0.5,1.0
second_02,sapling,0.801322,1.5,3.0
second_02,hound,0.742803,2.0,-5.0
second_02,grass,0.887229,1.5,0.0
second_02,grass,0.884952,0.5,0.0
second_02,grass,0.884344,0.5,0.0
second_02,grass,0.865848,0.5,1.0
second_02,wilson,0.857008,0.0,5.0
second_02,wilson,0.845385,1.0,-1.0
second_02,clock_bishop,0.77431,4.5,8.0
second_02,grass,0.679792,3.5,4.0
second_02,wilson,0.841897,7.0,8.0
second_02,flint,0.368168,-0.5,6.0
second_02,sapling,0.859133,0.0,-1.0
second_02,sapling,0.82222,1.5,2.0
second_02,wilson,0.821798,0.0,2.0
second_02,wilson,0.829678,0.5,9.0
second_02,wilson,0.859216,2.0,5.0
second_02,flint,0.761877,-1.5,-3.0
second_02,wilson,0.833895,0.0,-3.0
second_02,flint,0.801206,-1.0,0.0
second_02,rock2,0.796807,7.5,-4.0
second_02,flint,0.788758,-2.0,3.0
second_02,flint,0.25103,3.5,0.0
second_02,flint,0.828895,2.5,-1.0
second_02,flint,0.405391,-6.5,-7.0
second_02,wilson,0.654429,7.0,-3.0
second_02,flint,0.428696,-2.0,8.0
second_02,wilson,0.546818,0.0,39.0
second_02,wilson,0.78081,-3.0,3.0
second_02,wilson,0.750303,2.5,2.0
second_02,hound,0.8386,0.0,1.0
second_02,grass,0.837938,2.5,2.0
second_02,wilson,0.827953,2.5,-4.0
second_02,hound,0.744354,1.5,4.0
second_02,wilson,0.758006,4.0,10.0
second_02,wilson,0.829133,1.5,7.0
second_02,wilson,0.791814,2.0,2.0
second_02,wilson,0.763938,3.0,-3.0
second_02,wilson,0.723269,-2.0,-2.0
second_02,grass,0.856767,1.5,6.0
second_02,wilson,0.839251,6.0,6.0
second_02,grass,0.830763,-0.5,2.0
second_02,grass,0.81209,-0.5,2.0
second_02,hound,0.805675,-0.5,4.0
second_02,hound,0.783397,0.0,3.0
second_02,wilson,0.830178,-0.5,3.0
second_02,wilson,0.794529,-3.0,2.0
second_02,wilson,0.723345,2.0,6.0
second_02,wilson,0.773819,0.5,9.0
second_02,wilson,0.779078,-8.0,7.0
second_02,wilson,0.764282,2.0,-2.0
second_02,wilson,0.795186,6.5,5.0
second_02,wilson,0.789806,3.0,8.0
second_02,wilson,0.804227,1.5,-2.0
second_02,wilson,0.802158,1.5,8.0
second_02,wilson,0.817871,2.0,-1.0
second_02,wilson,0.831774,1.5,-4.0
second_02,rock1,0.808757,4.0,-1.0
second_02,flint,0.716938,1.5,0.0
second_02,rock2,0.296132,5.5,-7.0
second_02,wilson,0.769152,3.5,0.0
second_02,wilson,0.76536,6.5,0.0
second_02,rock2,0.776941,5.0,1.0
second_02,wilson,0.831498,5.0,-6.0
second_02,wilson,0.833282,-0.5,2.0
second_02,wilson,0.823512,2.0,5.0
second_02,wilson,0.83927,0.0,6.0
second_02,rock2,0.857145,2.0,7.0
second_02,wilson,0.799364,0.5,0.0
second_02,flint,0.68326,2.0,-4.0
second_02,grass,0.872412,0.5,3.0
second_02,grass,0.866064,0.5,1.0
second_02,grass,0.860365,0.0,3.0
second_02,grass,0.846142,1.5,2.0
second_02,sapling,0.841096,3.0,0.0
second_02,wilson,0.839373,-1.0,4.0
second_02,sapling,0.836632,2.0,-2.0
second_02,hound,0.8099,-2.5,-1.0
second_02,grass,0.796278,-0.5,3.0
second_02,spider,0.617132,7.0,9.0
second_02,spider,0.586058,-3.5,1.0
second_02,spider,0.228288,5.5,8.0
second_02,spider,0.218512,-6.0,9.0
second_02,hound,0.161575,18.5,4.0
second_02,spider,0.139136,4.0,-5.0
second_02,flint,0.837041,0.5,1.0
second_02,wilson,0.825764,-2.5,-1.0
second_02,wilson,0.851185,2.5,-1.0
second_02,flint,0.791507,2.0,-1.0
second_02,rock2,0.868779,3.0,-1.0
second_02,wilson,0.860735,2.5,3.0
second_02,flint,0.810668,2.5,4.0
second_02,rock1,0.879739,1.5,-5.0
second_02,wilson,0.770974,10.0,6.0
second_02,rock1,0.873212,-2.5,-7.0
second_02,wilson,0.801532,0.0,3.0
second_02,rock1,0.873221,-2.5,-1.0
second_02,wilson,0.860967,1.5,10.0
second_02,wilson,0.871358,0.5,3.0
second_02,rock1,0.869304,3.0,2.0
second_02,rock2,0.85154,2.5,2.0
second_02,gold_nugget,0.666052,1.0,-1.0
second_02,rock1,0.879056,3.0,3.0
second_02,wilson,0.869578,1.5,6.0
second_02,rocks,0.570155,1.5,-41.0
second_02,rocks,0.422312,-1.5,2.0
second_02,rocks,0.121542,-0.5,-33.0
second_02,rock1,0.875226,0.0,-7.0
second_02,wilson,0.872734,3.0,0.0
second_02,rock2,0.871438,-2.5,7.0
second_02,rock1,0.859619,0.5,1.0
second_02,rock2,0.846976,1.0,0.0
second_02,rock1,0.844103,1.0,2.0
second_02,rock2,0.842187,0.0,7.0
second_02,flint,0.789698,-0.5,3.0
second_02,rock1,0.634476,-2.0,2.0
second_02,grass,0.868358,1.5,5.0
second_02,grass,0.861152,0.5,1.0
second_02,grass,0.860371,-0.5,4.0
second_02,grass,0.850522,0.5,4.0
second_02,sapling,0.848914,2.5,4.0
second_02,sapling,0.837658,1.5,1.0
second_02,sapling,0.831044,0.5,4.0
second_02,wilson,0.830318,-6.0,4.0
second_02,sapling,0.82892,-0.5,-2.0
second_02,spider,0.742392,0.5,2.0
second_02,hound,0.727628,-0.5,2.0
second_02,spider,0.699353,3.5,6.0
second_02,hound,0.681671,3.5,7.0
second_02,sapling,0.424843,6.5,1.0
second_02,wilson,0.886389,0.5,-1.0
second_02,rock1,0.837656,-3.0,1.0
second_02,rock1,0.835011,1.0,-3.0
second_02,flint,0.831536,0.5,1.0
second_02,flint,0.24499,1.0,1.0
second_02,rock1,0.863212,-3.0,-3.0
second_02,rock2,0.8593,2.0,-3.0
second_02,spider_nest1,0.851687,4.0,1.0
second_02,wilson,0.851386,2.0,3.0
second_02,rock2,0.846684,1.0,-3.0
second_02,rock1,0.832656,3.0,1.0
second_02,gold_nugget,0.76973,1.0,-1.0
second_02,rock2,0.86339,4.0,4.0
second_02,wilson,0.862079,1.0,5.0
second_02,rock1,0.854042,3.5,5.0
second_02,rock2,0.8336,0.0,-5.0
second_02,rock1,0.820268,5.5,3.0
second_02,rock2,0.809732,5.0,2.0
second_02,spider_nest1,0.777185,3.5,5.0
second_02,gold_nugget,0.75637,2.5,7.0
second_02,rocks,0.562783,-1.0,3.0
second_02,rock1,0.888624,2.5,2.0
second_02,rock1,0.883481,1.5,-3.0
second_02,rock1,0.853174,2.5,2.0
second_02,rock2,0.850244,1.0,-1.0
second_02,wilson,0.849778,1.0,-1.0
second_02,spider_nest1,0.826134,0.0,-5.0
second_02,rocks,0.776271,-0.5,0.0
second_02,rocks,0.772245,1.5,1.0
second_02,rocks,0.60329,0.5,2.0
second_02,rocks,0.342049,88.5,41.0
second_02,rock1,0.882517,-0.5,-2.0
second_02,wilson,0.865363,0.0,2.0
second_02,spider_nest1,0.850652,4.0,0.0
second_02,spider_nest2,0.845709,7.0,3.0
second_02,rocks,0.813776,0.0,-3.0
second_02,rocks,0.801366,-0.5,4.0
second_02,rocks,0.76327,2.5,7.0
second_02,spider_nest1,0.750186,2.0,4.0
second_02,rocks,0.63413,0.0,6.0
second_02,gold_nugget,0.233123,-3.0,5.0
second_02,rock2,0.865995,0.0,0.0
second_02,rock1,0.859606,3.0,1.0
second_02,wilson,0.821415,2.0,1.0
second_02,spider_nest2,0.816442,-1.0,0.0
second_02,rocks,0.816132,-1.5,0.0
second_02,spider_nest1,0.753929,1.0,3.0
second_02,spider_nest2,0.751113,5.5,-7.0
second_02,rocks,0.742044,0.0,-1.0
second_02,spider_nest1,0.732624,2.0,-2.0
second_02,rocks,0.59775,-2.0,-1.0
second_02,spider,0.469828,1.0,1.0
second_02,spider,0.201601,13.0,15.0
second_02,spider,0.191002,4.0,3.0
second_02,berry_bush,0.864613,1.5,0.0
second_02,grass,0.846184,1.5,-1.0
second_02,wilson,0.83904,-0.5,0.0
second_02,rocks,0.827398,0.0,2.0
second_02,spider_nest2,0.801582,1.0,-3.0
second_02,tree_evergreen_2,0.593953,-0.5,4.0
second_02,wilson,0.841138,1.5,-2.0
second_02,rock2,0.839112,1.5,-2.0
second_02,gold_nugget,0.671349,1.0,4.0
second_02,tree_evergreen_1,0.647006,-1.5,0.0
second_02,grass,0.879173,1.5,2.0
second_02,grass,0.863844,3.0,-1.0
second_02,grass,0.853782,1.0,5.0
second_02,grass,0.849499,1.5,2.0
second_02,grass,0.837642,0.0,-2.0
second_02,grass,0.82752,-0.5,13.0
second_02,sapling,0.825931,3.5,0.0
second_02,wilson,0.811138,-0.5,2.0
second_02,grass,0.790712,1.0,1.0
second_02,hound,0.667853,8.0,-14.0
second_02,spider,0.609471,1.5,4.0
second_02,hound,0.569979,-12.0,8.0
second_02,spider,0.362186,6.0,6.0
second_02,spider,0.307276,19.0,1.0
second_02,spider,0.180444,-9.0,14.0
second_02,spider,0.164406,44.0,4.0
second_02,wilson,0.842821,-0.5,3.0
second_02,sapling,0.823102,-1.0,1.0
second_02,grass,0.808994,-0.5,1.0
second_02,grass,0.79167,-0.5,0.0
second_02,grass,0.756153,2.0,-2.0
second_02,grass,0.73541,-2.0,9.0
second_02,hound,0.706254,-5.0,8.0
second_02,spider,0.646077,-0.5,-2.0
second_02,grass,0.627901,0.0,2.0
second_02,spider,0.574846,2.0,-4.0
second_02,spider,0.381386,-12.0,3.0
second_02,spider,0.34764,7.5,-14.0
second_02,hound,0.265423,29.5,88.0
second_02,hound,0.239594,33.5,69.0
second_02,hound,0.124427,2.5,61.0
second_02,spider,0.123133,10.0,-19.0
second_02,grass,0.813397,3.5,3.0
second_02,wilson,0.78779,4.0,9.0
second_02,grass,0.840073,0.0,0.0
second_02,wilson,0.799179,-2.5,3.0
second_02,grass,0.747702,3.5,7.0
second_02,spider,0.643396,-3.5,3.0
second_02,grass,0.802726,0.5,1.0
second_02,sapling,0.700622,-2.0,4.0
second_02,spider,0.644976,0.5,0.0
second_02,wilson,0.774921,1.5,7.0
second_02,sapling,0.770483,-0.5,3.0
second_02,wilson,0.792887,2.5,3.0
second_02,hound,0.660889,3.0,2.0
second_02,wilson,0.76076,5.5,9.0
second_02,hound,0.390044,14.0,-6.0
second_02,wilson,0.831789,-1.5,5.0
second_02,wilson,0.805706,-7.0,-1.0
second_02,wilson,0.765397,-5.5,-2.0
second_02,hound,0.550118,-2.5,-2.0
second_02,wilson,0.790541,1.5,4.0
second_02,wilson,0.772567,-1.5,-2.0
second_02,grass,0.835093,0.0,3.0
second_02,sapling,0.830392,-0.5,5.0
second_02,grass,0.825999,-0.5,5.0
second_02,wilson,0.775092,2.0,4.0
second_02,hound,0.77373,-0.5,6.0
second_02,hound,0.461707,1.5,-2.0
second_02,carrot_planted,0.136073,-3.0,5.0
second_02,sapling,0.841514,1.5,3.0
second_02,hound,0.821759,7.0,4.0
second_02,grass,0.803012,-2.5,3.0
second_02,grass,0.769426,1.0,13.0
second_02,hound,0.646091,12.5,-10.0
second_02,wilson,0.645618,0.0,9.0
second_02,wilson,0.782728,4.5,2.0
second_02,grass,0.810185,0.0,2.0
second_02,wilson,0.790792,-4.5,3.0
second_02,hound,0.746977,-1.5,2.0
second_02,sapling,0.311093,13.0,6.0
second_02,hound,0.718582,1.0,2.0
second_02,hound,0.717054,-11.5,8.0
second_02,wilson,0.714326,-1.0,1.0
second_02,grass,0.84326,3.0,4.0
second_02,wilson,0.795836,4.0,3.0
second_02,grass,0.788989,4.0,5.0
second_02,grass,0.481335,7.0,18.0
second_02,hound,0.263338,-35.0,9.0
second_02,hound,0.170366,-14.0,12.0
second_02,hound,0.100929,2.0,32.0
second_02,hound,0.731027,-1.5,9.0
second_02,wilson,0.718887,0.0,0.0
second_02,wilson,0.812117,0.0,-1.0
second_02,grass,0.794301,-0.5,0.0
second_02,wilson,0.830492,-4.5,-1.0
second_02,wilson,0.772758,2.5,-1.0
second_02,hound,0.547668,2.5,27.0
second_02,hound,0.210365,-7.0,7.0
second_02,grass,0.845746,-2.0,3.0
second_02,sapling,0.796768,0.5,0.0
second_02,grass,0.786793,4.0,8.0
second_02,wilson,0.780657,2.5,6.0
second_02,hound,0.721806,-2.5,-7.0
second_02,hound,0.646438,1.0,6.0
second_02,grass,0.513808,1.0,2.0
second_02,grass,0.857222,0.5,1.0
second_02,grass,0.833147,-1.5,5.0
second_02,sapling,0.82536,1.0,2.0
second_02,wilson,0.823428,1.5,-1.0
second_02,grass,0.785069,1.5,-3.0
second_02,hound,0.762173,0.5,-1.0
second_02,hound,0.426502,-7.5,-9.0
second_02,hound,0.292834,4.5,95.0
second_02,hound,0.263728,-0.5,29.0
second_02,hound,0.103863,-4.5,74.0
second_02,grass,0.837344,-0.5,2.0
second_02,wilson,0.831331,-0.5,-1.0
second_02,grass,0.830244,-1.0,2.0
second_02,hound,0.392172,1.0,1.0
second_02,hound,0.342437,12.0,10.0
second_02,hound,0.301383,-15.0,-21.0
second_02,wilson,0.84843,1.5,-1.0
second_02,hound,0.800256,9.0,-12.0
second_02,hound,0.759739,-2.0,-11.0
second_02,grass,0.721773,7.0,-1.0
second_02,grass,0.83847,-1.5,7.0
second_02,grass,0.838322,1.0,1.0
second_02,hound,0.81948,-1.5,3.0
second_02,wilson,0.814106,-0.5,5.0
second_02,grass,0.793043,-1.0,-3.0
second_02,hound,0.765841,10.5,6.0
second_02,sapling,0.45409,-3.0,3.0
second_02,sapling,0.207728,1.5,-3.0
second_02,hound,0.841601,1.5,0.0
second_02,grass,0.829203,0.0,9.0
second_02,sapling,0.824978,2.5,7.0
second_02,grass,0.82432,0.0,1.0
second_02,grass,0.812959,2.0,2.0
second_02,wilson,0.809939,0.5,5.0
second_02,grass,0.798951,1.5,6.0
second_02,hound,0.771248,-0.5,-3.0
second_02,sapling,0.507995,-9.0,3.0
second_02,hound,0.875107,-1.5,0.0
second_02,grass,0.839112,0.5,5.0
second_02,grass,0.824841,1.5,1.0
second_02,grass,0.8222,0.5,10.0
second_02,grass,0.820572,2.5,2.0
second_02,sapling,0.811232,0.5,1.0
second_02,grass,0.798881,-1.0,0.0
second_02,hound,0.757936,2.5,1.0
second_02,sapling,0.438011,-13.5,16.0
second_02,carrot_planted,0.858197,0.5,2.0
second_02,sapling,0.849348,0.5,5.0
second_02,grass,0.843086,1.0,1.0
second_02,grass,0.842952,0.0,-2.0
second_02,grass,0.832142,0.5,2.0
second_02,grass,0.828426,-0.5,2.0
second_02,wilson,0.815664,2.5,3.0
second_02,hound,0.812982,-0.5,2.0
second_02,grass,0.763149,2.5,5.0
second_02,hound,0.750602,2.0,3.0
second_02,grass,0.679711,2.5,1.0
second_02,sapling,0.581692,1.0,-6.0
second_02,hound,0.206974,-15.0,47.0
second_02,sapling,0.853332,2.0,3.0
second_02,wilson,0.850606,-0.5,8.0
second_02,grass,0.849018,0.5,0.0
second_02,grass,0.843273,2.0,1.0
second_02,grass,0.836385,0.5,2.0
second_02,grass,0.835986,-0.5,1.0
second_02,hound,0.721262,12.5,-1.0
second_02,carrot_planted,0.651792,2.0,3.0
second_02,hound,0.62383,-3.5,0.0
second_02,hound,0.111585,-22.5,66.0
second_02,grass,0.855041,0.5,1.0
second_02,sapling,0.851827,0.0,3.0
second_02,grass,0.845338,1.5,2.0
second_02,wilson,0.838367,3.0,0.0
second_02,hound,0.759081,1.5,5.0
second_02,hound,0.747746,-0.5,-2.0
second_02,sapling,0.857635,1.0,2.0
second_02,wilson,0.855076,0.5,4.0
second_02,grass,0.850152,0.5,1.0
second_02,grass,0.84055,1.0,4.0
second_02,grass,0.777949,0.5,3.0
second_02,hound,0.735106,3.0,4.0
second_02,hound,0.707803,1.5,12.0
second_02,wilson,0.845111,-0.5,5.0
second_02,grass,0.843244,0.5,2.0
second_02,sapling,0.826587,1.5,3.0
second_02,grass,0.824205,2.5,0.0
second_02,hound,0.490624,0.5,2.0
second_02,hound,0.121404,1.5,-3.0
second_02,grass,0.853194,2.5,0.0
second_02,wilson,0.822645,3.0,6.0
second_02,hound,0.750442,-0.5,5.0
second_02,spider,0.741575,-1.5,1.0
second_02,grass,0.69465,1.0,5.0
second_02,hound,0.661089,-7.5,2.0
second_02,spider,0.596389,-2.0,3.0
second_02,grass,0.866347,0.5,0.0
second_02,grass,0.859465,1.5,1.0
second_02,sapling,0.841885,0.0,2.0
second_02,wilson,0.824354,2.5,0.0
second_02,hound,0.788063,0.5,-5.0
second_02,grass,0.765249,1.0,0.0
second_02,spider,0.715171,0.5,7.0
second_02,hound,0.649009,-3.0,4.0
second_02,spider,0.22984,-1.0,4.0
second_02,grass,0.880288,0.5,1.0
second_02,grass,0.868088,0.5,2.0
second_02,grass,0.867193,0.5,1.0
second_02,grass,0.863846,0.5,1.0
second_02,wilson,0.855129,-0.5,5.0
second_02,grass,0.852694,0.5,2.0
second_02,sapling,0.822114,2.0,1.0
second_02,spider,0.701194,0.5,0.0
second_02,hound,0.550154,1.5,-5.0
second_02,hound,0.527784,-8.5,14.0
second_02,spider,0.458762,-0.5,4.0
second_02,hound,0.221819,22.5,-7.0
second_02,wilson,0.860195,-1.5,-4.0
second_02,grass,0.859775,1.5,1.0
second_02,sapling,0.847264,0.5,0.0
second_02,grass,0.836113,0.5,2.0
second_02,spider,0.660263,-2.0,3.0
second_02,hound,0.621045,-17.0,7.0
second_02,spider,0.431749,-10.0,-3.0
second_02,hound,0.41939,9.0,4.0
second_02,hound,0.205259,48.0,3.0
second_02,hound,0.158561,9.0,4.0
second_02,hound,0.155565,37.0,6.0
second_02,spider,0.104742,-28.0,1.0
second_02,grass,0.885757,1.0,1.0
second_02,grass,0.86983,1.5,1.0
second_02,grass,0.865511,2.0,0.0
second_02,wilson,0.853137,-4.5,14.0
second_02,grass,0.834848,0.5,0.0
second_02,grass,0.833979,1.0,-1.0
second_02,sapling,0.829307,4.0,2.0
second_02,hound,0.798473,0.0,3.0
second_02,spider,0.707255,-1.0,7.0
second_02,hound,0.662602,-13.5,8.0
second_02,spider,0.63957,-7.5,-1.0
second_02,grass,0.857148,1.5,4.0
second_02,grass,0.852485,0.5,0.0
second_02,wilson,0.844002,-0.5,7.0
second_02,hound,0.752834,0.5,0.0
second_02,hound,0.751737,4.0,-4.0
second_02,spider,0.73674,-2.5,1.0
second_02,grass,0.863625,0.5,1.0
second_02,grass,0.855912,1.5,1.0
second_02,wilson,0.851469,1.0,3.0
second_02,sapling,0.830446,1.0,2.0
second_02,hound,0.729556,5.5,1.0
second_02,hound,0.713237,0.5,-19.0
second_02,spider,0.662285,6.5,3.0
second_02,grass,0.875364,1.5,2.0
second_02,grass,0.867935,0.5,1.0
second_02,sapling,0.853571,0.5,4.0
second_02,grass,0.849247,1.0,1.0
second_02,grass,0.845324,0.5,-1.0
second_02,wilson,0.797261,-3.0,-12.0
second_02,hound,0.712704,-5.0,-4.0
second_02,hound,0.638772,-0.5,-3.0
second_02,spider,0.352484,6.5,-1.0
second_02,hound,0.117375,6.5,-49.0
second_02,grass,0.876024,1.5,1.0
second_02,grass,0.852288,0.5,2.0
second_02,grass,0.848607,0.5,1.0
second_02,grass,0.845672,0.0,2.0
second_02,sapling,0.841512,3.0,3.0
second_02,wilson,0.821073,1.0,1.0
second_02,hound,0.744028,1.5,-4.0
second_02,hound,0.373651,12.0,-3.0
second_02,hound,0.168109,-13.0,4.0
second_02,grass,0.874752,0.0,0.0
second_02,grass,0.866024,1.5,0.0
second_02,grass,0.861963,1.5,1.0
second_02,grass,0.851752,0.0,1.0
second_02,wilson,0.839538,4.0,2.0
second_02,sapling,0.83425,1.5,3.0
second_02,spider,0.724805,2.0,-4.0
second_02,hound,0.715526,0.5,10.0
second_02,hound,0.714142,4.5,11.0
second_02,grass,0.870426,0.5,1.0
second_02,grass,0.85471,1.5,1.0
second_02,grass,0.848472,0.5,-1.0
second_02,grass,0.831747,1.5,1.0
second_02,sapling,0.830539,2.5,0.0
second_02,wilson,0.715709,-1.0,1.0
second_02,spider,0.669358,3.0,3.0
second_02,spider,0.283806,47.0,57.0
second_02,spider,0.26589,-41.0,82.0
second_02,spider,0.219155,23.0,31.0
second_02,spider,0.177872,-55.0,28.0
second_02,grass,0.876516,1.0,2.0
second_02,grass,0.874476,1.5,2.0
second_02,grass,0.860371,0.5,3.0
second_02,sapling,0.811133,0.5,2.0
second_02,grass,0.650973,1.5,0.0
second_02,spider,0.570691,0.5,-1.0
second_02,wilson,0.534017,-2.0,1.0
second_02,wilson,0.198184,14.0,2.0
second_02,wilson,0.132876,-13.0,21.0
second_02,spider,0.124194,-12.5,16.0
second_02,grass,0.882462,2.0,0.0
second_02,wilson,0.85644,0.5,2.0
second_02,grass,0.84865,-0.5,2.0
second_02,sapling,0.845598,-1.0,3.0
second_02,grass,0.853743,2.0,0.0
second_02,wilson,0.839559,0.0,4.0
second_02,sapling,0.791749,5.0,1.0
second_02,spider,0.786949,1.0,1.0
second_02,grass,0.766235,-1.5,2.0
second_02,spider,0.738009,0.5,-1.0
second_02,hound,0.564189,13.0,10.0
second_02,spider,0.488769,29.5,-16.0
second_02,hound,0.246364,1.0,19.0
second_02,hound,0.223742,-11.0,-6.0
second_02,grass,0.870785,1.0,4.0
second_02,sapling,0.843634,0.5,3.0
second_02,wilson,0.834142,1.5,6.0
second_02,grass,0.804429,0.5,-1.0
second_02,grass,0.666893,0.5,2.0
second_02,hound,0.632085,-0.5,5.0
second_02,hound,0.588695,1.5,7.0
second_02,spider,0.293147,0.0,-4.0
second_02,grass,0.888746,1.5,2.0
second_02,grass,0.875008,1.5,1.0
second_02,grass,0.862484,0.5,3.0
second_02,wilson,0.849164,0.5,2.0
second_02,sapling,0.848607,3.0,3.0
second_02,hound,0.766873,0.5,-1.0
second_02,spider,0.765828,1.0,7.0
second_02,spider,0.689657,2.0,3.0
second_02,hound,0.598066,2.5,4.0
second_02,grass,0.887523,0.5,4.0
second_02,grass,0.87727,-0.5,1.0
second_02,grass,0.87383,1.5,-1.0
second_02,sapling,0.865606,0.5,2.0
second_02,wilson,0.846372,1.0,4.0
second_02,grass,0.842714,3.0,2.0
second_02,grass,0.820681,0.0,3.0
second_02,spider,0.786654,-0.5,1.0
second_02,spider,0.703134,4.5,0.0
second_02,hound,0.616498,-12.0,-9.0
second_02,spider,0.377272,11.5,11.0
second_02,hound,0.372457,2.5,31.0
second_02,hound,0.314737,-0.5,58.0
second_02,grass,0.861797,1.5,0.0
second_02,wilson,0.851756,-2.0,4.0
second_02,sapling,0.832344,-1.5,2.0
second_02,spider,0.797453,0.0,5.0
second_02,spider,0.587592,-2.5,9.0
second_02,hound,0.571781,-8.0,-5.0
second_02,hound,0.178607,23.0,4.0
second_02,hound,0.166898,29.0,21.0
second_02,hound,0.11472,-13.0,18.0
second_02,grass,0.872013,1.0,1.0
second_02,wilson,0.863822,1.0,3.0
second_02,spider,0.709602,2.0,1.0
second_02,grass,0.669913,0.5,1.0
second_02,hound,0.653184,-10.0,12.0
second_02,hound,0.595813,-7.0,6.0
second_02,spider,0.534665,-73.0,28.0
second_02,hound,0.408726,16.0,15.0
second_02,spider,0.217771,-66.0,36.0
second_02,sapling,0.837594,0.0,3.0
second_02,grass,0.820966,2.0,3.0
second_02,wilson,0.804778,1.5,2.0
second_02,hound,0.763337,2.5,1.0
second_02,hound,0.724872,3.5,33.0
second_02,spider,0.713124,1.5,9.0
second_02,grass,0.886007,1.0,0.0
second_02,sapling,0.857779,1.5,3.0
second_02,wilson,0.836281,2.0,7.0
second_02,grass,0.826726,0.5,3.0
second_02,hound,0.777486,3.0,-1.0
second_02,spider,0.667493,-4.0,1.0
second_02,hound,0.633314,-3.5,-2.0
second_02,grass,0.866206,1.5,-5.0
second_02,sapling,0.827878,-2.0,3.0
second_02,grass,0.822263,1.0,3.0
second_02,wilson,0.791864,1.0,7.0
second_02,hound,0.745256,12.5,4.0
second_02,hound,0.122253,68.5,28.0
second_02,grass,0.885615,0.5,2.0
second_02,grass,0.864867,2.0,3.0
second_02,sapling,0.847582,0.5,3.0
second_02,wilson,0.83164,2.0,3.0
second_02,hound,0.777116,-2.5,-1.0
second_02,hound,0.742615,-0.5,-1.0
second_02,grass,0.872923,-0.5,2.0
second_02,sapling,0.846032,1.5,0.0
second_02,grass,0.836205,1.0,1.0
second_02,wilson,0.824677,1.0,2.0
second_02,hound,0.784393,3.0,5.0
second_02,hound,0.775105,2.5,-3.0
second_02,grass,0.874614,0.0,2.0
second_02,grass,0.859858,1.5,2.0
second_02,sapling,0.855668,0.5,2.0
second_02,wilson,0.838025,0.5,4.0
second_02,hound,0.614069,6.5,8.0
second_02,hound,0.442169,-2.0,-19.0
second_02,hound,0.316727,-11.0,75.0
second_02,grass,0.870264,0.5,-1.0
second_02,grass,0.850085,0.5,0.0
second_02,sapling,0.848702,-0.5,1.0
second_02,wilson,0.788594,-1.5,3.0
second_02,hound,0.762508,1.0,-5.0
second_02,grass,0.86049,1.5,1.0
second_02,wilson,0.84629,1.5,0.0
second_02,grass,0.84198,0.5,2.0
second_02,hound,0.78192,2.0,-2.0
second_02,grass,0.870687,0.5,1.0
second_02,wilson,0.81948,-1.5,-2.0
second_02,sapling,0.810836,2.5,1.0
second_02,hound,0.661171,0.0,-6.0
second_02,grass,0.868146,1.0,1.0
second_02,grass,0.866882,1.0,0.0
second_02,grass,0.862353,1.0,2.0
second_02,wilson,0.809611,0.5,2.0
second_02,hound,0.110378,10.5,-3.0
second_02,grass,0.876745,-0.5,-1.0
second_02,grass,0.868645,-0.5,3.0
second_02,grass,0.859344,-0.5,0.0
second_02,grass,0.856575,-0.5,0.0
second_02,sapling,0.829567,1.0,1.0
second_02,wilson,0.692978,0.0,1.0
second_02,hound,0.3291,0.0,-4.0
second_02,grass,0.884507,2.0,-1.0
second_02,grass,0.872077,-0.5,0.0
second_02,grass,0.870443,0.0,1.0
second_02,wilson,0.834584,0.5,5.0
second_02,grass,0.879209,1.0,-1.0
second_02,wilson,0.851961,-0.5,1.0
second_02,wilson,0.848804,0.5,3.0
second_02,pig_head,0.8116,4.5,3.0
second_02,pig_skin,0.75384,5.5,3.0
second_02,pig_head,0.717188,3.0,5.0
second_02,pig_skin,0.291815,-2.5,-1.0
second_02,wilson,0.867839,0.5,2.0
second_02,pig_head,0.826286,3.0,18.0
second_02,pig_skin,0.789164,0.0,6.0
second_02,pig_head,0.193656,3.0,3.0
second_02,pig_head,0.856763,1.5,-5.0
second_02,wilson,0.840337,-3.0,-1.0
second_02,pig_skin,0.78231,3.0,6.0
second_02,pig_head,0.628187,3.5,21.0
second_02,wilson,0.882363,0.5,2.0
second_02,pig_head,0.84357,2.5,2.0
second_02,pig_head,0.836354,3.5,10.0
second_02,pig_head,0.859633,2.5,0.0
second_02,wilson,0.846045,0.0,3.0
second_02,pig_head,0.809814,-1.5,9.0
second_02,pig_skin,0.760081,-0.5,1.0
second_02,pig_skin,0.753195,-1.0,-2.0
second_02,wilson,0.830672,-0.5,-3.0
second_02,pig_head,0.816516,0.0,3.0
second_02,pig_skin,0.777101,-3.0,2.0
second_02,pig_skin,0.652479,0.0,-2.0
second_02,wilson,0.884173,0.5,3.0
second_02,pig_head,0.827365,2.0,9.0
second_02,pig_skin,0.780998,1.0,2.0
second_02,pig_skin,0.667934,1.5,4.0
second_02,wilson,0.867387,2.0,1.0
second_02,pig_head,0.85046,-0.5,19.0
second_02,pig_head,0.838855,4.0,7.0
second_02,pig_skin,0.788019,1.5,6.0
second_02,pig_skin,0.454781,5.5,11.0
second_02,wilson,0.883575,1.5,3.0
second_02,pig_head,0.817831,0.5,8.0
second_02,pig_head,0.817294,0.5,0.0
second_02,pig_skin,0.788758,1.0,-1.0
second_02,pig_skin,0.693816,-2.0,-1.0
second_02,wilson,0.853818,-1.5,0.0
second_02,pig_head,0.840568,3.5,14.0
second_02,pig_skin,0.762012,1.0,1.0
second_02,pig_head,0.852143,4.5,5.0
second_02,wilson,0.84957,0.5,3.0
second_02,pig_head,0.847003,5.5,-8.0
second_02,pig_skin,0.657607,0.5,6.0
second_02,pig_skin,0.219221,8.5,9.0
second_02,wilson,0.846525,-1.5,2.0
second_02,pig_skin,0.799063,-1.0,3.0
second_02,pig_skin,0.785268,9.5,2.0
second_02,pig_head,0.266703,-2.0,1.0
second_02,wilson,0.876261,1.5,2.0
second_02,pig_head,0.829657,1.0,1.0
second_02,pig_skin,0.795685,5.0,3.0
second_02,pig_skin,0.786841,-2.5,5.0
second_02,pig_head,0.862145,2.0,5.0
second_02,wilson,0.85636,0.5,-1.0
second_02,pig_head,0.823149,0.5,6.0
second_02,pig_skin,0.761397,7.0,4.0
second_02,pig_skin,0.747046,2.5,0.0
second_02,wilson,0.835698,-1.5,-1.0
second_02,pig_head,0.835134,3.0,17.0
second_02,pig_skin,0.801676,-0.5,3.0
second_02,pig_skin,0.757096,3.0,4.0
second_02,wilson,0.840704,-0.5,5.0
second_02,pig_head,0.837013,3.5,3.0
second_02,pig_skin,0.798274,-2.0,-1.0
second_02,pig_skin,0.749873,-0.5,-2.0
second_02,pig_head,0.849395,1.0,1.0
second_02,wilson,0.835195,-1.0,-4.0
second_02,pig_head,0.805118,1.0,0.0
second_02,pig_skin,0.788861,0.5,5.0
second_02,pig_skin,0.690453,0.5,8.0
second_02,pig_head,0.860108,0.0,10.0
second_02,wilson,0.839113,3.0,1.0
second_02,pig_head,0.833142,-5.0,9.0
second_02,pig_skin,0.770246,-1.0,5.0
second_02,wilson,0.862599,1.5,6.0
second_02,pig_head,0.8402,3.0,2.0
second_02,pig_head,0.819103,-2.5,-9.0
second_02,pig_skin,0.769352,1.5,-2.0
second_02,pig_skin,0.485442,0.0,7.0
second_02,pig_head,0.858822,2.0,2.0
second_02,pig_head,0.852449,-1.0,11.0
second_02,wilson,0.826547,0.5,4.0
second_02,pig_skin,0.796388,2.5,1.0
second_02,pig_skin,0.781437,4.5,10.0
second_02,pig_head,0.860241,-2.0,1.0
second_02,pig_head,0.858965,2.0,3.0
second_02,wilson,0.850925,0.5,0.0
second_02,pig_skin,0.781799,1.5,-3.0
second_02,pig_skin,0.694325,6.5,-3.0
second_02,pig_head,0.864006,-2.0,3.0
second_02,wilson,0.85658,0.5,1.0
second_02,pig_head,0.82812,-4.0,-3.0
second_02,pig_skin,0.808574,2.5,1.0
second_02,pig_skin,0.719113,4.5,-4.0
second_02,wilson,0.856068,2.5,1.0
second_02,pig_head,0.850325,-1.0,3.0
second_02,pig_head,0.82962,0.0,11.0
second_02,pig_skin,0.776241,-2.0,0.0
second_02,pig_skin,0.735051,1.5,8.0
second_02,wilson,0.857095,0.5,1.0
second_02,pig_head,0.85402,0.5,6.0
second_02,pig_head,0.849202,0.0,9.0
second_02,pig_skin,0.793775,1.0,0.0
second_02,pig_skin,0.778043,-1.0,10.0
second_02,wilson,0.871281,1.0,5.0
second_02,pig_head,0.837901,4.0,15.0
second_02,pig_head,0.833926,-1.5,4.0
second_02,pig_skin,0.791505,1.0,1.0
second_02,pig_skin,0.769234,0.0,7.0
second_02,wilson,0.866414,1.5,3.0
second_02,pig_head,0.861323,4.5,13.0
second_02,pig_skin,0.757791,0.5,6.0
second_02,pig_head,0.853079,3.5,1.0
second_02,wilson,0.850354,1.5,-1.0
second_02,pig_skin,0.825259,2.0,9.0
second_02,wilson,0.852393,1.0,1.0
second_02,pig_head,0.818439,-2.5,-2.0
second_02,pig_skin,0.805495,1.5,-4.0
second_02,pig_head,0.729162,0.5,2.0
second_02,wilson,0.870812,-0.5,1.0
second_02,pig_head,0.855187,2.5,-3.0
second_02,pig_head,0.831945,2.0,-1.0
second_02,pig_skin,0.778496,2.5,3.0
second_02,wilson,0.837539,1.0,6.0
second_02,pig_head,0.836951,-1.5,15.0
second_02,pig_head,0.827492,1.0,11.0
second_02,pig_skin,0.760993,2.5,2.0
second_02,wilson,0.844858,0.0,3.0
second_02,pig_head,0.843231,4.5,-10.0
second_02,pig_skin,0.801533,4.0,4.0
second_02,pig_head,0.770155,1.5,-2.0
second_02,pig_head,0.849731,0.5,5.0
second_02,wilson,0.841517,-0.5,0.0
second_02,pig_head,0.803983,-1.5,7.0
second_02,pig_skin,0.772067,0.5,-1.0
second_02,pig_skin,0.733787,-2.5,3.0
second_02,pig_head,0.858646,1.5,0.0
second_02,wilson,0.845426,-0.5,0.0
second_02,pig_head,0.837102,1.0,-7.0
second_02,pig_skin,0.796301,3.5,-2.0
second_02,pig_skin,0.749782,-5.0,-2.0
second_02,wilson,0.864292,1.0,1.0
second_02,pig_head,0.844951,0.0,3.0
second_02,pig_head,0.773731,0.0,-3.0
second_02,pig_skin,0.765567,3.0,6.0
second_02,wilson,0.874134,1.5,4.0
second_02,pig_head,0.834673,2.0,4.0
second_02,pig_skin,0.763207,1.5,1.0
second_02,pig_head,0.719288,-1.0,28.0
second_02,wilson,0.857143,1.0,4.0
second_02,pig_head,0.834464,-0.5,-1.0
second_02,pig_skin,0.810518,5.0,0.0
second_02,wilson,0.8891,2.0,4.0
second_02,pig_head,0.849727,-0.5,1.0
second_02,pig_skin,0.79251,2.5,4.0
second_02,wilson,0.858867,1.0,4.0
second_02,pig_head,0.835288,0.0,6.0
second_02,pig_head,0.834537,1.5,8.0
second_02,pig_skin,0.733697,4.5,3.0
second_02,wilson,0.863772,1.0,3.0
second_02,pig_head,0.84502,-1.0,8.0
second_02,pig_head,0.843297,2.5,9.0
second_02,pig_skin,0.766564,1.0,1.0
second_02,wilson,0.860517,-0.5,1.0
second_02,pig_head,0.848274,1.0,3.0
second_02,pig_head,0.789256,1.0,0.0
second_02,pig_skin,0.788418,0.0,6.0
second_02,pig_skin,0.778072,-3.0,-2.0
second_02,pig_head,0.842225,1.5,-1.0
second_02,pig_head,0.840785,-2.0,7.0
second_02,wilson,0.805531,-0.5,3.0
second_02,pig_skin,0.78402,0.5,5.0
second_02,wilson,0.854848,1.5,1.0
second_02,pig_head,0.840358,-1.5,13.0
second_02,pig_skin,0.814863,0.0,-1.0
second_02,pig_skin,0.717228,-12.0,3.0
second_02,wilson,0.842464,1.0,2.0
second_02,pig_head,0.83562,0.5,4.0
second_02,pig_skin,0.793878,0.5,-3.0
second_02,pig_skin,0.77891,4.0,3.0
second_02,wilson,0.848331,0.0,5.0
second_02,pig_head,0.838721,-0.5,7.0
second_02,pig_skin,0.80976,2.0,0.0
second_02,pig_skin,0.78302,0.5,6.0
second_02,wilson,0.883904,2.0,0.0
second_02,pig_head,0.852726,0.0,1.0
second_02,pig_skin,0.793031,-4.5,0.0
second_02,pig_skin,0.735379,1.0,6.0
second_02,wilson,0.893874,1.0,2.0
second_02,pig_head,0.864316,2.0,-3.0
second_02,pig_head,0.853527,0.5,21.0
second_02,pig_skin,0.734463,3.0,-2.0
second_02,pig_skin,0.730367,0.5,2.0
second_02,wilson,0.89351,1.0,3.0
second_02,pig_head,0.84803,-0.5,-14.0
second_02,pig_head,0.847366,-0.5,5.0
second_02,pig_skin,0.729085,6.0,8.0
second_02,wilson,0.877492,0.5,3.0
second_02,pig_head,0.854925,0.5,5.0
second_02,pig_skin,0.759376,0.5,0.0
second_02,wilson,0.855309,1.5,5.0
second_02,pig_head,0.852217,1.0,3.0
second_02,pig_head,0.835318,3.0,1.0
second_02,pig_skin,0.772047,-2.5,6.0
second_02,pig_head,0.837,4.5,10.0
second_02,pig_head,0.835322,1.0,1.0
second_02,wilson,0.814306,-0.5,3.0
second_02,pig_skin,0.79073,-4.5,-3.0
second_02,berry_bush,0.881483,-0.5,0.0
second_02,drumstick,0.869168,0.0,-1.0
second_02,spider_nest1,0.861405,0.0,5.0
second_02,wilson,0.846718,0.0,4.0
second_02,berry_bush,0.809783,5.0,0.0
second_02,rocks,0.804007,-0.5,1.0
second_02,meat,0.797277,4.5,2.0
second_02,spider_nest2,0.771381,0.5,-6.0
second_02,drumstick,0.868428,1.5,1.0
second_02,spider_nest1,0.868268,-0.5,-1.0
second_02,berry_bush,0.866536,0.0,-1.0
second_02,wilson,0.847659,2.5,3.0
second_02,meat,0.829155,-1.0,3.0
second_02,berry_bush,0.817244,0.0,1.0
second_02,rocks,0.799801,0.5,0.0
second_02,spider_nest2,0.778838,0.0,7.0
second_02,berry_bush,0.894171,0.5,2.0
second_02,spider_nest1,0.86277,1.5,0.0
second_02,wilson,0.859342,1.5,2.0
second_02,meat,0.849816,1.5,-2.0
second_02,spider_nest2,0.798003,-1.5,0.0
second_02,berry_bush,0.893568,0.5,0.0
second_02,spider_nest1,0.875617,2.0,0.0
second_02,wilson,0.87231,2.0,1.0
second_02,meat,0.824038,-2.0,3.0
second_02,spider_nest2,0.78576,0.5,2.0
second_02,berry_bush,0.894244,1.0,1.0
second_02,wilson,0.863871,1.5,4.0
second_02,spider_nest1,0.835337,1.5,0.0
second_02,meat,0.823128,2.0,-2.0
second_02,spider_nest2,0.767112,1.5,15.0
second_02,wilson,0.868249,0.0,3.0
second_02,berry_bush,0.866905,-0.5,2.0
second_02,spider_nest1,0.841303,0.5,-1.0
second_02,spider_nest2,0.806375,1.5,3.0
second_02,meat,0.784057,0.5,5.0
second_02,berry_bush,0.880435,2.0,-1.0
second_02,spider_nest1,0.86801,1.5,0.0
second_02,wilson,0.850652,0.5,3.0
second_02,meat,0.846675,3.0,5.0
second_02,spider_nest2,0.787713,-0.5,5.0
second_02,spider_nest1,0.883955,3.0,1.0
second_02,wilson,0.877976,-0.5,5.0
second_02,meat,0.827774,-0.5,5.0
second_02,spider_nest2,0.822581,0.0,-3.0
second_02,rocks,0.77072,4.0,3.0
second_02,drumstick,0.166316,-1.0,5.0
second_02,wilson,0.820892,1.0,3.0
second_02,spider_nest1,0.819473,2.5,1.0
second_02,rocks,0.768139,-2.0,6.0
second_02,berry_bush,0.740621,4.0,0.0
second_02,spider_nest2,0.686357,1.0,9.0
second_02,wilson,0.879999,1.5,3.0
second_02,spider_nest2,0.877594,2.5,4.0
second_02,rocks,0.73573,0.0,12.0
second_02,rocks,0.409119,3.0,14.0
second_02,wilson,0.881404,1.5,4.0
second_02,spider_nest2,0.85795,0.0,-1.0
second_02,rocks,0.811036,4.5,3.0
second_02,spider_nest1,0.749003,-0.5,0.0
second_02,wilson,0.863527,1.5,0.0
second_02,spider_nest3,0.822541,0.0,0.0
second_02,meat,0.810742,2.0,5.0
second_02,berry_bush,0.810686,-4.0,-10.0
second_02,rocks,0.735962,2.0,8.0
second_02,meat,0.849859,2.5,2.0
second_02,wilson,0.840928,-0.5,6.0
second_02,berry_bush,0.827602,-1.5,-8.0
second_02,spider_nest3,0.825046,-1.0,1.0
second_02,rocks,0.727198,0.0,3.0
second_02,drumstick,0.486306,1.0,2.0
second_02,wilson,0.866567,2.0,3.0
second_02,berry_bush,0.85095,2.5,4.0
second_02,berry_bush,0.839933,-1.5,-9.0
second_02,spider_nest3,0.836134,2.5,3.0
second_02,drumstick,0.833764,-0.5,-4.0
second_02,spider_nest2,0.789242,-1.0,6.0
second_02,rocks,0.672955,-0.5,8.0
second_02,meat,0.25618,0.5,3.0
second_02,berry_bush,0.884528,1.0,3.0
second_02,wilson,0.880407,-0.5,4.0
second_02,drumstick,0.876089,3.0,3.0
second_02,berry_bush,0.827465,3.0,-1.0
second_02,spider_nest3,0.825557,-1.0,-3.0
second_02,spider_nest2,0.811184,-1.5,4.0
second_02,spider_nest1,0.808798,1.5,0.0
second_02,rocks,0.784236,-2.0,2.0
second_02,berry_bush,0.870268,0.0,-3.0
second_02,wilson,0.868624,1.5,1.0
second_02,meat,0.838125,0.5,1.0
second_02,berry_bush,0.813491,4.0,-1.0
second_02,spider_nest1,0.676603,-4.5,-3.0
second_02,wilson,0.891127,0.5,2.0
second_02,spider_nest1,0.861103,3.0,3.0
second_02,berry_bush,0.842067,0.5,3.0
second_02,meat,0.828232,1.0,-3.0
second_02,berry_bush,0.754405,1.5,0.0
second_02,wilson,0.896519,2.0,1.0
second_02,berry_bush,0.854228,1.0,-1.0
second_02,spider_nest1,0.811177,2.5,1.0
second_02,wilson,0.868226,2.0,1.0
second_02,berry_bush,0.805131,0.5,1.0
second_02,spider_nest1,0.803985,0.5,4.0
second_02,wilson,0.853851,2.0,4.0
second_02,spider_nest1,0.443941,-4.0,-4.0
second_02,wilson,0.85433,2.0,0.0
second_02,spider_nest1,0.65953,-3.0,-3.0
second_02,wilson,0.858699,0.5,4.0
second_02,wilson,0.846918,1.5,1.0
second_02,wilson,0.826295,1.5,1.0
second_02,spider_nest1,0.900589,1.5,2.0
second_02,wilson,0.852297,0.0,4.0
second_02,berry_bush,0.843271,2.5,-1.0
second_02,meat,0.799425,-1.5,0.0
second_02,spider_nest2,0.784611,8.0,7.0
second_02,spider_nest1,0.925899,2.5,1.0
second_02,berry_bush,0.8927,0.5,0.0
second_02,wilson,0.870407,2.5,3.0
second_02,berry_bush,0.839082,1.0,-9.0
second_02,rocks,0.824579,1.5,5.0
second_02,meat,0.816936,3.0,3.0
second_02,spider_nest3,0.80854,5.5,4.0
second_02,spider_nest2,0.782182,1.5,1.0
second_02,berry_bush,0.885473,1.0,0.0
second_02,wilson,0.880531,2.0,4.0
second_02,meat,0.860778,-1.0,0.0
second_02,spider_nest1,0.857842,3.0,-1.0
second_02,rocks,0.817469,2.0,6.0
second_02,spider_nest2,0.790689,3.5,3.0
second_02,drumstick,0.741107,0.0,-1.0
second_02,berry_bush,0.47799,8.0,0.0
second_02,berry_bush,0.887616,0.5,-1.0
second_02,wilson,0.880676,2.0,1.0
second_02,meat,0.855605,1.0,3.0
second_02,spider_nest1,0.843031,1.5,0.0
second_02,drumstick,0.769534,1.0,1.0
second_02,berry_bush,0.733664,-4.5,8.0
second_02,berry_bush,0.88349,0.0,0.0
second_02,wilson,0.880203,1.0,1.0
second_02,spider_nest1,0.845655,1.5,1.0
second_02,spider_nest2,0.811068,1.0,2.0
second_02,meat,0.806809,3.0,4.0
second_02,berry_bush,0.804062,0.0,-9.0
second_02,drumstick,0.796569,2.0,2.0
second_02,rocks,0.774737,-2.5,4.0
second_02,berry_bush,0.889272,0.5,1.0
second_02,wilson,0.877354,1.5,4.0
second_02,drumstick,0.856879,0.0,1.0
second_02,spider_nest1,0.856673,2.5,0.0
second_02,meat,0.839868,0.0,0.0
second_02,spider_nest3,0.824113,-1.0,0.0
second_02,berry_bush,0.814107,-5.0,-9.0
second_02,spider_nest2,0.76489,-0.5,5.0
second_02,rocks,0.762259,3.5,-4.0
second_02,rocks,0.166582,-40.5,-26.0
second_02,drumstick,0.873903,0.0,-4.0
second_02,spider_nest1,0.853664,4.0,2.0
second_02,meat,0.850432,1.0,5.0
second_02,wilson,0.83396,0.5,0.0
second_02,berry_bush,0.83233,0.5,0.0
second_02,spider_nest3,0.820431,-0.5,3.0
second_02,rocks,0.804782,0.5,6.0
second_02,berry_bush,0.804235,0.0,4.0
second_02,drumstick,0.883403,-0.5,-1.0
second_02,spider_nest1,0.851778,1.0,1.0
second_02,meat,0.840203,0.5,0.0
second_02,berry_bush,0.827914,1.5,0.0
second_02,wilson,0.824063,1.5,-1.0
second_02,spider_nest3,0.81094,-3.0,1.0
second_02,berry_bush,0.80714,2.5,3.0
second_02,rocks,0.773838,1.5,1.0
second_02,wilson,0.859725,-0.5,2.0
second_02,drumstick,0.853574,1.0,6.0
second_02,meat,0.834451,-1.5,0.0
second_02,spider_nest3,0.822947,-2.0,-2.0
second_02,spider_nest1,0.816711,1.5,-1.0
second_02,berry_bush,0.80533,-2.5,-5.0
second_02,berry_bush,0.764189,1.5,-2.0
second_02,rocks,0.758709,-1.5,3.0
second_02,meat,0.850947,-0.5,0.0
second_02,berry_bush,0.84106,5.5,-8.0
second_02,spider_nest3,0.822107,-5.5,4.0
second_02,spider_nest1,0.816268,1.5,-2.0
second_02,drumstick,0.811553,-0.5,-2.0
second_02,wilson,0.801961,1.0,5.0
second_02,berry_bush,0.793488,0.5,0.0
second_02,rocks,0.60732,-1.5,3.0
second_02,berry_bush,0.86858,1.5,2.0
second_02,wilson,0.86056,0.0,0.0
second_02,spider_nest1,0.829427,0.5,3.0
second_02,spider_nest3,0.822397,3.0,5.0
second_02,drumstick,0.819533,1.5,3.0
second_02,berry_bush,0.819303,4.5,3.0
second_02,rocks,0.761207,0.0,1.0
second_02,wilson,0.868252,1.0,1.0
second_02,spider_nest1,0.844649,2.5,-1.0
second_02,berry_bush,0.838295,0.5,0.0
second_02,berry_bush,0.830747,3.5,-6.0
second_02,spider_nest3,0.820422,1.5,3.0
second_02,rocks,0.775414,-0.5,5.0
second_02,drumstick,0.471104,1.5,-7.0
second_02,wilson,0.883168,2.0,-1.0
second_02,meat,0.846241,0.0,0.0
second_02,berry_bush,0.798947,1.5,0.0
second_02,spider_nest3,0.778147,4.5,1.0
second_02,berry_bush,0.327039,2.0,10.0
second_02,wilson,0.875419,0.5,7.0
second_02,drumstick,0.866693,0.0,11.0
second_02,meat,0.853103,0.0,1.0
second_02,berry_bush,0.83137,-0.5,-2.0
second_02,spider_nest3,0.812858,-5.0,2.0
second_02,berry_bush,0.797399,-3.0,-8.0
second_02,drumstick,0.864438,-0.5,-1.0
second_02,wilson,0.854035,1.5,4.0
second_02,meat,0.8356,0.5,1.0
second_02,spider_nest3,0.819073,0.5,2.0
second_02,berry_bush,0.814063,-0.5,2.0
second_02,berry_bush,0.805148,-5.0,-14.0
second_02,drumstick,0.857737,1.0,-2.0
second_02,berry_bush,0.851372,0.5,1.0
second_02,wilson,0.850877,0.5,2.0
second_02,meat,0.841261,4.5,2.0
second_02,spider_nest1,0.834546,0.0,1.0
second_02,berry_bush,0.816512,1.5,-2.0
second_02,spider_nest3,0.799814,3.5,-1.0
second_02,rocks,0.664597,0.5,2.0
second_02,berry_bush,0.891339,0.0,1.0
second_02,wilson,0.86971,0.5,5.0
second_02,berry_bush,0.844198,0.5,0.0
second_02,meat,0.838392,1.0,1.0
second_02,spider_nest1,0.837823,1.5,2.0
second_02,spider_nest3,0.830001,-1.5,0.0
second_02,drumstick,0.804071,0.0,-3.0
second_02,rocks,0.770212,1.0,7.0
second_02,berry_bush,0.865234,2.0,0.0
second_02,wilson,0.864063,0.5,0.0
second_02,spider_nest1,0.838976,0.5,1.0
second_02,spider_nest3,0.825387,-6.0,7.0
second_02,meat,0.824322,2.0,6.0
second_02,berry_bush,0.812555,-1.5,-7.0
second_02,drumstick,0.812167,1.5,-6.0
second_02,rocks,0.786735,1.5,4.0
second_02,spider_nest2,0.75738,2.0,-11.0
second_02,berry_bush,0.879851,0.0,0.0
second_02,wilson,0.851556,-1.0,1.0
second_02,spider_nest1,0.844687,2.5,0.0
second_02,drumstick,0.843171,1.0,-3.0
second_02,meat,0.835874,3.0,1.0
second_02,berry_bush,0.800812,1.5,3.0
second_02,spider_nest3,0.799865,4.0,7.0
second_02,rocks,0.790461,2.5,2.0
second_02,spider_nest2,0.765979,2.0,3.0
second_02,berry_bush,0.875821,2.0,-1.0
second_02,wilson,0.875369,1.5,-1.0
second_02,spider_nest1,0.862016,1.0,2.0
second_02,drumstick,0.86191,-0.5,0.0
second_02,meat,0.839096,4.0,1.0
second_02,berry_bush,0.827234,2.5,-4.0
second_02,spider_nest3,0.789737,3.0,4.0
second_02,spider_nest2,0.779228,0.5,4.0
second_02,rocks,0.76953,0.5,6.0
second_02,wilson,0.880328,1.5,4.0
second_02,berry_bush,0.85804,0.5,0.0
second_02,spider_nest1,0.848417,1.0,6.0
second_02,drumstick,0.844126,1.0,10.0
second_02,meat,0.824883,2.5,2.0
second_02,berry_bush,0.82456,2.5,0.0
second_02,spider_nest3,0.808414,1.5,-2.0
second_02,rocks,0.799999,1.0,3.0
second_02,drumstick,0.853835,4.0,7.0
second_02,meat,0.849322,1.5,2.0
second_02,wilson,0.840933,-0.5,3.0
second_02,berry_bush,0.815854,-3.0,-3.0
second_02,spider_nest3,0.814413,2.0,-5.0
second_02,rocks,0.787746,-0.5,7.0
second_02,meat,0.887748,4.0,7.0
second_02,drumstick,0.87227,5.0,1.0
second_02,berry_bush,0.864086,1.5,-3.0
second_02,wilson,0.834767,2.5,5.0
second_02,berry_bush,0.829829,-3.0,-8.0
second_02,spider_nest3,0.826395,3.0,1.0
second_02,spider_nest2,0.79531,3.0,3.0
second_02,rocks,0.594399,-5.0,5.0
second_02,berry_bush,0.883525,1.5,3.0
second_02,drumstick,0.880866,2.0,6.0
second_02,wilson,0.851085,2.0,0.0
second_02,berry_bush,0.824369,-3.0,-8.0
second_02,meat,0.821673,1.0,0.0
second_02,spider_nest3,0.806288,-1.0,3.0
second_02,berry_bush,0.864387,0.0,-8.0
second_02,wilson,0.850546,2.0,4.0
second_02,spider_nest3,0.832883,0.0,3.0
second_02,meat,0.802514,0.5,2.0
second_02,spider_nest1,0.795582,1.5,3.0
second_02,wilson,0.885583,1.0,2.0
second_02,berry_bush,0.885579,1.0,3.0
second_02,meat,0.841851,2.0,0.0
second_02,berry_bush,0.841455,1.0,-8.0
second_02,spider_nest3,0.82445,2.0,2.0
second_02,rocks,0.78613,0.5,7.0
second_02,drumstick,0.78123,0.5,6.0
second_02,wilson,0.864703,1.5,2.0
second_02,meat,0.851404,0.5,2.0
second_02,berry_bush,0.847447,-0.5,-3.0
second_02,spider_nest3,0.833391,0.0,5.0
second_02,drumstick,0.814587,-1.5,9.0
second_02,rocks,0.791327,4.5,5.0
second_02,wilson,0.857435,0.0,3.0
second_02,meat,0.83943,-1.0,2.0
second_02,berry_bush,0.829237,-8.5,-13.0
second_02,spider_nest3,0.829032,-3.5,3.0
second_02,rocks,0.791334,-0.5,6.0
second_02,wilson,0.901253,0.5,2.0
second_02,berry_bush,0.833411,-1.0,-6.0
second_02,spider_nest3,0.828723,-2.5,-1.0
second_02,meat,0.826702,1.5,0.0
second_02,rocks,0.746553,0.5,6.0
second_02,berry_bush,0.554147,1.0,-1.0
second_02,spider_nest2,0.878771,1.5,3.0
second_02,wilson,0.846372,0.0,0.0
second_02,spider_nest3,0.843608,0.5,2.0
second_02,meat,0.843067,1.5,3.0
second_02,rocks,0.784716,-1.0,-1.0
second_02,drumstick,0.45156,3.5,0.0
second_02,spider_nest2,0.885018,0.5,1.0
second_02,wilson,0.851799,0.0,0.0
second_02,meat,0.847744,-2.0,7.0
second_02,spider_nest3,0.841592,-1.0,2.0
second_02,rocks,0.755603,-1.5,5.0
second_02,drumstick,0.755396,-1.0,4.0
second_02,spider_nest2,0.882451,-2.5,0.0
second_02,meat,0.855839,5.5,6.0
second_02,wilson,0.845497,2.5,4.0
second_02,spider_nest3,0.836513,1.0,4.0
second_02,drumstick,0.800643,1.0,3.0
second_02,rocks,0.769438,0.5,2.0
second_02,wilson,0.847551,2.0,2.0
second_02,spider_nest2,0.836991,5.0,-2.0
second_02,spider_nest1,0.821142,2.5,2.0
second_02,spider_nest3,0.79862,1.5,3.0
second_02,rocks,0.778447,1.0,-2.0
second_02,berry_bush,0.769347,3.5,4.0
second_02,spider_nest2,0.866837,1.5,5.0
second_02,wilson,0.850634,1.0,6.0
second_02,rocks,0.793243,-2.0,0.0
second_02,wilson,0.887824,1.5,0.0
second_02,spider_nest2,0.882324,2.5,4.0
second_02,rocks,0.784263,0.5,5.0
second_02,wilson,0.881979,0.5,2.0
second_02,spider_nest2,0.862909,-1.0,3.0
second_02,rocks,0.793053,2.5,6.0
second_02,wilson,0.878042,1.5,2.0
second_02,spider_nest2,0.8336,-0.5,0.0
second_02,rocks,0.797555,2.5,2.0
second_02,spider_nest1,0.795156,0.5,1.0
second_02,berry_bush,0.695906,6.0,-5.0
second_02,spider_nest2,0.877203,0.5,1.0
second_02,wilson,0.8702,2.0,1.0
second_02,spider_nest1,0.833931,1.5,1.0
second_02,rocks,0.788223,0.5,2.0
second_02,berry_bush,0.747088,8.0,7.0
second_02,wilson,0.882421,0.5,1.0
second_02,spider_nest1,0.861362,2.5,0.0
second_02,meat,0.846046,2.5,4.0
second_02,spider_nest2,0.780967,-1.5,-2.0
second_02,rocks,0.771873,1.5,1.0
second_02,spider_nest1,0.876038,1.5,1.0
second_02,wilson,0.85769,-0.5,6.0
second_02,meat,0.843786,2.5,6.0
second_02,drumstick,0.796971,3.5,2.0
second_02,rocks,0.7959,0.5,9.0
second_02,spider_nest2,0.789943,6.5,6.0
second_02,berry_bush,0.88274,0.0,1.0
second_02,wilson,0.870193,-0.5,1.0
second_02,meat,0.856938,0.5,3.0
second_02,spider_nest1,0.828345,0.5,3.0
second_02,drumstick,0.72987,-0.5,7.0
second_02,spider_nest1,0.890383,1.5,-1.0
second_02,spider_nest2,0.877323,1.5,6.0
second_02,meat,0.864216,0.0,-3.0
second_02,drumstick,0.856529,-1.0,6.0
second_02,wilson,0.84774,-1.0,1.0
second_02,berry_bush,0.847693,0.0,0.0
second_02,berry_bush,0.816719,3.5,9.0
second_02,spider_nest3,0.791593,8.0,-1.0
second_02,rocks,0.765047,1.0,3.0
second_02,spider_nest1,0.875039,1.5,1.0
second_02,berry_bush,0.851177,0.5,2.0
second_02,meat,0.847709,1.0,4.0
second_02,spider_nest2,0.846777,0.0,6.0
second_02,drumstick,0.833547,-0.5,-4.0
second_02,wilson,0.833161,1.5,8.0
second_02,berry_bush,0.794394,-1.5,-5.0
second_02,spider_nest3,0.790745,11.0,1.0
second_02,rocks,0.782605,2.5,7.0
second_02,spider_nest1,0.880203,1.5,2.0
second_02,spider_nest2,0.864934,2.0,5.0
second_02,wilson,0.856127,2.0,1.0
second_02,meat,0.855644,2.0,9.0
second_02,berry_bush,0.846683,0.5,-1.0
second_02,drumstick,0.821792,0.0,5.0
second_02,berry_bush,0.801849,3.0,-2.0
second_02,spider_nest3,0.787705,7.0,9.0
second_02,rocks,0.783443,-1.0,4.0
second_02,spider_nest1,0.885555,1.0,-1.0
second_02,drumstick,0.874433,2.5,-3.0
second_02,spider_nest2,0.869315,1.0,3.0
second_02,wilson,0.859682,1.5,4.0
second_02,meat,0.853446,0.0,2.0
second_02,berry_bush,0.85078,0.5,2.0
second_02,spider_nest3,0.804986,8.5,-2.0
second_02,rocks,0.803946,-1.5,5.0
second_02,berry_bush,0.802766,-3.5,6.0
second_02,spider_nest1,0.888643,1.5,-1.0
second_02,drumstick,0.866992,2.0,3.0
second_02,wilson,0.864325,1.0,4.0
second_02,spider_nest2,0.861219,0.5,3.0
second_02,berry_bush,0.855255,0.5,-1.0
second_02,meat,0.834173,0.5,-1.0
second_02,berry_bush,0.809702,2.5,0.0
second_02,spider_nest3,0.799489,9.5,1.0
second_02,rocks,0.71632,-1.0,5.0
second_02,spider_nest1,0.902007,2.5,-1.0
second_02,drumstick,0.877044,1.5,5.0
second_02,wilson,0.867,2.0,4.0
second_02,meat,0.853454,0.5,-1.0
second_02,spider_nest2,0.844108,1.5,3.0
second_02,berry_bush,0.834824,0.5,-1.0
second_02,spider_nest3,0.802927,12.0,1.0
second_02,berry_bush,0.793413,1.0,3.0
second_02,rocks,0.718368,-1.5,4.0
second_02,wilson,0.862936,3.5,4.0
second_02,frog,0.819822,-1.5,9.0
second_02,frog,0.807917,-0.5,11.0
second_02,spider_warrior,0.769551,1.5,4.0
second_02,spider_warrior,0.758279,0.0,-5.0
second_02,tallbird,0.451775,1.0,-17.0
second_02,wilson,0.863052,-0.5,2.0
second_02,frog,0.828119,2.5,3.0
second_02,spider_warrior,0.778892,0.5,6.0
second_02,spider_warrior,0.755516,6.0,5.0
second_02,frog,0.753054,0.0,7.0
second_02,tallbird,0.688864,-1.0,10.0
second_02,wilson,0.859001,-1.0,5.0
second_02,tallbird,0.797537,-5.5,3.0
second_02,frog,0.791181,-1.0,6.0
second_02,frog,0.788419,1.0,0.0
second_02,spider_warrior,0.769149,-2.5,4.0
second_02,spider_warrior,0.756252,0.5,1.0
second_02,wilson,0.862401,2.5,5.0
second_02,tallbird,0.824063,2.5,0.0
second_02,frog,0.823347,0.5,2.0
second_02,frog,0.782015,-1.0,4.0
second_02,spider_warrior,0.721285,-6.0,9.0
second_02,wilson,0.84495,-6.0,2.0
second_02,tallbird,0.839745,5.5,6.0
second_02,frog,0.82571,1.5,5.0
second_02,frog,0.810774,1.0,1.0
second_02,spider_warrior,0.792617,-5.0,6.0
second_02,frog,0.873785,1.0,2.0
second_02,wilson,0.850216,5.0,1.0
second_02,frog,0.779483,-2.0,2.0
second_02,spider_warrior,0.77521,1.0,10.0
second_02,frog,0.873262,0.5,-1.0
second_02,wilson,0.853959,-2.5,-1.0
second_02,frog,0.583396,-0.5,10.0
second_02,spider_warrior,0.531354,-3.0,8.0
second_02,wilson,0.863575,1.0,6.0
second_02,frog,0.83096,2.0,4.0
second_02,frog,0.799053,0.5,3.0
second_02,spider_warrior,0.409881,2.5,14.0
second_02,frog,0.844092,-1.5,-1.0
second_02,wilson,0.838126,0.5,7.0
second_02,tallbird,0.802671,0.0,0.0
second_02,frog,0.78643,1.0,1.0
second_02,spider_warrior,0.734186,-5.0,1.0
second_02,spider_warrior,0.714479,-2.0,0.0
second_02,frog,0.840232,1.0,5.0
second_02,wilson,0.839437,-5.0,2.0
second_02,frog,0.839086,1.5,-4.0
second_02,tallbird,0.78907,-2.5,-6.0
second_02,spider_warrior,0.783148,-3.0,-2.0
second_02,spider_warrior,0.679667,-1.5,-3.0
second_02,wilson,0.882343,-0.5,3.0
second_02,frog,0.833603,2.0,8.0
second_02,tallbird,0.776865,-1.5,-1.0
second_02,spider_warrior,0.70861,-1.0,5.0
second_02,spider_warrior,0.530805,5.0,9.0
second_02,spider_warrior,0.213531,-2.0,96.0
second_02,spider_warrior,0.127592,-10.0,-16.0
second_02,wilson,0.85089,-0.5,8.0
second_02,frog,0.79089,0.0,6.0
second_02,frog,0.781361,-5.0,4.0
second_02,tallbird,0.780521,-4.5,-15.0
second_02,spider_warrior,0.690818,-6.5,22.0
second_02,wilson,0.853284,3.0,1.0
second_02,frog,0.805568,3.0,-4.0
second_02,spider_warrior,0.710308,4.0,6.0
second_02,tallbird,0.148987,21.5,48.0
second_02,wilson,0.834326,1.5,3.0
second_02,tallbird,0.831151,6.0,1.0
second_02,frog,0.820437,1.5,1.0
second_02,spider_warrior,0.801467,-5.5,-2.0
second_02,wilson,0.871802,0.5,3.0
second_02,frog,0.832001,-1.0,-1.0
second_02,frog,0.829745,1.5,4.0
second_02,tallbird,0.811044,2.0,4.0
second_02,spider_warrior,0.766252,-1.5,-2.0
second_02,wilson,0.876834,-2.0,-3.0
second_02,frog,0.831602,0.0,-3.0
second_02,tallbird,0.831409,1.0,2.0
second_02,spider_warrior,0.730737,3.5,2.0
second_02,spider_warrior,0.141615,22.5,9.0
second_02,wilson,0.86012,-0.5,-8.0
second_02,tallbird,0.825458,6.0,-2.0
second_02,frog,0.785573,0.5,5.0
second_02,spider_warrior,0.678296,-0.5,-1.0
second_02,wilson,0.850856,5.5,-1.0
second_02,tallbird,0.769322,-0.5,36.0
second_02,spider_warrior,0.722768,0.5,-2.0
second_02,frog,0.437561,0.5,4.0
second_02,wilson,0.851553,3.0,5.0
second_02,tallbird,0.455,-3.0,0.0
second_02,wilson,0.862113,-0.5,3.0
second_02,tallbird,0.786372,-0.5,-3.0
second_02,spider_warrior,0.736834,-1.5,3.0
second_02,wilson,0.865636,1.5,0.0
second_02,tallbird,0.790665,8.0,-8.0
second_02,spider_warrior,0.678723,2.5,9.0
second_02,wilson,0.857338,0.5,-2.0
second_02,tallbird,0.813786,-4.0,4.0
second_02,tallbird,0.86301,1.0,-4.0
second_02,wilson,0.851409,-0.5,6.0
second_02,frog,0.824028,-0.5,1.0
second_02,spider_warrior,0.778544,2.5,0.0
second_02,frog,0.848317,-2.5,0.0
second_02,tallbird,0.797503,-4.0,7.0
second_02,spider_warrior,0.780141,-1.5,-1.0
second_02,wilson,0.851406,-3.5,0.0
second_02,tallbird,0.792387,-3.5,8.0
second_02,spider_warrior,0.769776,4.0,4.0
second_02,wilson,0.842629,-2.0,-4.0
second_02,tallbird,0.817458,1.0,-3.0
second_02,frog,0.799195,-1.5,6.0
second_02,spider_warrior,0.71329,-0.5,7.0
second_02,wilson,0.850656,2.0,4.0
second_02,frog,0.821519,1.5,5.0
second_02,tallbird,0.790281,2.5,4.0
second_02,spider_warrior,0.725229,2.0,6.0
second_02,wilson,0.840763,4.5,15.0
second_02,frog,0.814769,0.0,4.0
second_02,tallbird,0.790801,2.0,4.0
second_02,spider_warrior,0.712099,9.0,-1.0
second_02,wilson,0.860807,0.0,0.0
second_02,tallbird,0.668954,0.5,-3.0
second_02,tallbird,0.839677,-5.0,5.0
second_02,wilson,0.838546,-1.0,-8.0
second_02,frog,0.81104,-0.5,4.0
second_02,spider_warrior,0.567448,-1.0,47.0
second_02,spider_warrior,0.374639,-2.0,3.0
second_02,frog,0.832496,1.0,-5.0
second_02,wilson,0.831931,-1.0,5.0
second_02,spider_warrior,0.830364,0.5,2.0
second_02,tallbird,0.79936,-0.5,5.0
second_02,wilson,0.881745,3.5,-14.0
second_02,frog,0.829876,3.0,-4.0
second_02,tallbird,0.807974,-10.0,3.0
second_02,spider_warrior,0.791935,-1.0,5.0
second_02,wilson,0.871059,2.5,1.0
second_02,tallbird,0.824398,-2.0,18.0
second_02,frog,0.819753,-2.5,2.0
second_02,spider_warrior,0.776806,2.5,-2.0
second_02,wilson,0.836066,-3.0,-7.0
second_02,tallbird,0.803682,-2.0,5.0
second_02,spider_warrior,0.713772,3.0,-11.0
second_02,wilson,0.846254,1.5,-3.0
second_02,tallbird,0.825996,10.0,-7.0
second_02,frog,0.818271,-0.5,3.0
second_02,spider_warrior,0.737431,-0.5,-2.0
second_02,wilson,0.857461,2.0,2.0
second_02,frog,0.823057,3.0,1.0
second_02,spider_warrior,0.779739,1.5,2.0
second_02,tallbird,0.726288,10.0,-3.0
second_02,tallbird,0.417193,59.0,0.0
second_02,wilson,0.838909,-1.5,0.0
second_02,tallbird,0.799929,4.5,-5.0
second_02,spider_warrior,0.705695,-3.0,5.0
second_02,wilson,0.858816,-1.0,0.0
second_02,frog,0.833254,-0.5,0.0
second_02,tallbird,0.747624,-1.5,-40.0
second_02,spider_warrior,0.674359,3.0,1.0
second_02,wilson,0.867622,1.5,-1.0
second_02,tallbird,0.806718,-5.5,-4.0
second_02,spider_warrior,0.752497,6.5,-2.0
second_02,frog,0.534837,2.5,-5.0
second_02,frog,0.126739,6.5,15.0
second_02,frog,0.82716,2.0,-4.0
second_02,wilson,0.820014,0.0,7.0
second_02,tallbird,0.762417,-1.0,-6.0
second_02,spider_warrior,0.706151,-6.0,-1.0
second_02,wilson,0.858054,0.0,-9.0
second_02,tallbird,0.808548,1.5,2.0
second_02,frog,0.790223,2.5,1.0
second_02,frog,0.376071,6.5,56.0
second_02,wilson,0.870517,1.5,0.0
second_02,frog,0.789807,-0.5,-1.0
second_02,tallbird,0.768275,-9.5,32.0
second_02,spider_warrior,0.7033,-0.5,2.0
second_02,frog,0.700309,-5.5,53.0
second_02,wilson,0.875982,-1.5,-7.0
second_02,frog,0.806138,3.0,2.0
second_02,tallbird,0.797208,-10.0,-3.0
second_02,spider_warrior,0.548461,-11.0,77.0
second_02,spider_warrior,0.406513,-7.0,61.0
second_02,spider_warrior,0.131766,4.0,5.0
second_02,wilson,0.784581,-6.5,9.0
second_02,spider_warrior,0.717806,1.5,9.0
second_02,wilson,0.858447,3.0,3.0
second_02,honey,0.846657,1.5,1.0
second_02,meat,0.832369,-0.5,-1.0
second_02,seeds,0.82471,-1.5,1.0
second_02,monster_meat,0.79744,2.5,3.0
second_02,log,0.783394,-1.5,5.0
second_02,seeds,0.762245,2.0,5.0
second_02,fish,0.586906,2.0,6.0
second_02,morsel,0.4921,-2.5,3.0
second_02,frog_legs,0.421174,-2.0,4.0
second_02,wilson,0.856587,-2.5,5.0
second_02,meat,0.852918,1.5,1.0
second_02,honey,0.850246,0.0,6.0
second_02,seeds,0.814644,2.0,2.0
second_02,log,0.789037,0.5,7.0
second_02,monster_meat,0.776659,0.0,3.0
second_02,seeds,0.759575,-2.5,5.0
second_02,fish,0.734069,2.0,-5.0
second_02,frog_legs,0.714666,1.5,4.0
second_02,morsel,0.22525,-2.0,3.0
second_02,honey,0.838501,1.5,-1.0
second_02,wilson,0.838152,0.5,-2.0
second_02,spider_nest3,0.82844,8.5,-6.0
second_02,seeds,0.80656,2.0,1.0
second_02,monster_meat,0.796609,1.0,3.0
second_02,seeds,0.791902,-0.5,4.0
second_02,log,0.773604,0.5,3.0
second_02,meat,0.723575,2.5,0.0
second_02,frog_legs,0.657496,3.5,1.0
second_02,fish,0.640788,2.5,-1.0
second_02,morsel,0.129097,-1.5,2.0
second_02,wilson,0.83494,-0.5,-3.0
second_02,spider_nest3,0.834606,6.0,-1.0
second_02,meat,0.822833,1.5,-1.0
second_02,seeds,0.792548,1.0,1.0
second_02,log,0.782276,3.5,2.0
second_02,fish,0.771462,-3.0,1.0
second_02,honey,0.765886,-1.0,-1.0
second_02,seeds,0.763151,-1.0,3.0
second_02,morsel,0.709946,-0.5,3.0
second_02,frog_legs,0.68275,1.5,1.0
second_02,monster_meat,0.271,0.5,2.0
second_02,fish,0.191859,-7.0,8.0
second_02,meat,0.852134,0.0,-3.0
second_02,wilson,0.835002,-1.0,0.0
second_02,spider_nest3,0.833289,6.0,-11.0
second_02,seeds,0.793519,-1.5,2.0
second_02,honey,0.773753,-0.5,3.0
second_02,morsel,0.770455,-1.0,4.0
second_02,monster_meat,0.768999,1.5,3.0
second_02,log,0.764784,1.0,2.0
second_02,seeds,0.728786,-3.0,4.0
second_02,fish,0.725437,-2.0,-2.0
second_02,frog_legs,0.66637,3.0,2.0
second_02,wilson,0.872961,-2.0,2.0
second_02,spider_nest3,0.834288,-5.0,-4.0
second_02,meat,0.829461,0.0,1.0
second_02,seeds,0.815372,1.5,2.0
second_02,morsel,0.799569,2.0,1.0
second_02,fish,0.790953,0.5,-2.0
second_02,seeds,0.789977,-0.5,4.0
second_02,frog_legs,0.785224,1.0,6.0
second_02,log,0.778636,-1.0,3.0
second_02,monster_meat,0.764258,2.5,-3.0
second_02,honey,0.744916,1.0,2.0
second_02,wilson,0.863697,0.5,4.0
second_02,log,0.831945,2.5,-4.0
second_02,spider_nest3,0.831461,-1.0,-4.0
second_02,morsel,0.827563,2.0,1.0
second_02,meat,0.818932,0.5,1.0
second_02,seeds,0.813189,-3.0,2.0
second_02,seeds,0.792324,-0.5,6.0
second_02,frog_legs,0.776508,2.0,1.0
second_02,fish,0.757833,0.5,10.0
second_02,honey,0.751069,1.0,2.0
second_02,monster_meat,0.731518,0.0,0.0
second_02,wilson,0.877514,0.5,2.0
second_02,spider_nest3,0.824638,-1.5,-1.0
second_02,frog_legs,0.8231,-1.0,8.0
second_02,meat,0.819605,0.5,0.0
second_02,log,0.805192,0.0,2.0
second_02,seeds,0.789814,0.5,2.0
second_02,seeds,0.770926,-3.5,-3.0
second_02,monster_meat,0.764053,0.5,4.0
second_02,fish,0.759778,2.5,-4.0
second_02,honey,0.752144,-2.0,5.0
second_02,morsel,0.706607,-1.0,3.0
second_02,frog_legs,0.869799,1.0,-2.0
second_02,wilson,0.858281,-1.5,11.0
second_02,log,0.820076,3.5,-4.0
second_02,morsel,0.814096,0.5,-3.0
second_02,seeds,0.803136,1.5,0.0
second_02,spider_nest3,0.799147,-2.5,-7.0
second_02,fish,0.794761,-1.5,1.0
second_02,monster_meat,0.794523,7.0,-2.0
second_02,seeds,0.793398,0.5,4.0
second_02,honey,0.763862,-2.0,1.0
second_02,meat,0.697835,3.0,-1.0
second_02,frog_legs,0.863628,2.5,2.0
second_02,wilson,0.862574,-0.5,0.0
second_02,morsel,0.824674,0.5,-1.0
second_02,spider_nest3,0.811232,-1.5,-12.0
second_02,seeds,0.779663,-0.5,-1.0
second_02,log,0.773023,5.0,1.0
second_02,honey,0.753574,-1.0,5.0
second_02,seeds,0.749455,3.5,2.0
second_02,meat,0.725242,-1.5,-1.0
second_02,monster_meat,0.723946,3.0,1.0
second_02,fish,0.700499,1.0,5.0
second_02,frog_legs,0.870039,2.0,0.0
second_02,wilson,0.848451,1.0,9.0
second_02,meat,0.846567,-1.5,1.0
second_02,log,0.803591,0.0,7.0
second_02,monster_meat,0.787735,3.5,2.0
second_02,seeds,0.778575,-1.5,0.0
second_02,seeds,0.774573,-1.0,1.0
second_02,fish,0.762925,-1.0,-3.0
second_02,honey,0.710033,0.5,4.0
second_02,morsel,0.483853,3.0,-1.0
second_02,wilson,0.852671,3.5,2.0
second_02,spider_nest3,0.832226,-6.0,-6.0
second_02,meat,0.826898,0.5,2.0
second_02,seeds,0.815163,1.0,0.0
second_02,monster_meat,0.794101,5.5,2.0
second_02,log,0.782929,-0.5,5.0
second_02,morsel,0.776268,0.0,2.0
second_02,honey,0.761823,2.0,4.0
second_02,seeds,0.751524,4.0,1.0
second_02,fish,0.747236,3.0,-3.0
second_02,frog_legs,0.349862,1.5,3.0
second_02,frog_legs,0.852763,2.0,0.0
second_02,wilson,0.846033,-2.0,1.0
second_02,spider_nest3,0.836444,-4.0,-7.0
second_02,meat,0.825698,-1.5,4.0
second_02,seeds,0.805507,3.0,1.0
second_02,log,0.799254,0.5,1.0
second_02,monster_meat,0.798218,4.5,0.0
second_02,fish,0.781356,1.0,5.0
second_02,seeds,0.774328,1.5,0.0
second_02,morsel,0.7672,1.5,-1.0
second_02,honey,0.763601,0.5,7.0
second_02,wilson,0.839764,0.5,4.0
second_02,spider_nest3,0.831481,10.0,-9.0
second_02,meat,0.831074,-1.5,1.0
second_02,seeds,0.821342,-2.5,-1.0
second_02,log,0.810866,3.0,-1.0
second_02,monster_meat,0.776839,3.0,2.0
second_02,fish,0.762936,5.0,1.0
second_02,seeds,0.761184,-2.0,6.0
second_02,honey,0.760621,-0.5,4.0
second_02,morsel,0.745296,0.5,-3.0
second_02,frog_legs,0.634433,-2.5,5.0
second_02,frog_legs,0.877606,1.5,4.0
second_02,wilson,0.845678,-3.0,4.0
second_02,monster_meat,0.834122,4.5,1.0
second_02,seeds,0.8262,2.0,-2.0
second_02,morsel,0.822851,0.0,-1.0
second_02,spider_nest3,0.812888,-0.5,-1.0
second_02,log,0.801694,-0.5,2.0
second_02,seeds,0.796286,-1.0,-2.0
second_02,meat,0.761468,2.0,2.0
second_02,honey,0.757602,1.0,2.0
second_02,fish,0.751223,3.0,1.0
second_02,wilson,0.850539,0.0,-3.0
second_02,frog_legs,0.842058,2.5,-1.0
second_02,spider_nest3,0.830248,-6.0,-4.0
second_02,fish,0.80682,6.0,2.0
second_02,seeds,0.80101,-9.0,2.0
second_02,meat,0.799728,-0.5,-2.0
second_02,morsel,0.750445,-2.5,1.0
second_02,honey,0.726122,2.0,-2.0
second_02,log,0.695522,0.5,1.0
second_02,monster_meat,0.552169,0.5,2.0
second_02,seeds,0.296694,0.5,4.0
second_02,wilson,0.849655,0.5,0.0
second_02,spider_nest3,0.823859,-0.5,7.0
second_02,honey,0.823547,-0.5,3.0
second_02,fish,0.780366,1.5,0.0
second_02,log,0.539155,1.5,8.0
second_02,wilson,0.852531,-2.0,6.0
second_02,spider_nest3,0.821208,-11.5,8.0
second_02,honey,0.247245,1.0,7.0
second_02,wilson,0.857028,1.0,3.0
second_02,seeds,0.826234,-18.5,6.0
second_02,spider_nest3,0.822783,-10.0,3.0
second_02,log,0.766397,1.5,3.0
second_02,fish,0.712978,5.5,-2.0
second_02,honey,0.709826,1.0,2.0
second_02,wilson,0.843461,1.0,2.0
second_02,spider_nest3,0.828186,-8.5,10.0
second_02,log,0.820271,0.0,-1.0
second_02,fish,0.767827,3.0,4.0
second_02,honey,0.736344,-3.0,3.0
second_02,frog_legs,0.686846,1.5,1.0
second_02,seeds,0.65927,2.0,-2.0
second_02,wilson,0.866452,-1.5,11.0
second_02,spider_nest3,0.827791,2.0,12.0
second_02,seeds,0.788992,-2.5,4.0
second_02,seeds,0.780895,-8.0,4.0
second_02,fish,0.739112,1.0,-3.0
second_02,log,0.71537,-3.0,1.0
second_02,honey,0.708539,-2.0,1.0
second_02,log,0.13818,0.0,-9.0
second_02,wilson,0.875043,-0.5,3.0
second_02,spider_nest3,0.824547,-4.0,-3.0
second_02,fish,0.794239,2.5,-2.0
second_02,seeds,0.78946,-3.0,1.0
second_02,seeds,0.767838,-7.0,5.0
second_02,honey,0.716136,1.5,5.0
second_02,wilson,0.853727,0.0,10.0
second_02,spider_nest3,0.823637,-5.0,1.0
second_02,seeds,0.806451,0.0,2.0
second_02,seeds,0.778215,-2.5,4.0
second_02,fish,0.755014,2.0,1.0
second_02,honey,0.691461,2.5,2.0
second_02,wilson,0.858558,-2.0,4.0
second_02,spider_nest3,0.826056,-7.0,4.0
second_02,seeds,0.77615,-1.0,2.0
second_02,fish,0.751276,4.5,0.0
second_02,honey,0.726346,0.0,0.0
second_02,seeds,0.72212,2.5,1.0
second_02,wilson,0.838148,-2.0,8.0
second_02,spider_nest3,0.825902,-0.5,9.0
second_02,fish,0.785545,0.0,0.0
second_02,honey,0.770449,1.5,4.0
second_02,seeds,0.755979,-1.0,2.0
second_02,wilson,0.890593,1.5,4.0
second_02,spider_nest3,0.822212,-3.0,5.0
second_02,seeds,0.763182,-4.0,7.0
second_02,fish,0.762916,-3.0,3.0
second_02,honey,0.71074,-2.5,-1.0
second_02,wilson,0.857347,0.5,2.0
second_02,spider_nest3,0.827118,-3.0,6.0
second_02,seeds,0.776826,-2.0,6.0
second_02,fish,0.761079,3.5,-1.0
second_02,honey,0.738649,2.5,3.0
second_02,fish,0.117328,-1.5,5.0
second_02,wilson,0.875719,-0.5,7.0
second_02,seeds,0.780732,0.5,2.0
second_02,fish,0.776187,1.5,-2.0
second_02,seeds,0.768451,-1.0,3.0
second_02,honey,0.75312,-3.0,2.0
second_02,wilson,0.876343,-0.5,5.0
second_02,frog_legs,0.844902,2.0,4.0
second_02,log,0.844883,-1.0,-4.0
second_02,seeds,0.794337,2.5,-1.0
second_02,fish,0.79074,3.5,4.0
second_02,seeds,0.78721,1.5,4.0
second_02,honey,0.755128,0.5,5.0
second_02,wilson,0.871204,1.5,1.0
second_02,frog_legs,0.854962,4.0,8.0
second_02,log,0.837521,0.5,-2.0
second_02,morsel,0.809255,-2.5,-2.0
second_02,seeds,0.808795,3.0,0.0
second_02,seeds,0.808566,-2.5,7.0
second_02,fish,0.786695,2.0,8.0
second_02,honey,0.750614,-1.0,-3.0
second_02,wilson,0.848452,4.5,0.0
second_02,frog_legs,0.833255,-1.0,0.0
second_02,log,0.791057,3.0,3.0
second_02,honey,0.78524,3.0,7.0
second_02,seeds,0.777162,1.5,2.0
second_02,fish,0.766963,3.0,2.0
second_02,seeds,0.76094,1.5,-1.0
second_02,morsel,0.735201,6.5,4.0
second_02,frog_legs,0.862579,0.0,-2.0
second_02,wilson,0.854309,-1.5,4.0
second_02,log,0.812892,-1.5,-8.0
second_02,honey,0.810925,0.0,-3.0
second_02,seeds,0.802398,-0.5,0.0
second_02,morsel,0.797151,0.0,2.0
second_02,seeds,0.735243,0.5,4.0
second_02,fish,0.700913,-1.0,-4.0
second_02,fish,0.254979,-14.0,8.0
second_02,wilson,0.870489,-0.5,9.0
second_02,frog_legs,0.870073,-1.5,4.0
second_02,log,0.856787,0.0,10.0
second_02,fish,0.820824,3.0,9.0
second_02,seeds,0.811958,0.5,3.0
second_02,morsel,0.809878,0.0,1.0
second_02,meat,0.807669,3.0,0.0
second_02,honey,0.798974,-0.5,3.0
second_02,monster_meat,0.762732,3.0,-4.0
second_02,seeds,0.741031,-2.0,5.0
second_02,frog_legs,0.856304,-0.5,4.0
second_02,log,0.851751,6.0,4.0
second_02,wilson,0.845924,1.0,2.0
second_02,meat,0.844582,1.5,3.0
second_02,morsel,0.838487,0.5,1.0
second_02,seeds,0.809667,4.0,2.0
second_02,honey,0.783722,2.0,5.0
second_02,monster_meat,0.783177,5.0,4.0
second_02,seeds,0.761196,2.0,2.0
second_02,fish,0.747292,3.5,6.0
second_02,wilson,0.883598,1.0,-2.0
second_02,frog_legs,0.866033,1.5,5.0
second_02,meat,0.841618,1.5,4.0
second_02,morsel,0.814421,0.5,0.0
second_02,log,0.804389,0.0,4.0
second_02,fish,0.800136,-2.5,5.0
second_02,seeds,0.791135,2.5,0.0
second_02,seeds,0.787794,-0.5,1.0
second_02,monster_meat,0.784441,4.0,0.0
second_02,fish,0.103184,-4.5,9.0
second_02,wilson,0.865073,1.5,4.0
second_02,meat,0.842104,-1.0,-3.0
second_02,log,0.837838,-2.5,2.0
second_02,morsel,0.81122,-0.5,-2.0
second_02,seeds,0.809687,2.0,2.0
second_02,seeds,0.778117,-1.5,1.0
second_02,frog_legs,0.760615,-7.5,0.0
second_02,monster_meat,0.758808,-1.0,-2.0
second_02,frog_legs,0.103538,0.5,4.0
second_02,wilson,0.852888,3.5,10.0
second_02,frog_legs,0.850984,-2.5,3.0
second_02,log,0.841751,-2.5,3.0
second_02,meat,0.819337,0.0,0.0
second_02,morsel,0.812963,1.5,-2.0
second_02,seeds,0.811099,3.0,7.0
second_02,seeds,0.794204,-3.0,3.0
second_02,monster_meat,0.762399,2.5,4.0
second_02,wilson,0.881161,2.0,7.0
second_02,frog_legs,0.855405,0.5,4.0
second_02,log,0.831003,-4.0,1.0
second_02,meat,0.8276,3.0,0.0
second_02,morsel,0.807888,1.5,4.0
second_02,seeds,0.740013,-0.5,4.0
second_02,monster_meat,0.343519,2.5,-1.0
second_02,wilson,0.895431,3.5,5.0
second_02,frog_legs,0.85336,1.5,8.0
second_02,meat,0.81933,0.5,1.0
second_02,log,0.817326,3.5,2.0
second_02,morsel,0.802348,2.0,5.0
second_02,seeds,0.76333,-3.5,0.0
second_02,monster_meat,0.32421,6.5,3.0
second_02,frog_legs,0.866941,-1.5,2.0
second_02,wilson,0.858785,2.5,7.0
second_02,meat,0.800478,7.5,4.0
second_02,morsel,0.77573,1.0,-4.0
second_02,monster_meat,0.754119,3.5,-3.0
second_02,seeds,0.669718,0.0,-2.0
second_02,log,0.636361,1.0,1.0
second_02,meat,0.874986,0.0,0.0
second_02,wilson,0.860974,2.5,7.0
second_02,frog_legs,0.833998,0.5,2.0
second_02,morsel,0.803558,2.5,-3.0
second_02,seeds,0.774282,1.0,3.0
second_02,log,0.674949,-1.0,1.0
second_02,monster_meat,0.463347,5.0,3.0
second_02,meat,0.868541,0.5,1.0
second_02,wilson,0.853732,0.0,5.0
second_02,log,0.826064,-3.5,3.0
second_02,frog_legs,0.825168,0.5,2.0
second_02,monster_meat,0.784807,1.5,4.0
second_02,seeds,0.781971,-2.5,-1.0
second_02,morsel,0.690593,0.0,-1.0
second_02,frog_legs,0.870934,-0.5,1.0
second_02,wilson,0.840702,-1.0,2.0
second_02,meat,0.837028,2.5,4.0
second_02,seeds,0.780044,3.5,0.0
second_02,log,0.747959,0.0,5.0
second_02,monster_meat,0.717958,1.0,2.0
second_02,morsel,0.564807,0.0,0.0
second_02,meat,0.857861,-1.5,-2.0
second_02,wilson,0.848736,-3.5,4.0
second_02,frog_legs,0.8404,1.0,-5.0
second_02,seeds,0.79672,1.0,3.0
second_02,seeds,0.781918,-1.0,7.0
second_02,monster_meat,0.761587,2.0,1.0
second_02,log,0.711355,1.0,2.0
second_02,wilson,0.877252,1.0,2.0
second_02,meat,0.842029,0.0,0.0
second_02,fish,0.813106,-1.0,7.0
second_02,monster_meat,0.781736,-1.5,1.0
second_02,seeds,0.773986,0.5,2.0
second_02,frog_legs,0.670126,0.5,5.0
second_02,morsel,0.6667,3.0,-2.0
second_02,log,0.299256,-3.5,0.0
second_02,wilson,0.847838,2.5,4.0
second_02,morsel,0.827597,2.0,2.0
second_02,seeds,0.797162,5.0,2.0
second_02,monster_meat,0.785568,-0.5,2.0
second_02,log,0.782904,2.0,2.0
second_02,fish,0.777857,3.0,3.0
second_02,seeds,0.768154,-1.5,-1.0
second_02,meat,0.756257,1.5,-1.0
second_02,frog_legs,0.514548,-3.0,5.0
second_02,seeds,0.851085,1.0,1.0
second_02,frog_legs,0.849181,-2.0,4.0
second_02,wilson,0.825789,-3.0,7.0
second_02,fish,0.821202,0.5,0.0
second_02,morsel,0.812583,0.0,3.0
second_02,log,0.774258,1.0,-1.0
second_02,honey,0.769912,-1.5,4.0
second_02,frog_legs,0.868952,1.5,10.0
second_02,wilson,0.862601,2.0,5.0
second_02,log,0.82856,1.5,7.0
second_02,seeds,0.813071,2.0,8.0
second_02,honey,0.78922,-1.5,1.0
second_02,fish,0.763789,0.0,8.0
second_02,seeds,0.749148,5.5,-2.0
second_02,frog_legs,0.865046,-2.0,8.0
second_02,wilson,0.850089,-4.0,3.0
second_02,seeds,0.811662,0.5,-1.0
second_02,fish,0.796305,1.5,1.0
second_02,seeds,0.779524,4.5,3.0
second_02,log,0.763371,0.5,10.0
second_02,honey,0.756585,1.0,1.0
second_02,frog_legs,0.862914,1.5,8.0
second_02,wilson,0.849329,5.0,6.0
second_02,log,0.819159,-3.5,-1.0
second_02,fish,0.803957,-1.5,6.0
second_02,honey,0.783371,-4.5,11.0
second_02,seeds,0.739302,-1.5,2.0
second_02,seeds,0.602301,-0.5,4.0
second_02,frog_legs,0.853154,-0.5,2.0
second_02,wilson,0.84716,1.5,0.0
second_02,morsel,0.843012,-1.5,2.0
second_02,seeds,0.810867,-1.0,0.0
second_02,fish,0.809951,2.0,5.0
second_02,honey,0.800013,0.0,4.0
second_02,seeds,0.779748,1.0,-1.0
second_02,log,0.718075,5.0,6.0
second_02,wilson,0.845634,0.5,8.0
second_02,log,0.82466,1.0,1.0
second_02,seeds,0.805082,1.5,-2.0
second_02,spider_nest3,0.80134,2.0,5.0
second_02,frog_legs,0.782801,-2.0,-1.0
second_02,fish,0.78244,1.0,2.0
second_02,seeds,0.778614,1.0,4.0
second_02,monster_meat,0.752701,1.5,6.0
second_02,honey,0.749741,4.0,4.0
second_02,morsel,0.714359,-2.0,0.0
second_02,frog_legs,0.864473,2.0,0.0
second_02,wilson,0.855885,2.5,-1.0
second_02,meat,0.852338,-2.5,3.0
second_02,log,0.830187,1.5,-2.0
second_02,spider_nest3,0.829251,3.5,0.0
second_02,monster_meat,0.789222,3.5,7.0
second_02,honey,0.745372,-0.5,7.0
second_02,morsel,0.738643,-0.5,4.0
second_02,seeds,0.736966,-1.0,4.0
second_02,fish,0.731767,3.0,7.0
second_02,seeds,0.657848,-4.5,1.0
second_02,wilson,0.88182,2.0,5.0
second_02,frog_legs,0.868556,1.5,9.0
second_02,morsel,0.841492,-1.0,-1.0
second_02,log,0.838137,1.0,0.0
second_02,meat,0.835809,-0.5,1.0
second_02,spider_nest3,0.826429,-0.5,7.0
second_02,seeds,0.803094,-1.0,4.0
second_02,monster_meat,0.799625,1.0,2.0
second_02,honey,0.747584,0.5,-3.0
second_02,fish,0.730363,1.5,4.0
second_02,seeds,0.712223,-1.0,4.0
second_02,wilson,0.881686,0.0,4.0
second_02,meat,0.857929,0.0,-2.0
second_02,seeds,0.828751,1.0,0.0
second_02,log,0.826484,1.5,1.0
second_02,spider_nest3,0.826235,1.5,3.0
second_02,morsel,0.818292,2.5,-3.0
second_02,seeds,0.784627,-2.0,5.0
second_02,monster_meat,0.775011,-2.0,3.0
second_02,frog_legs,0.759802,-1.5,0.0
second_02,fish,0.718469,-2.5,2.0
second_02,honey,0.709039,-2.0,1.0
second_02,wilson,0.852536,-0.5,3.0
second_02,frog_legs,0.85202,-1.0,6.0
second_02,spider_nest3,0.826827,3.5,-15.0
second_02,seeds,0.796212,3.0,1.0
second_02,monster_meat,0.788279,0.0,1.0
second_02,meat,0.783794,1.0,1.0
second_02,log,0.783332,6.5,2.0
second_02,seeds,0.778652,3.5,0.0
second_02,fish,0.755221,0.5,6.0
second_02,honey,0.725854,0.5,1.0
second_02,morsel,0.671874,0.5,3.0
second_02,wilson,0.860593,0.0,-1.0
second_02,frog_legs,0.848593,0.0,0.0
second_02,meat,0.825394,1.0,3.0
second_02,spider_nest3,0.804569,2.0,-4.0
second_02,fish,0.802476,-2.0,3.0
second_02,seeds,0.780194,2.0,3.0
second_02,morsel,0.769556,2.5,4.0
second_02,seeds,0.744703,-0.5,1.0
second_02,honey,0.719464,1.0,4.0
second_02,log,0.704341,1.5,-3.0
second_02,monster_meat,0.38599,2.5,2.0
second_02,meat,0.855751,5.0,2.0
second_02,frog_legs,0.848053,2.0,4.0
second_02,wilson,0.834747,0.0,1.0
second_02,spider_nest3,0.824782,-4.5,-4.0
second_02,morsel,0.811763,1.0,-4.0
second_02,fish,0.804733,1.5,2.0
second_02,seeds,0.792987,2.0,-1.0
second_02,seeds,0.780685,2.5,3.0
second_02,honey,0.775526,0.5,0.0
second_02,monster_meat,0.772292,0.5,-1.0
second_02,log,0.736916,-3.0,3.0
second_02,meat,0.891151,4.0,3.0
second_02,frog_legs,0.878706,-0.5,3.0
second_02,wilson,0.842488,2.5,7.0
second_02,spider_nest3,0.826078,-7.0,-2.0
second_02,log,0.818477,3.0,0.0
second_02,seeds,0.77255,1.0,-1.0
second_02,monster_meat,0.762625,1.5,1.0
second_02,honey,0.752461,2.0,6.0
second_02,fish,0.74788,1.5,2.0
second_02,seeds,0.696906,1.5,2.0
second_02,morsel,0.636525,1.0,-2.0
second_02,frog_legs,0.869772,-0.5,-1.0
second_02,wilson,0.863579,0.0,6.0
second_02,meat,0.855004,1.0,3.0
second_02,log,0.836485,-1.5,7.0
second_02,spider_nest3,0.826425,-2.0,-1.0
second_02,seeds,0.801822,-0.5,0.0
second_02,morsel,0.796655,2.0,-1.0
second_02,monster_meat,0.781548,2.0,1.0
second_02,seeds,0.757885,-1.0,3.0
second_02,fish,0.723738,1.0,-1.0
second_02,honey,0.718083,0.0,8.0
second_02,wilson,0.859575,-1.5,6.0
second_02,frog_legs,0.854485,4.0,-2.0
second_02,meat,0.837554,-0.5,1.0
second_02,spider_nest3,0.831334,-6.5,5.0
second_02,log,0.829959,1.0,2.0
second_02,morsel,0.80643,0.0,5.0
second_02,seeds,0.792673,1.5,-2.0
second_02,seeds,0.777968,1.0,1.0
second_02,monster_meat,0.77248,4.0,0.0
second_02,fish,0.745616,0.5,3.0
second_02,honey,0.701597,0.0,-1.0
second_02,wilson,0.879016,0.0,4.0
second_02,frog_legs,0.854888,1.5,5.0
second_02,meat,0.849216,-1.0,1.0
second_02,spider_nest3,0.834489,-6.0,4.0
second_02,log,0.830467,-2.0,-4.0
second_02,morsel,0.795291,3.0,-1.0
second_02,monster_meat,0.788016,2.5,2.0
second_02,seeds,0.787371,2.0,3.0
second_02,seeds,0.770483,-0.5,1.0
second_02,fish,0.746851,3.0,3.0
second_02,honey,0.728297,2.0,1.0
second_02,wilson,0.859535,-0.5,-6.0
second_02,frog_legs,0.85327,-3.5,3.0
second_02,log,0.849672,-5.5,-2.0
second_02,spider_nest3,0.831244,1.0,-6.0
second_02,meat,0.815476,1.0,-2.0
second_02,morsel,0.802921,0.5,1.0
second_02,seeds,0.802639,-1.5,-3.0
second_02,monster_meat,0.795817,5.0,4.0
second_02,fish,0.781287,-1.0,-2.0
second_02,seeds,0.780893,1.5,-1.0
second_02,honey,0.766005,-0.5,2.0
second_02,meat,0.869725,1.0,0.0
second_02,wilson,0.859985,1.5,4.0
second_02,frog_legs,0.859485,-0.5,2.0
second_02,spider_nest3,0.818651,-4.0,-2.0
second_02,log,0.816219,-0.5,4.0
second_02,seeds,0.808367,1.0,2.0
second_02,seeds,0.782509,-1.0,-1.0
second_02,monster_meat,0.769787,3.5,4.0
second_02,fish,0.763321,0.0,3.0
second_02,honey,0.738874,-1.0,5.0
second_02,morsel,0.113073,-1.0,2.0
second_02,wilson,0.848975,-1.5,9.0
second_02,meat,0.841236,1.5,0.0
second_02,log,0.834129,2.0,1.0
second_02,spider_nest3,0.829151,-13.0,-6.0
second_02,fish,0.807127,0.5,1.0
second_02,frog_legs,0.803664,1.5,4.0
second_02,seeds,0.787474,1.0,4.0
second_02,monster_meat,0.77947,1.5,3.0
second_02,seeds,0.773697,3.5,2.0
second_02,morsel,0.758043,-0.5,1.0
second_02,honey,0.742575,2.5,0.0
second_02,wilson,0.847328,0.0,1.0
second_02,meat,0.847233,0.0,4.0
second_02,spider_nest3,0.82369,-9.0,-6.0
second_02,morsel,0.823011,0.5,4.0
second_02,log,0.81914,2.0,9.0
second_02,monster_meat,0.784704,3.0,6.0
second_02,seeds,0.7842,-0.5,3.0
second_02,fish,0.751096,8.0,2.0
second_02,honey,0.749819,3.0,8.0
second_02,seeds,0.738375,0.0,1.0
second_02,frog_legs,0.709106,3.0,11.0
second_02,wilson,0.862602,5.0,3.0
second_02,spider_nest3,0.827496,0.5,-1.0
second_02,log,0.819668,3.5,9.0
second_02,seeds,0.808554,-2.5,3.0
second_02,frog_legs,0.808385,2.5,4.0
second_02,meat,0.789192,0.5,1.0
second_02,seeds,0.787245,3.0,-3.0
second_02,monster_meat,0.78465,2.0,5.0
second_02,fish,0.765579,6.5,-2.0
second_02,honey,0.721293,-0.5,13.0
second_02,morsel,0.650963,-0.5,5.0
second_02,wilson,0.889843,-1.5,-4.0
second_02,meat,0.841211,0.0,-1.0
second_02,frog_legs,0.830451,3.0,-2.0
second_02,seeds,0.801733,2.5,6.0
second_02,log,0.801057,2.0,4.0
second_02,seeds,0.787222,0.0,1.0
second_02,fish,0.774005,5.0,6.0
second_02,honey,0.727594,0.0,2.0
second_02,monster_meat,0.495556,1.0,5.0
second_02,morsel,0.415574,-2.5,0.0
second_02,wilson,0.868863,0.0,16.0
second_02,frog_legs,0.84321,0.0,-1.0
second_02,meat,0.843009,3.0,3.0
second_02,seeds,0.820198,3.5,3.0
second_02,morsel,0.804571,2.0,1.0
second_02,seeds,0.76753,0.5,0.0
second_02,fish,0.766772,6.0,0.0
second_02,honey,0.760299,0.0,3.0
second_02,monster_meat,0.760014,0.5,1.0
second_02,log,0.582668,-0.5,5.0
second_02,wilson,0.871502,-3.5,7.0
second_02,seeds,0.849315,-0.5,0.0
second_02,meat,0.831077,0.0,-2.0
second_02,morsel,0.827454,0.0,5.0
second_02,honey,0.779509,4.5,3.0
second_02,monster_meat,0.754615,1.5,4.0
second_02,seeds,0.741615,3.5,2.0
second_02,fish,0.729538,10.0,0.0
second_02,log,0.701224,2.0,3.0
second_02,frog_legs,0.633543,7.5,1.0
second_02,wilson,0.859194,2.5,-1.0
second_02,clock_bishop,0.782736,-1.5,5.0
second_02,merm,0.77984,1.0,0.0
second_02,tree_evergreen_4,0.778186,19.5,0.0
second_02,clock_rook,0.524085,4.0,13.0
second_02,wilson,0.841693,3.0,-2.0
second_02,tree_evergreen_4,0.822617,5.0,8.0
second_02,clock_rook,0.770861,-1.0,10.0
second_02,clock_knight,0.768144,1.5,-4.0
second_02,merm,0.742734,-1.0,2.0
second_02,wilson,0.861754,5.0,2.0
second_02,tree_evergreen_4,0.819742,-2.0,11.0
second_02,clock_rook,0.789846,1.5,10.0
second_02,clock_knight,0.780812,2.5,10.0
second_02,merm,0.769016,0.0,-4.0
second_02,wilson,0.864132,5.0,-2.0
second_02,clock_rook,0.810131,-1.5,5.0
second_02,clock_knight,0.800267,2.5,1.0
second_02,tree_evergreen_4,0.500088,0.5,10.0
second_02,wilson,0.854626,3.0,5.0
second_02,clock_knight,0.807815,0.0,-4.0
second_02,clock_rook,0.78652,2.0,6.0
second_02,tree_evergreen_4,0.493825,8.5,-8.0
second_02,wilson,0.849826,0.5,3.0
second_02,clock_rook,0.831531,1.0,-4.0
second_02,clock_knight,0.804202,3.0,0.0
second_02,tree_evergreen_4,0.611596,4.5,22.0
second_02,wilson,0.836692,1.0,-2.0
second_02,clock_rook,0.826635,0.0,4.0
second_02,clock_knight,0.783946,1.0,0.0
second_02,tree_evergreen_4,0.679874,12.0,-9.0
second_02,wilson,0.851225,4.5,6.0
second_02,tree_evergreen_4,0.832515,-1.5,-4.0
second_02,clock_rook,0.809937,-3.5,21.0
second_02,clock_knight,0.793796,4.0,5.0
second_02,wilson,0.866277,1.0,15.0
second_02,clock_rook,0.807395,-3.5,0.0
second_02,merm,0.782807,3.5,6.0
second_02,tree_evergreen_4,0.779414,1.0,-9.0
second_02,clock_knight,0.752655,5.0,-5.0
second_02,tree_evergreen_4,0.849291,-2.5,1.0
second_02,wilson,0.846301,-2.0,-10.0
second_02,clock_knight,0.830623,-1.5,2.0
second_02,merm,0.7942,-2.5,2.0
second_02,clock_rook,0.786357,2.5,-1.0
second_02,wilson,0.869988,-3.5,-1.0
second_02,tree_evergreen_4,0.843438,-1.5,-6.0
second_02,clock_bishop,0.824377,2.5,-2.0
second_02,merm,0.793386,1.0,0.0
second_02,clock_knight,0.787591,1.5,1.0
second_02,wilson,0.868009,-4.0,-3.0
second_02,tree_evergreen_4,0.8334,2.5,1.0
second_02,clock_bishop,0.82789,-2.5,2.0
second_02,clock_knight,0.818456,-0.5,2.0
second_02,merm,0.77674,-2.5,-1.0
second_02,wilson,0.846925,-0.5,2.0
second_02,clock_rook,0.815511,1.0,16.0
second_02,merm,0.766989,3.0,7.0
second_02,wilson,0.833334,-1.0,13.0
second_02,clock_bishop,0.817291,-1.5,2.0
second_02,clock_rook,0.807407,6.5,17.0
second_02,merm,0.723533,-2.5,15.0
second_02,tree_evergreen_4,0.849761,3.0,1.0
second_02,wilson,0.842998,-5.0,-1.0
second_02,clock_bishop,0.822894,-0.5,1.0
second_02,clock_knight,0.815452,-1.5,6.0
second_02,clock_rook,0.786932,0.0,2.0
second_02,merm,0.644634,0.5,-5.0
second_02,wilson,0.850613,2.5,-2.0
second_02,tree_evergreen_4,0.845372,1.5,2.0
second_02,merm,0.83902,-1.5,-1.0
second_02,clock_bishop,0.817078,-2.5,3.0
second_02,clock_knight,0.803757,2.5,5.0
second_02,clock_rook,0.734852,7.0,5.0
second_02,wilson,0.861888,0.0,-7.0
second_02,merm,0.841516,3.0,-2.0
second_02,clock_bishop,0.813354,-5.0,8.0
second_02,clock_knight,0.811828,1.0,-3.0
second_02,clock_rook,0.775148,3.0,11.0
second_02,wilson,0.866812,-1.0,-3.0
second_02,merm,0.842699,6.0,0.0
second_02,clock_bishop,0.828346,-2.0,11.0
second_02,clock_knight,0.826007,4.5,0.0
second_02,clock_rook,0.799946,1.0,3.0
second_02,wilson,0.854621,-1.0,-12.0
second_02,clock_knight,0.810165,0.0,1.0
second_02,clock_rook,0.758256,-8.5,15.0
second_02,merm,0.447181,2.0,14.0
second_02,tree_evergreen_4,0.837671,8.0,5.0
second_02,wilson,0.829038,-4.5,7.0
second_02,clock_rook,0.817678,-8.0,3.0
second_02,clock_knight,0.719626,6.0,-4.0
second_02,merm,0.379792,-7.0,41.0
second_02,wilson,0.856561,3.0,2.0
second_02,tree_evergreen_4,0.852408,2.0,-1.0
second_02,clock_knight,0.845616,-4.5,-5.0
second_02,merm,0.798453,2.0,3.0
second_02,clock_rook,0.794468,2.0,7.0
second_02,wilson,0.83749,1.0,3.0
second_02,tree_evergreen_4,0.825285,-3.5,6.0
second_02,clock_rook,0.788376,-3.0,14.0
second_02,merm,0.750093,1.0,3.0
second_02,tree_evergreen_4,0.840802,1.0,0.0
second_02,wilson,0.835986,0.0,-1.0
second_02,clock_knight,0.79068,-1.5,-6.0
second_02,wilson,0.85641,-1.5,1.0
second_02,tree_evergreen_4,0.833025,1.5,0.0
second_02,clock_knight,0.80176,1.5,-2.0
second_02,wilson,0.861094,2.5,2.0
second_02,tree_evergreen_4,0.85668,3.0,3.0
second_02,merm,0.833499,3.0,2.0
second_02,clock_knight,0.790956,-0.5,12.0
second_02,wilson,0.866078,0.0,-6.0
second_02,tree_evergreen_4,0.851113,1.5,-3.0
second_02,merm,0.835143,1.5,-1.0
second_02,clock_knight,0.759975,-12.5,18.0
second_02,wilson,0.858074,0.0,-7.0
second_02,tree_evergreen_4,0.833679,1.5,-1.0
second_02,clock_knight,0.814616,2.5,5.0
second_02,merm,0.778347,1.0,8.0
second_02,wilson,0.849875,0.5,0.0
second_02,merm,0.84056,0.5,1.0
second_02,clock_knight,0.79427,-1.0,1.0
second_02,wilson,0.884405,0.5,-1.0
second_02,merm,0.815608,-1.0,6.0
second_02,wilson,0.878026,1.0,2.0
second_02,clock_knight,0.786933,-2.0,-1.0
second_02,merm,0.751248,-5.0,29.0
second_02,clock_knight,0.122818,-27.0,-5.0
second_02,wilson,0.868884,3.5,2.0
second_02,clock_knight,0.812763,0.0,-2.0
second_02,merm,0.80865,5.0,2.0
second_02,wilson,0.83701,3.0,0.0
second_02,clock_knight,0.801762,-1.0,7.0
second_02,tree_evergreen_4,0.784611,-9.0,-4.0
second_02,merm,0.746858,2.0,7.0
second_02,clock_knight,0.887882,2.0,-2.0
second_02,wilson,0.86096,2.5,1.0
second_02,merm,0.811005,4.0,1.0
second_02,clock_rook,0.782163,4.5,-2.0
second_02,wilson,0.848101,-1.5,3.0
second_02,merm,0.809577,15.5,3.0
second_02,tree_evergreen_4,0.787807,3.0,4.0
second_02,clock_knight,0.786374,3.0,3.0
second_02,wilson,0.8645,-2.5,-1.0
second_02,clock_knight,0.799957,-2.0,-3.0
second_02,tree_evergreen_4,0.767853,2.5,4.0
second_02,merm,0.756403,5.0,12.0
second_02,wilson,0.85235,-1.5,6.0
second_02,tree_evergreen_4,0.816773,-5.0,-3.0
second_02,clock_knight,0.815244,-1.0,11.0
second_02,merm,0.613589,-4.0,-4.0
second_02,wilson,0.844934,0.5,2.0
second_02,tree_evergreen_4,0.823531,-2.0,-3.0
second_02,clock_knight,0.812719,2.0,3.0
second_02,wilson,0.848611,0.5,3.0
second_02,tree_evergreen_4,0.811044,3.5,1.0
second_02,clock_knight,0.763184,1.0,4.0
second_02,wilson,0.860487,6.5,7.0
second_02,tree_evergreen_4,0.838422,-2.0,1.0
second_02,clock_knight,0.798295,1.5,0.0
second_02,wilson,0.874162,2.0,15.0
second_02,tree_evergreen_4,0.828773,5.5,7.0
second_02,clock_knight,0.808748,1.5,5.0
second_02,wilson,0.862087,7.5,8.0
second_02,clock_bishop,0.847201,3.5,5.0
second_02,tree_evergreen_4,0.831366,6.5,1.0
second_02,wilson,0.873258,6.5,6.0
second_02,tree_evergreen_4,0.852763,7.0,1.0
second_02,clock_bishop,0.849207,0.5,4.0
second_02,wilson,0.865354,-1.0,4.0
second_02,clock_bishop,0.846083,-0.5,2.0
second_02,clock_knight,0.83464,-2.0,11.0
second_02,wilson,0.85391,-2.5,12.0
second_02,clock_bishop,0.837024,1.0,-6.0
second_02,tree_evergreen_4,0.824115,-0.5,6.0
second_02,clock_knight,0.760661,-4.0,15.0
second_02,wilson,0.853311,-3.5,1.0
second_02,clock_bishop,0.849816,-1.0,6.0
second_02,tree_evergreen_4,0.831866,8.5,10.0
second_02,clock_knight,0.795217,-2.5,3.0
second_02,wilson,0.849279,3.0,6.0
second_02,tree_evergreen_4,0.844369,6.5,14.0
second_02,clock_knight,0.808019,1.0,4.0
second_02,clock_bishop,0.803053,2.0,12.0
second_02,wilson,0.862976,3.0,2.0
second_02,tree_evergreen_4,0.842164,14.0,-5.0
second_02,wilson,0.852311,-2.5,1.0
second_02,tree_evergreen_4,0.820837,-2.5,14.0
second_02,wilson,0.863957,-0.5,12.0
second_02,tree_evergreen_4,0.85751,2.0,10.0
second_02,clock_rook,0.797965,4.0,-3.0
second_02,clock_knight,0.79589,-3.5,-4.0
second_02,tree_evergreen_4,0.871961,-2.5,-1.0
second_02,wilson,0.848957,-2.0,-1.0
second_02,clock_knight,0.806954,8.0,8.0
second_02,clock_rook,0.802259,-4.5,5.0
second_02,wilson,0.869824,-0.5,11.0
second_02,clock_bishop,0.843074,0.0,7.0
second_02,tree_evergreen_4,0.837938,0.5,-5.0
second_02,clock_rook,0.80957,-4.0,8.0
second_02,wilson,0.86737,3.0,5.0
second_02,clock_bishop,0.847724,-4.5,6.0
second_02,tree_evergreen_4,0.843139,6.0,0.0
second_02,clock_knight,0.819966,-1.5,3.0
second_02,wilson,0.867673,-3.0,3.0
second_02,tree_evergreen_4,0.852913,6.0,3.0
second_02,clock_bishop,0.819015,0.5,8.0
second_02,clock_knight,0.818085,-0.5,15.0
second_02,clock_rook,0.78119,-1.0,3.0
second_02,wilson,0.856722,-4.5,-5.0
second_02,clock_rook,0.802726,2.0,10.0
second_02,clock_knight,0.795059,-1.5,3.0
second_02,clock_bishop,0.784734,-5.0,7.0
second_02,wilson,0.841107,1.5,-2.0
second_02,clock_bishop,0.810177,-2.0,2.0
second_02,clock_knight,0.793118,-1.5,-1.0
second_02,wilson,0.860367,4.5,5.0
second_02,clock_rook,0.805955,-2.0,12.0
second_02,clock_bishop,0.803053,2.5,2.0
second_02,clock_knight,0.794692,-1.0,15.0
second_02,wilson,0.868474,-1.0,3.0
second_02,tree_evergreen_4,0.821044,3.0,6.0
second_02,clock_knight,0.799111,0.5,2.0
second_02,clock_rook,0.797582,7.5,-1.0
second_02,wilson,0.831957,3.5,10.0
second_02,tree_evergreen_4,0.819262,6.5,-2.0
second_02,clock_knight,0.818123,0.5,3.0
second_02,clock_bishop,0.813829,2.0,3.0
second_02,tree_evergreen_4,0.81801,10.0,-1.0
second_02,clock_knight,0.81645,1.0,12.0
second_02,clock_bishop,0.815565,-1.5,0.0
second_02,tree_evergreen_4,0.858883,7.0,15.0
second_02,wilson,0.857263,2.5,6.0
second_02,clock_knight,0.840198,-2.5,5.0
second_02,clock_bishop,0.807506,-1.5,-3.0
second_02,wilson,0.893525,5.0,10.0
second_02,tree_evergreen_4,0.845598,5.5,8.0
second_02,clock_rook,0.800227,-3.0,4.0
second_02,wilson,0.875519,5.5,7.0
second_02,tree_evergreen_4,0.836783,6.5,1.0
second_02,clock_bishop,0.812787,5.5,-3.0
second_02,clock_rook,0.81114,0.0,13.0
second_02,wilson,0.881003,2.5,10.0
second_02,clock_bishop,0.81386,0.5,0.0
second_02,tree_evergreen_4,0.644743,-4.5,-4.0
second_02,clock_rook,0.425743,47.5,1.0
second_02,tree_evergreen_4,0.136266,54.5,-3.0
second_02,wilson,0.875736,2.5,3.0
second_02,clock_bishop,0.823958,4.5,4.0
second_02,clock_rook,0.734181,12.5,-7.0
second_02,wilson,0.848979,1.0,0.0
second_02,tree_evergreen_4,0.836895,3.5,5.0
second_02,clock_rook,0.817412,0.5,-1.0
second_02,wilson,0.871732,2.0,-1.0
second_02,tree_evergreen_4,0.857282,9.5,9.0
second_02,clock_rook,0.831863,4.5,7.0
second_02,wilson,0.880025,5.0,14.0
second_02,tree_evergreen_4,0.851837,-3.0,-5.0
second_02,clock_rook,0.805945,0.5,3.0
second_02,wilson,0.862389,0.5,4.0
second_02,clock_bishop,0.836268,-0.5,0.0
second_02,clock_rook,0.772103,2.5,7.0
second_02,wilson,0.830325,0.0,-2.0
second_02,clock_bishop,0.802095,3.0,-9.0
second_02,clock_rook,0.793443,0.5,11.0
second_02,wilson,0.842738,-4.0,3.0
second_02,clock_bishop,0.803652,-1.0,4.0
second_02,clock_rook,0.803531,1.5,4.0
second_02,wilson,0.855947,-2.5,10.0
second_02,clock_bishop,0.85099,2.5,0.0
second_02,clock_rook,0.791644,-2.5,11.0
second_02,wilson,0.858778,0.0,2.0
second_02,clock_bishop,0.850995,-1.5,12.0
second_02,clock_rook,0.803268,0.0,7.0
second_02,wilson,0.867119,-1.0,-1.0
second_02,clock_bishop,0.835615,5.0,0.0
second_02,tree_evergreen_4,0.811155,-3.0,-2.0
second_02,clock_rook,0.803748,5.0,3.0
second_02,wilson,0.86768,-2.0,13.0
second_02,tree_evergreen_4,0.841258,1.0,4.0
second_02,clock_bishop,0.836879,-2.0,2.0
second_02,clock_rook,0.830962,-3.0,8.0
second_02,tree_evergreen_4,0.852653,-3.5,7.0
second_02,wilson,0.846527,1.0,5.0
second_02,clock_bishop,0.820596,-2.0,3.0
second_02,clock_rook,0.778623,-1.5,6.0
second_02,tree_evergreen_4,0.854069,0.0,10.0
second_02,wilson,0.839877,1.5,14.0
second_02,clock_bishop,0.832831,-2.5,15.0
second_02,clock_rook,0.81371,-1.5,-3.0
second_02,wilson,0.854627,3.0,0.0
second_02,tree_evergreen_4,0.847521,-5.0,1.0
second_02,clock_bishop,0.816054,-2.0,6.0
second_02,clock_rook,0.802633,2.5,3.0
second_02,fish,0.755244,6.5,5.0
second_02,wilson,0.842851,5.0,14.0
second_02,clock_bishop,0.819406,-4.5,4.0
second_02,fish,0.797969,6.0,14.0
second_02,tree_evergreen_4,0.753312,6.5,3.0
second_02,clock_rook,0.53682,11.5,-3.0
second_02,tree_evergreen_4,0.505554,31.5,14.0
second_02,wilson,0.873682,0.5,6.0
second_02,log,0.832715,-1.5,-2.0
second_02,clock_rook,0.805315,5.0,14.0
second_02,wilson,0.854543,2.0,2.0
second_02,clock_bishop,0.786342,-0.5,7.0
second_02,clock_rook,0.76579,6.5,29.0
second_02,wilson,0.856204,1.5,0.0
second_02,log,0.837455,2.0,1.0
second_02,clock_bishop,0.802035,0.0,9.0
second_02,wilson,0.849524,3.0,-3.0
second_02,clock_bishop,0.800933,-2.5,0.0
second_02,wilson,0.858081,-1.5,3.0
second_02,clock_bishop,0.812859,2.0,6.0
second_02,wilson,0.83878,-3.5,3.0
second_02,clock_rook,0.81762,-1.0,8.0
second_02,clock_bishop,0.81077,3.5,1.0
second_02,berry_bush,0.893266,1.0,3.0
second_02,berry_bush,0.883532,0.0,1.0
second_02,frog,0.848741,-0.5,2.0
second_02,berry_bush,0.848409,1.0,3.0
second_02,wilson,0.846147,0.5,0.0
second_02,merm,0.803402,2.0,1.0
second_02,merm,0.784692,3.5,-1.0
second_02,spider_warrior,0.75033,2.0,1.0
second_02,berry_bush,0.886895,0.0,1.0
second_02,berry_bush,0.872006,1.5,2.0
second_02,berry_bush,0.861615,2.0,0.0
second_02,wilson,0.847618,-0.5,1.0
second_02,merm,0.828633,1.5,0.0
second_02,spider_warrior,0.751012,0.0,6.0
second_02,frog,0.400996,-0.5,4.0
second_02,berry_bush,0.88982,1.0,2.0
second_02,berry_bush,0.859535,-0.5,0.0
second_02,berry_bush,0.813963,1.5,2.0
second_02,merm,0.808582,1.5,3.0
second_02,spider_warrior,0.795379,2.5,1.0
second_02,frog,0.792469,0.5,2.0
second_02,wilson,0.485369,-1.5,7.0
second_02,wilson,0.145676,5.5,2.0
second_02,berry_bush,0.89685,2.0,2.0
second_02,wilson,0.836776,1.5,7.0
second_02,merm,0.827448,0.0,-2.0
second_02,berry_bush,0.782576,-1.5,5.0
second_02,spider_warrior,0.769736,1.0,5.0
second_02,monster_meat,0.755215,-2.0,0.0
second_02,wilson,0.87073,-0.5,6.0
second_02,berry_bush,0.86474,-0.5,0.0
second_02,merm,0.839926,0.5,1.0
second_02,spider_warrior,0.784177,1.0,3.0
second_02,monster_meat,0.783154,0.5,-3.0
second_02,frog,0.720735,1.0,1.0
second_02,wilson,0.883516,0.5,2.0
second_02,berry_bush,0.875781,2.0,0.0
second_02,frog,0.817304,1.0,2.0
second_02,spider_warrior,0.70319,1.5,0.0
second_02,merm,0.561208,1.5,9.0
second_02,spider_warrior,0.383022,-0.5,2.0
second_02,spider_warrior,0.103594,-6.5,21.0
second_02,wilson,0.884667,0.5,0.0
second_02,frog,0.814855,-7.0,-4.0
second_02,berry_bush,0.810707,-0.5,0.0
second_02,spider_warrior,0.670512,1.5,0.0
second_02,merm,0.247857,0.0,25.0
second_02,spider_warrior,0.152185,-1.5,11.0
second_02,spider_warrior,0.140354,-4.5,31.0
second_02,wilson,0.852561,1.5,1.0
second_02,merm,0.839436,0.5,0.0
second_02,frog,0.806171,0.5,0.0
second_02,spider_warrior,0.727107,1.5,1.0
second_02,wilson,0.866232,1.0,3.0
second_02,frog,0.838058,0.0,3.0
second_02,merm,0.79013,2.0,0.0
second_02,monster_meat,0.772522,4.0,0.0
second_02,berry_bush,0.768634,1.0,4.0
second_02,spider_warrior,0.766794,2.5,3.0
second_02,wilson,0.872389,1.0,1.0
second_02,merm,0.848193,0.5,2.0
second_02,frog,0.844923,0.5,2.0
second_02,spider_warrior,0.789491,1.5,-2.0
second_02,wilson,0.868981,-0.5,1.0
second_02,frog,0.78949,0.5,8.0
second_02,spider_warrior,0.777595,0.5,2.0
second_02,merm,0.587834,4.5,40.0
second_02,wilson,0.861048,0.0,2.0
second_02,merm,0.843637,0.5,0.0
second_02,frog,0.832955,0.5,1.0
second_02,spider_warrior,0.759916,0.5,1.0
second_02,merm,0.849467,0.0,-1.0
second_02,wilson,0.84013,-0.5,2.0
second_02,spider_warrior,0.766465,1.5,2.0
second_02,frog,0.725254,-2.0,0.0
second_02,wilson,0.881705,0.5,0.0
second_02,frog,0.832556,1.5,0.0
second_02,spider_warrior,0.784858,0.0,1.0
second_02,wilson,0.866152,0.5,3.0
second_02,spider_warrior,0.708934,-1.5,4.0
second_02,frog,0.615327,-0.5,6.0
second_02,wilson,0.882731,1.5,1.0
second_02,merm,0.836398,1.5,0.0
second_02,monster_meat,0.777288,6.0,7.0
second_02,frog,0.716593,-0.5,2.0
second_02,wilson,0.861823,1.5,4.0
second_02,merm,0.833292,0.5,1.0
second_02,frog,0.827889,-0.5,-1.0
second_02,monster_meat,0.422915,3.5,-1.0
second_02,wilson,0.858887,3.0,0.0
second_02,frog,0.851008,1.5,4.0
second_02,wilson,0.853116,3.5,-4.0
second_02,frog,0.848075,-0.5,2.0
second_02,wilson,0.867416,1.0,-1.0
second_02,frog,0.861723,0.0,1.0
second_02,berry_bush,0.849216,1.0,1.0
second_02,berry_bush,0.865104,-0.5,1.0
second_02,wilson,0.836394,0.5,9.0
second_02,berry_bush,0.820578,0.0,2.0
second_02,frog,0.806345,0.0,0.0
second_02,berry_bush,0.891585,1.0,2.0
second_02,frog,0.83718,0.5,1.0
second_02,berry_bush,0.403219,1.5,2.0
second_02,berry_bush,0.875438,2.0,1.0
second_02,frog,0.840711,1.0,3.0
second_02,berry_bush,0.835994,0.5,1.0
second_02,morsel,0.83068,2.0,8.0
second_02,berry_bush,0.875719,1.5,1.0
second_02,berry_bush_harvested,0.874134,0.0,2.0
second_02,morsel,0.839357,4.0,3.0
second_02,frog,0.800806,-1.0,0.0
second_02,berry_bush_harvested,0.897725,0.0,0.0
second_02,wilson,0.858142,1.5,2.0
second_02,berry_bush,0.843792,2.0,-1.0
second_02,morsel,0.822361,3.0,0.0
second_02,frog,0.819098,-2.0,4.0
second_02,berry_bush_harvested,0.886022,0.5,1.0
second_02,berry_bush,0.880199,1.5,2.0
second_02,wilson,0.861358,0.0,2.0
second_02,morsel,0.818131,4.5,4.0
second_02,frog,0.397982,-4.0,1.0
second_02,berry_bush,0.882928,0.5,1.0
second_02,berry_bush_harvested,0.866987,-0.5,1.0
second_02,wilson,0.850589,-0.5,0.0
second_02,morsel,0.8395,3.5,3.0
second_02,frog,0.829424,-1.0,1.0
second_02,berry_bush,0.878206,3.0,2.0
second_02,berry_bush_harvested,0.873266,-1.5,1.0
second_02,morsel,0.866138,1.5,0.0
second_02,wilson,0.843578,-0.5,3.0
second_02,berry_bush,0.896117,0.5,1.0
second_02,berry_bush_harvested,0.879675,2.0,-1.0
second_02,wilson,0.876201,1.0,1.0
second_02,frog,0.839611,1.5,0.0
second_02,morsel,0.835353,0.5,3.0
second_02,monster_meat,0.760753,3.0,4.0
second_02,berry_bush,0.895259,0.0,1.0
second_02,berry_bush_harvested,0.878956,0.0,0.0
second_02,wilson,0.864764,1.5,1.0
second_02,morsel,0.830315,1.0,-2.0
second_02,frog,0.829414,0.5,2.0
second_02,berry_bush_harvested,0.869578,-3.0,-3.0
second_02,morsel,0.834662,2.0,5.0
second_02,wilson,0.662072,4.5,1.0
second_02,frog,0.57004,1.0,6.0
second_02,berry_bush_harvested,0.890251,-0.5,-2.0
second_02,morsel,0.823669,-0.5,4.0
second_02,frog,0.799059,-3.5,3.0
second_02,wilson,0.673662,3.5,1.0
second_02,berry_bush_harvested,0.890259,0.5,0.0
second_02,berry_bush_harvested,0.874904,-0.5,2.0
second_02,wilson,0.860538,0.5,2.0
second_02,morsel,0.846406,2.5,5.0
second_02,monster_meat,0.769368,2.0,3.0
second_02,frog,0.393949,-2.5,14.0
second_02,frog,0.202131,-5.5,10.0
second_02,wilson,0.864388,-2.0,2.0
second_02,berry_bush_harvested,0.856594,2.0,0.0
second_02,morsel,0.85644,-1.5,3.0
second_02,berry_bush_harvested,0.85596,1.5,-1.0
second_02,berry_bush_harvested,0.853156,0.5,1.0
second_02,frog,0.834183,1.0,1.0
second_02,merm,0.800464,2.0,-2.0
second_02,monster_meat,0.689476,5.0,3.0
second_02,wilson,0.859375,-1.0,4.0
second_02,frog,0.844908,0.0,1.0
second_02,berry_bush_harvested,0.837661,1.5,-1.0
second_02,merm,0.812616,1.5,1.0
second_02,monster_meat,0.753173,7.0,2.0
second_02,morsel,0.678497,2.5,3.0
second_02,wilson,0.881574,0.5,2.0
second_02,berry_bush_harvested,0.875271,0.5,3.0
second_02,berry_bush_harvested,0.861559,2.0,0.0
second_02,berry_bush_harvested,0.826146,1.5,0.0
second_02,monster_meat,0.784471,-3.5,0.0
second_02,morsel,0.767499,0.5,2.0
second_02,merm,0.729998,7.5,2.0
second_02,frog,0.307628,1.5,5.0
second_02,merm,0.150145,-11.5,10.0
second_02,wilson,0.891338,0.5,3.0
second_02,morsel,0.875358,-2.0,-2.0
second_02,berry_bush_harvested,0.872701,0.5,2.0
second_02,berry_bush_harvested,0.862065,0.5,-1.0
second_02,frog,0.801455,0.0,2.0
second_02,monster_meat,0.768999,3.5,2.0
second_02,merm,0.745366,2.5,-1.0
second_02,berry_bush_harvested,0.712036,1.5,-2.0
second_02,berry_bush_harvested,0.865225,-1.5,0.0
second_02,wilson,0.856136,0.5,1.0
second_02,morsel,0.829789,3.0,3.0
second_02,merm,0.803001,2.0,1.0
second_02,frog,0.787395,1.0,8.0
second_02,monster_meat,0.688412,5.0,5.0
second_02,berry_bush_harvested,0.880184,0.0,4.0
second_02,wilson,0.87638,0.5,3.0
second_02,merm,0.841481,-0.5,1.0
second_02,frog,0.831323,0.5,2.0
second_02,monster_meat,0.75027,-0.5,0.0
second_02,morsel,0.687635,1.0,5.0
second_02,berry_bush_harvested,0.872499,1.5,3.0
second_02,wilson,0.866379,2.0,0.0
second_02,merm,0.842374,-0.5,1.0
second_02,morsel,0.821444,4.0,4.0
second_02,frog,0.805375,-1.5,0.0
second_02,monster_meat,0.7463,1.0,2.0
second_02,berry_bush_harvested,0.864676,1.5,1.0
second_02,berry_bush_harvested,0.853462,-0.5,2.0
second_02,merm,0.835131,-0.5,0.0
second_02,wilson,0.82645,1.0,3.0
second_02,morsel,0.731201,4.0,5.0
second_02,monster_meat,0.7304,1.0,2.0
second_02,frog,0.730005,1.0,0.0
second_02,berry_bush_harvested,0.625119,3.0,6.0
second_02,wilson,0.878285,0.5,3.0
second_02,berry_bush_harvested,0.86774,0.5,1.0
second_02,berry_bush_harvested,0.860163,0.5,1.0
second_02,merm,0.849393,1.5,2.0
second_02,berry_bush_harvested,0.847577,1.5,-1.0
second_02,frog,0.830555,-2.0,0.0
second_02,morsel,0.826044,1.5,3.0
second_02,monster_meat,0.796675,-2.5,-3.0
second_02,berry_bush_harvested,0.89502,-0.5,-2.0
second_02,berry_bush_harvested,0.876336,2.0,-1.0
second_02,berry_bush_harvested,0.864396,2.0,1.0
second_02,wilson,0.85646,0.0,1.0
second_02,frog,0.843828,-2.0,3.0
second_02,merm,0.743148,1.5,4.0
second_02,wilson,0.865776,1.0,1.0
second_02,berry_bush_harvested,0.864923,0.0,0.0
second_02,berry_bush_harvested,0.847366,0.5,-1.0
second_02,berry_bush_harvested,0.840573,1.0,-1.0
second_02,morsel,0.830924,0.5,3.0
second_02,merm,0.786406,1.5,7.0
second_02,monster_meat,0.709321,6.5,5.0
second_02,frog,0.705949,2.5,0.0
second_02,wilson,0.853776,0.5,3.0
second_02,frog,0.839099,-1.0,1.0
second_02,morsel,0.833844,0.5,-2.0
second_02,merm,0.818075,-1.0,1.0
second_02,berry_bush_harvested,0.803522,0.5,-1.0
second_02,monster_meat,0.742628,-0.5,0.0
second_02,berry_bush_harvested,0.717711,0.5,-2.0
second_02,berry_bush_harvested,0.882118,0.5,-1.0
second_02,wilson,0.864002,-1.0,4.0
second_02,morsel,0.847091,2.5,1.0
second_02,merm,0.827742,0.0,1.0
second_02,monster_meat,0.793056,2.5,7.0
second_02,berry_bush_harvested,0.778727,1.5,1.0
second_02,frog,0.46662,0.5,1.0
second_02,wilson,0.884498,0.0,2.0
second_02,berry_bush_harvested,0.875636,1.5,0.0
second_02,berry_bush_harvested,0.875304,0.5,1.0
second_02,morsel,0.863391,-3.5,5.0
second_02,merm,0.822969,2.0,-2.0
second_02,frog,0.793452,-0.5,2.0
second_02,berry_bush_harvested,0.761205,1.5,-2.0
second_02,monster_meat,0.716724,2.5,6.0
second_02,wilson,0.888276,2.0,4.0
second_02,berry_bush_harvested,0.881776,1.5,0.0
second_02,berry_bush_harvested,0.866309,0.0,0.0
second_02,berry_bush_harvested,0.863543,-1.5,2.0
second_02,morsel,0.831662,0.5,3.0
second_02,frog,0.829983,0.0,1.0
second_02,merm,0.802753,0.5,-1.0
second_02,monster_meat,0.740457,-0.5,7.0
second_02,berry_bush_harvested,0.889093,1.5,0.0
second_02,berry_bush_harvested,0.887448,0.5,-1.0
second_02,wilson,0.879726,0.5,3.0
second_02,berry_bush_harvested,0.854703,0.5,-2.0
second_02,morsel,0.809819,-3.5,7.0
second_02,monster_meat,0.784272,2.5,-1.0
second_02,frog,0.747068,-6.5,17.0
second_02,merm,0.716876,1.0,1.0
second_02,berry_bush_harvested,0.897459,-1.0,0.0
second_02,berry_bush_harvested,0.874998,-0.5,2.0
second_02,frog,0.852413,0.5,3.0
second_02,wilson,0.848929,0.5,1.0
second_02,morsel,0.826269,0.5,1.0
second_02,merm,0.790448,0.5,5.0
second_02,monster_meat,0.786162,1.5,0.0
second_02,berry_bush_harvested,0.887705,2.0,1.0
second_02,berry_bush_harvested,0.883704,0.0,-2.0
second_02,wilson,0.856855,0.0,1.0
second_02,morsel,0.825194,6.0,-1.0
second_02,merm,0.795188,0.0,3.0
second_02,frog,0.792111,-1.5,6.0
second_02,monster_meat,0.75347,-2.0,0.0
second_02,berry_bush_harvested,0.882269,2.0,3.0
second_02,wilson,0.869177,0.5,2.0
second_02,berry_bush_harvested,0.865864,0.5,0.0
second_02,merm,0.827146,0.0,0.0
second_02,frog,0.815184,1.5,3.0
second_02,wilson,0.889138,0.5,2.0
second_02,berry_bush_harvested,0.881945,1.5,2.0
second_02,berry_bush_harvested,0.876511,2.0,1.0
second_02,merm,0.83184,-0.5,-1.0
second_02,frog,0.818533,-0.5,1.0
second_02,berry_bush_harvested,0.885819,2.0,2.0
second_02,berry_bush_harvested,0.872157,1.0,1.0
second_02,wilson,0.864522,0.0,5.0
second_02,morsel,0.831684,3.0,-1.0
second_02,merm,0.798657,1.5,4.0
second_02,frog,0.698716,0.0,-1.0
second_02,berry_bush_harvested,0.869825,0.0,1.0
second_02,wilson,0.859084,1.5,0.0
second_02,frog,0.858585,-1.0,-2.0
second_02,berry_bush_harvested,0.842745,0.0,2.0
second_02,merm,0.803803,-1.0,3.0
second_02,monster_meat,0.56934,5.5,-4.0
second_02,berry_bush_harvested,0.877352,1.0,1.0
second_02,berry_bush_harvested,0.859564,0.5,0.0
second_02,wilson,0.846445,2.5,3.0
second_02,frog,0.840116,-0.5,-3.0
second_02,merm,0.788578,-1.0,1.0
second_02,monster_meat,0.762208,7.0,2.0
second_02,berry_bush_harvested,0.409042,1.5,2.0
second_02,berry_bush_harvested,0.877437,0.0,0.0
second_02,wilson,0.840478,0.5,-1.0
second_02,frog,0.792014,0.0,5.0
second_02,merm,0.780538,1.5,0.0
second_02,monster_meat,0.7394,2.5,2.0
second_02,berry_bush_harvested,0.877518,1.0,-1.0
second_02,frog,0.871599,1.5,1.0
second_02,wilson,0.862465,1.5,0.0
second_02,merm,0.831638,0.0,-1.0
second_02,monster_meat,0.71987,0.5,3.0
second_02,berry_bush_harvested,0.882038,0.5,2.0
second_02,berry_bush_harvested,0.874308,0.5,0.0
second_02,morsel,0.852492,0.0,-1.0
second_02,wilson,0.841674,0.5,1.0
second_02,merm,0.834281,1.5,-1.0
second_02,monster_meat,0.710279,11.5,9.0
second_02,frog,0.627883,-1.0,11.0
second_02,frog,0.541967,8.0,12.0
second_02,frog,0.439923,10.0,17.0
second_02,berry_bush_harvested,0.884004,2.0,-1.0
second_02,berry_bush_harvested,0.863111,1.0,-2.0
second_02,wilson,0.856436,-0.5,3.0
second_02,frog,0.832307,1.5,1.0
second_02,morsel,0.829985,4.5,8.0
second_02,merm,0.823426,2.5,2.0
second_02,berry_bush_harvested,0.820945,2.5,2.0
second_02,monster_meat,0.436402,9.5,0.0
second_02,berry_bush_harvested,0.887355,2.5,0.0
second_02,wilson,0.846678,1.0,2.0
second_02,merm,0.825622,-0.5,1.0
second_02,frog,0.824481,0.0,3.0
second_02,monster_meat,0.785607,5.0,6.0
second_02,morsel,0.712204,-1.0,3.0
second_02,berry_bush_harvested,0.885888,1.0,-1.0
second_02,wilson,0.862462,-0.5,2.0
second_02,berry_bush_harvested,0.843685,0.5,0.0
second_02,berry_bush_harvested,0.837322,1.0,3.0
second_02,merm,0.827751,0.0,3.0
second_02,morsel,0.821369,1.5,0.0
second_02,frog,0.78104,1.5,0.0
second_02,monster_meat,0.634623,2.5,6.0
second_02,tree_evergreen_3,0.851296,-0.5,0.0
second_02,frog_legs,0.839101,1.0,-1.0
second_02,rock1,0.838363,3.0,1.0
second_02,rock2,0.836869,0.5,-1.0
second_02,wilson,0.830272,2.0,2.0
second_02,fish,0.825925,2.5,-2.0
second_02,rocks,0.824616,0.0,-1.0
second_02,honey,0.772402,1.0,2.0
second_02,tallbird,0.688967,-1.5,1.0
second_02,frog_legs,0.851633,0.0,2.0
second_02,rock2,0.84882,2.5,0.0
second_02,tallbird,0.838205,6.0,-1.0
second_02,tree_evergreen_3,0.836543,-1.0,-1.0
second_02,wilson,0.835905,-0.5,4.0
second_02,rocks,0.831249,0.5,2.0
second_02,fish,0.781159,3.5,3.0
second_02,honey,0.776418,1.0,0.0
second_02,rock1,0.873827,0.5,1.0
second_02,wilson,0.868572,0.5,4.0
second_02,frog_legs,0.849958,-0.5,8.0
second_02,rock2,0.846756,3.0,0.0
second_02,rocks,0.845411,1.5,3.0
second_02,tallbird,0.834867,1.5,0.0
second_02,tree_evergreen_3,0.833588,0.5,-1.0
second_02,honey,0.811443,2.0,2.0
second_02,fish,0.779743,-2.0,15.0
second_02,wilson,0.890483,0.5,2.0
second_02,frog_legs,0.866243,-2.0,-1.0
second_02,rock1,0.857982,1.5,0.0
second_02,tree_evergreen_3,0.85511,0.0,-1.0
second_02,rocks,0.846936,0.5,1.0
second_02,rock2,0.835127,1.0,2.0
second_02,tallbird,0.82377,2.0,0.0
second_02,fish,0.822736,1.0,0.0
second_02,honey,0.787617,0.5,2.0
second_02,frog_legs,0.880445,2.0,1.0
second_02,rock1,0.862903,-1.0,-1.0
second_02,wilson,0.851952,-0.5,5.0
second_02,tree_evergreen_3,0.850742,1.0,-2.0
second_02,rock2,0.84251,1.5,0.0
second_02,fish,0.828193,3.0,-1.0
second_02,honey,0.827075,0.0,2.0
second_02,tallbird,0.818568,-1.5,0.0
second_02,rocks,0.81328,-0.5,-1.0
second_02,wilson,0.860357,0.5,4.0
second_02,rock1,0.844883,0.5,-1.0
second_02,tree_evergreen_3,0.839511,2.0,0.0
second_02,rock2,0.834224,3.0,-3.0
second_02,rocks,0.828719,0.5,2.0
second_02,honey,0.824384,1.0,2.0
second_02,tallbird,0.809572,0.5,2.0
second_02,fish,0.803116,1.5,4.0
second_02,wilson,0.871549,1.0,2.0
second_02,fish,0.860131,3.5,2.0
second_02,rock2,0.828283,1.0,1.0
second_02,rock1,0.824451,1.5,-1.0
second_02,tallbird,0.822494,-1.5,3.0
second_02,tree_evergreen_3,0.819366,0.0,-3.0
second_02,wilson,0.863129,-0.5,2.0
second_02,rock1,0.844631,1.0,1.0
second_02,rock2,0.83384,0.5,3.0
second_02,tallbird,0.818313,0.0,1.0
second_02,fish,0.784538,2.5,7.0
second_02,tree_evergreen_3,0.653216,-1.5,0.0
second_02,wilson,0.846366,0.5,3.0
second_02,rock2,0.844094,0.5,3.0
second_02,tallbird,0.800522,0.5,0.0
second_02,fish,0.796683,0.0,1.0
second_02,rocks,0.76018,1.0,3.0
second_02,wilson,0.875568,0.5,0.0
second_02,tallbird,0.823852,-0.5,-3.0
second_02,fish,0.8018,0.0,4.0
second_02,rock1,0.868685,3.5,1.0
second_02,wilson,0.855278,2.5,5.0
second_02,rock2,0.840981,0.0,-1.0
second_02,tree_evergreen_3,0.833367,-0.5,-2.0
second_02,rocks,0.830982,0.5,2.0
second_02,tallbird,0.790525,0.5,2.0
second_02,rock1,0.872073,0.5,-1.0
second_02,rock2,0.854709,1.0,0.0
second_02,tree_evergreen_3,0.844202,1.5,-1.0
second_02,frog_legs,0.834926,0.5,-1.0
second_02,tallbird,0.83428,1.5,2.0
second_02,rocks,0.820284,1.0,1.0
second_02,wilson,0.81939,0.5,4.0
second_02,fish,0.804164,2.5,7.0
second_02,rock1,0.878919,0.5,-3.0
second_02,frog_legs,0.871251,1.5,2.0
second_02,wilson,0.862382,-1.0,0.0
second_02,rock2,0.857652,2.0,1.0
second_02,tree_evergreen_3,0.843024,1.5,0.0
second_02,rocks,0.829651,-0.5,3.0
second_02,honey,0.810924,0.0,5.0
second_02,fish,0.782958,4.0,3.0
second_02,tallbird,0.76898,-0.5,1.0
second_02,rock1,0.876913,1.0,1.0
second_02,wilson,0.847566,1.5,-2.0
second_02,rocks,0.846552,0.5,3.0
second_02,frog_legs,0.845255,2.0,9.0
second_02,fish,0.832242,2.5,0.0
second_02,rock2,0.831133,2.5,1.0
second_02,tree_evergreen_3,0.830669,0.5,1.0
second_02,honey,0.809562,0.0,1.0
second_02,tallbird,0.766518,3.5,3.0
second_02,rock1,0.882497,1.5,-1.0
second_02,rock2,0.865893,3.0,3.0
second_02,wilson,0.852212,2.5,3.0
second_02,tree_evergreen_3,0.842326,1.0,-1.0
second_02,rocks,0.840075,1.5,5.0
second_02,honey,0.804719,1.0,2.0
second_02,tallbird,0.792053,-3.5,4.0
second_02,fish,0.790662,4.5,3.0
second_02,wilson,0.874324,-0.5,1.0
second_02,rock1,0.871703,1.0,-2.0
second_02,rock2,0.864014,1.0,0.0
second_02,tree_evergreen_3,0.835552,-0.5,0.0
second_02,tallbird,0.815963,0.0,2.0
second_02,rocks,0.804097,0.5,0.0
second_02,fish,0.782316,5.5,-3.0
second_02,honey,0.780034,-0.5,4.0
second_02,wilson,0.878923,1.0,5.0
second_02,rock1,0.874008,1.5,-2.0
second_02,frog_legs,0.870053,-1.5,1.0
second_02,rock2,0.864351,1.0,3.0
second_02,tree_evergreen_3,0.836823,0.0,-1.0
second_02,rocks,0.795076,-0.5,4.0
second_02,honey,0.794204,0.5,0.0
second_02,tallbird,0.791221,2.0,-2.0
second_02,fish,0.779823,2.5,1.0
second_02,wilson,0.893274,2.0,1.0
second_02,frog_legs,0.851468,1.5,3.0
second_02,rock1,0.848127,-2.0,-3.0
second_02,tree_evergreen_3,0.830642,-0.5,3.0
second_02,rocks,0.808912,0.5,1.0
second_02,fish,0.803316,3.0,7.0
second_02,honey,0.797964,0.0,0.0
second_02,tallbird,0.739749,-0.5,2.0
second_02,wilson,0.887882,-0.5,0.0
second_02,rock1,0.849735,0.0,1.0
second_02,rock2,0.839176,2.5,2.0
second_02,tallbird,0.835793,0.0,3.0
second_02,honey,0.810417,-0.5,0.0
second_02,tree_evergreen_3,0.785564,-8.0,2.0
second_02,wilson,0.880871,0.5,1.0
second_02,honey,0.843725,0.5,3.0
second_02,rock2,0.840609,1.5,2.0
second_02,fish,0.836072,0.0,1.0
second_02,tallbird,0.831616,-1.5,2.0
second_02,rock1,0.810397,0.5,1.0
second_02,tree_evergreen_3,0.808832,0.5,-7.0
second_02,wilson,0.85425,1.0,0.0
second_02,tree_evergreen_3,0.837209,1.0,-1.0
second_02,honey,0.820712,1.0,2.0
second_02,tallbird,0.791857,-0.5,2.0
second_02,fish,0.788068,2.0,3.0
second_02,rock2,0.665054,-2.5,0.0
second_02,wilson,0.854587,0.5,2.0
second_02,tallbird,0.850031,-2.5,2.0
second_02,tree_evergreen_3,0.842997,0.5,-2.0
second_02,rock2,0.840194,1.5,-2.0
second_02,honey,0.808402,0.0,1.0
second_02,wilson,0.872157,0.0,2.0
second_02,rock1,0.86408,3.0,1.0
second_02,tree_evergreen_3,0.849633,1.0,0.0
second_02,rock2,0.832276,4.0,-1.0
second_02,tallbird,0.804752,3.0,-4.0
second_02,rock1,0.879061,2.0,-2.0
second_02,frog_legs,0.857882,1.0,3.0
second_02,tree_evergreen_3,0.855456,1.5,-2.0
second_02,wilson,0.839655,1.5,3.0
second_02,rock2,0.833627,1.5,2.0
second_02,rocks,0.82914,0.5,3.0
second_02,fish,0.807106,2.5,0.0
second_02,tallbird,0.787226,4.0,6.0
second_02,rock1,0.854468,2.0,1.0
second_02,tree_evergreen_3,0.850537,0.5,-2.0
second_02,wilson,0.850235,2.0,4.0
second_02,tallbird,0.841329,0.5,-1.0
second_02,rocks,0.829531,1.0,3.0
second_02,rock2,0.824526,1.5,2.0
second_02,fish,0.810769,1.5,1.0
second_02,rock1,0.880967,0.5,0.0
second_02,wilson,0.866526,0.5,1.0
second_02,rocks,0.844994,0.5,1.0
second_02,tree_evergreen_3,0.844394,1.0,-1.0
second_02,frog_legs,0.842356,1.0,2.0
second_02,honey,0.835871,0.5,2.0
second_02,fish,0.774049,2.5,1.0
second_02,tallbird,0.769906,1.0,4.0
second_02,wilson,0.891992,0.0,3.0
second_02,rock1,0.877865,1.5,-1.0
second_02,rock2,0.870582,0.5,1.0
second_02,frog_legs,0.862217,3.0,3.0
second_02,tree_evergreen_3,0.858846,-1.5,-1.0
second_02,rocks,0.835549,0.5,-1.0
second_02,fish,0.81256,1.0,1.0
second_02,tallbird,0.804002,0.5,-5.0
second_02,honey,0.790847,-0.5,1.0
second_02,wilson,0.868305,1.5,3.0
second_02,tree_evergreen_3,0.849058,0.5,2.0
second_02,rock2,0.835009,3.0,-1.0
second_02,tallbird,0.822651,17.5,24.0
second_02,honey,0.797788,1.0,2.0
second_02,wilson,0.855676,-0.5,-1.0
second_02,rock2,0.834489,2.0,0.0
second_02,rock1,0.802521,12.5,-3.0
second_02,honey,0.772446,0.5,-1.0
second_02,tallbird,0.768576,6.5,-2.0
second_02,tallbird,0.215529,-33.5,-1.0
second_02,wilson,0.888496,0.0,2.0
second_02,rock1,0.867156,0.5,0.0
second_02,rock2,0.832019,3.5,2.0
second_02,honey,0.817392,0.5,3.0
second_02,tallbird,0.643592,3.0,9.0
second_02,tallbird,0.359111,-5.0,7.0
second_02,wilson,0.851664,0.0,1.0
second_02,rock1,0.847756,1.5,0.0
second_02,rock2,0.836222,1.0,2.0
second_02,honey,0.800724,1.0,2.0
second_02,tallbird,0.74939,5.0,0.0
second_02,tree_evergreen_3,0.73693,-7.0,-9.0
second_02,fish,0.857887,1.5,3.0
second_02,rock1,0.857295,3.0,-1.0
second_02,wilson,0.842342,1.0,2.0
second_02,tree_evergreen_3,0.811693,8.0,0.0
second_02,honey,0.807563,1.5,3.0
second_02,rocks,0.805753,0.5,2.0
second_02,rock2,0.692915,0.0,2.0
second_02,tallbird,0.515587,1.0,-30.0
second_02,tallbird,0.146122,-7.0,65.0
second_02,rock1,0.884766,1.0,0.0
second_02,wilson,0.87142,0.5,3.0
second_02,rock2,0.868856,2.0,3.0
second_02,tree_evergreen_3,0.849645,2.0,-2.0
second_02,frog_legs,0.841299,1.5,4.0
second_02,honey,0.835087,1.0,1.0
second_02,tallbird,0.772137,-2.5,16.0
second_02,fish,0.741041,0.0,2.0
second_02,rocks,0.715071,2.5,7.0
second_02,frog_legs,0.870591,0.0,2.0
second_02,rock1,0.869483,2.5,-1.0
second_02,rock2,0.868536,1.5,-1.0
second_02,wilson,0.852371,0.5,5.0
second_02,tree_evergreen_3,0.831438,0.5,0.0
second_02,rocks,0.793588,-2.5,1.0
second_02,tallbird,0.769695,-1.0,1.0
second_02,fish,0.764323,10.5,6.0
second_02,rock1,0.868457,1.5,-2.0
second_02,tree_evergreen_3,0.835587,1.0,1.0
second_02,rocks,0.827572,-0.5,2.0
second_02,rock2,0.808295,-0.5,1.0
second_02,fish,0.795248,2.5,3.0
second_02,honey,0.763843,2.5,2.0
second_02,tallbird,0.733909,-21.0,-5.0
second_02,wilson,0.649457,2.5,5.0
second_02,wilson,0.840341,1.0,4.0
second_02,rock1,0.836332,1.0,0.0
second_02,tree_evergreen_3,0.834778,1.5,-1.0
second_02,honey,0.830226,0.5,3.0
second_02,fish,0.813618,0.0,5.0
second_02,tallbird,0.779132,0.5,2.0
second_02,rock2,0.519752,0.0,-6.0
second_02,rock1,0.843488,1.0,-1.0
second_02,tallbird,0.812297,3.5,-2.0
second_02,honey,0.809238,1.5,3.0
second_02,fish,0.797787,0.5,3.0
second_02,rocks,0.783443,0.5,0.0
second_02,tree_evergreen_3,0.698454,4.0,-17.0
second_02,wilson,0.882757,-1.0,1.0
second_02,rock1,0.876583,2.0,-1.0
second_02,rock2,0.854219,2.5,-2.0
second_02,tree_evergreen_3,0.8511,-0.5,-1.0
second_02,rocks,0.839633,1.5,1.0
second_02,honey,0.79584,0.0,2.0
second_02,fish,0.779919,1.5,1.0
second_02,log,0.884174,1.5,1.0
second_02,wilson,0.876116,0.5,3.0
second_02,tree_evergreen_4,0.829045,1.0,0.0
second_02,clock_bishop,0.816198,0.0,-5.0
second_02,clock_rook,0.807547,0.0,2.0
second_02,gold_nugget,0.799297,0.5,6.0
second_02,spider_warrior,0.779094,0.5,-1.0
second_02,wilson,0.858144,0.0,4.0
second_02,log,0.817728,4.0,2.0
second_02,clock_bishop,0.810575,4.0,1.0
second_02,spider_warrior,0.790784,0.5,3.0
second_02,clock_rook,0.784622,-0.5,5.0
second_02,wilson,0.871938,1.5,3.0
second_02,clock_bishop,0.827567,1.5,5.0
second_02,clock_rook,0.78786,1.5,4.0
second_02,spider_warrior,0.754745,-2.0,-2.0
second_02,wilson,0.876538,1.5,3.0
second_02,log,0.848759,-0.5,3.0
second_02,tree_evergreen_4,0.818044,1.0,4.0
second_02,clock_rook,0.803083,0.5,4.0
second_02,clock_knight,0.751166,-0.5,-1.0
second_02,spider,0.738484,-5.5,2.0
second_02,gold_nugget,0.602304,0.0,1.0
second_02,spider,0.48468,3.0,4.0
second_02,spider,0.469134,-1.0,7.0
second_02,spider,0.33865,10.0,-3.0
second_02,spider,0.280467,21.0,39.0
second_02,spider,0.258435,-15.0,12.0
second_02,spider,0.254458,39.0,31.0
second_02,spider,0.215899,19.0,6.0
second_02,clock_bishop,0.177495,4.0,-16.0
second_02,spider,0.147579,5.0,8.0
second_02,spider,0.123268,32.0,5.0
second_02,spider,0.119952,-9.0,6.0
second_02,spider,0.11718,57.0,14.0
second_02,log,0.8585,-1.0,2.0
second_02,wilson,0.838282,0.5,7.0
second_02,monster_meat,0.810408,6.0,-1.0
second_02,tree_evergreen_4,0.809225,1.0,-2.0
second_02,clock_rook,0.808224,0.0,2.0
second_02,spider,0.752288,3.5,1.0
second_02,clock_knight,0.603126,3.0,12.0
second_02,gold_nugget,0.528585,1.5,7.0
second_02,spider,0.500684,-1.5,-7.0
second_02,spider,0.424481,-6.0,-1.0
second_02,spider,0.41696,12.5,3.0
second_02,spider,0.369061,7.5,1.0
second_02,spider,0.330445,11.0,-4.0
second_02,spider,0.293148,-17.5,0.0
second_02,spider,0.207487,4.0,-19.0
second_02,spider,0.19907,16.5,-7.0
second_02,spider,0.197007,13.5,17.0
second_02,spider,0.163263,-12.0,-22.0
second_02,spider,0.144035,-0.5,27.0
second_02,spider,0.104377,8.5,-7.0
second_02,tree_evergreen_4,0.837085,-0.5,1.0
second_02,clock_rook,0.808042,0.0,4.0
second_02,wilson,0.806257,-0.5,2.0
second_02,monster_meat,0.721814,-2.5,-2.0
second_02,spider,0.702798,1.5,-1.0
second_02,clock_knight,0.588478,2.0,16.0
second_02,spider,0.471555,-17.0,5.0
second_02,spider,0.356493,-3.0,-2.0
second_02,spider,0.352422,10.0,3.0
second_02,spider_nest1,0.327156,1.0,11.0
second_02,spider,0.248907,21.0,-1.0
second_02,spider,0.234895,-10.0,-2.0
second_02,spider,0.206594,-21.0,-15.0
second_02,spider,0.17558,17.5,12.0
second_02,spider,0.153119,-15.0,-15.0
second_02,spider,0.141681,-5.0,-23.0
second_02,spider,0.130503,0.5,32.0
second_02,spider,0.107038,27.0,10.0
second_02,wilson,0.8591,-1.0,3.0
second_02,clock_rook,0.809226,2.5,3.0
second_02,monster_meat,0.75471,4.5,1.0
second_02,spider,0.654563,5.5,4.0
second_02,clock_knight,0.593888,-1.0,-3.0
second_02,spider,0.473481,17.0,13.0
second_02,spider,0.470974,-10.0,-3.0
second_02,spider,0.464438,-7.5,-1.0
second_02,gold_nugget,0.42075,2.5,6.0
second_02,spider,0.382958,1.0,5.0
second_02,spider,0.342066,-10.5,-27.0
second_02,spider,0.304805,-20.5,8.0
second_02,spider,0.286692,8.5,7.0
second_02,spider,0.281474,-12.5,-4.0
second_02,spider,0.275889,-16.5,2.0
second_02,spider,0.227328,28.5,19.0
second_02,spider,0.169359,-4.5,-4.0
second_02,spider,0.169215,-22.5,-21.0
second_02,spider,0.164862,-4.5,7.0
second_02,spider,0.145975,-24.5,-15.0
second_02,spider,0.143711,-21.5,16.0
second_02,spider,0.122723,-32.5,6.0
second_02,log,0.868797,1.0,1.0
second_02,wilson,0.837862,1.5,2.0
second_02,clock_rook,0.800062,-0.5,7.0
second_02,gold_nugget,0.724928,5.0,-1.0
second_02,monster_meat,0.664026,0.5,-1.0
second_02,spider,0.593929,3.5,12.0
second_02,spider,0.350437,22.5,-33.0
second_02,spider,0.344085,-17.0,-1.0
second_02,spider,0.320403,32.5,-25.0
second_02,spider,0.306817,43.5,-7.0
second_02,spider,0.29133,-13.0,5.0
second_02,spider,0.27991,-6.0,-13.0
second_02,spider,0.222357,1.0,4.0
second_02,clock_knight,0.209995,-7.5,-1.0
second_02,spider,0.171167,25.5,-29.0
second_02,spider,0.163325,18.0,7.0
second_02,spider,0.157357,21.0,-2.0
second_02,spider,0.152585,39.5,-22.0
second_02,wilson,0.853388,2.5,9.0
second_02,spider_nest1,0.849457,0.5,2.0
second_02,log,0.822352,0.0,0.0
second_02,tree_evergreen_4,0.786878,0.5,-3.0
second_02,clock_rook,0.75469,0.5,8.0
second_02,gold_nugget,0.748099,-1.0,4.0
second_02,monster_meat,0.704296,4.0,1.0
second_02,spider,0.436063,5.5,-14.0
second_02,wilson,0.874689,1.5,2.0
second_02,log,0.847484,1.5,2.0
second_02,gold_nugget,0.791389,1.0,5.0
second_02,clock_rook,0.78661,-2.0,1.0
second_02,tree_evergreen_4,0.737541,3.5,1.0
second_02,spider_nest1,0.680148,1.5,1.0
second_02,spider,0.617906,-2.5,8.0
second_02,spider,0.549193,2.0,6.0
second_02,spider,0.383245,14.5,-2.0
second_02,spider,0.254753,-12.0,3.0
second_02,log,0.843443,1.5,1.0
second_02,clock_knight,0.832019,2.0,7.0
second_02,wilson,0.831936,0.5,8.0
second_02,clock_bishop,0.814484,0.5,0.0
second_02,tree_evergreen_4,0.812874,-0.5,0.0
second_02,clock_rook,0.78835,2.5,5.0
second_02,gold_nugget,0.683488,0.5,6.0
second_02,monster_meat,0.675437,8.0,4.0
second_02,clock_rook,0.857286,1.5,7.0
second_02,clock_knight,0.842614,1.5,2.0
second_02,wilson,0.840511,-0.5,3.0
second_02,clock_bishop,0.802795,4.0,0.0
second_02,tree_evergreen_4,0.788895,3.0,3.0
second_02,monster_meat,0.750735,8.0,4.0
second_02,gold_nugget,0.650028,-1.0,3.0
second_02,wilson,0.84766,-1.5,1.0
second_02,clock_bishop,0.825363,3.0,1.0
second_02,clock_knight,0.815311,0.5,4.0
second_02,monster_meat,0.736435,1.5,7.0
second_02,gold_nugget,0.734582,3.5,5.0
second_02,tree_evergreen_4,0.699362,3.5,2.0
second_02,clock_rook,0.82744,2.0,2.0
second_02,clock_bishop,0.815806,-0.5,5.0
second_02,wilson,0.814148,-2.5,0.0
second_02,clock_knight,0.806882,1.5,2.0
second_02,gold_nugget,0.796671,2.0,6.0
second_02,monster_meat,0.729439,3.5,11.0
second_02,wilson,0.853947,4.0,11.0
second_02,gold_nugget,0.835323,1.0,2.0
second_02,clock_bishop,0.82317,0.5,3.0
second_02,tree_evergreen_4,0.799457,-1.5,2.0
second_02,clock_rook,0.772724,-3.5,26.0
second_02,monster_meat,0.741585,2.5,1.0
second_02,clock_knight,0.363976,-1.5,4.0
second_02,wilson,0.845666,-0.5,0.0
second_02,clock_rook,0.826891,2.0,0.0
second_02,clock_bishop,0.808254,0.5,-2.0
second_02,monster_meat,0.711747,1.5,4.0
second_02,clock_knight,0.596692,2.0,-4.0
second_02,wilson,0.841968,2.0,5.0
second_02,clock_rook,0.823717,0.5,3.0
second_02,clock_knight,0.787658,-2.5,3.0
second_02,clock_bishop,0.785071,1.5,2.0
second_02,gold_nugget,0.742106,1.0,7.0
second_02,monster_meat,0.657472,0.0,2.0
second_02,spider_nest1,0.859561,-0.5,2.0
second_02,wilson,0.834719,-1.0,6.0
second_02,tree_evergreen_4,0.832224,1.0,2.0
second_02,clock_knight,0.800516,1.5,6.0
second_02,clock_rook,0.798351,0.5,14.0
second_02,gold_nugget,0.490643,1.0,5.0
second_02,log,0.309126,-0.5,9.0
second_02,spider_nest1,0.194131,-0.5,7.0
second_02,wilson,0.854438,0.5,3.0
second_02,log,0.812479,0.5,2.0
second_02,clock_knight,0.812255,3.0,0.0
second_02,tree_evergreen_4,0.805022,3.0,1.0
second_02,clock_rook,0.802844,1.0,7.0
second_02,spider_nest1,0.800086,-1.0,0.0
second_02,gold_nugget,0.782484,0.0,1.0
second_02,clock_bishop,0.464081,1.5,22.0
second_02,wilson,0.851744,2.0,5.0
second_02,clock_rook,0.81801,-3.0,10.0
second_02,monster_meat,0.701019,6.0,-1.0
second_02,clock_knight,0.698193,-1.5,2.0
second_02,gold_nugget,0.485743,1.0,3.0
second_02,clock_knight,0.273157,-4.5,3.0
second_02,log,0.864522,0.5,2.0
second_02,wilson,0.848043,-0.5,2.0
second_02,clock_knight,0.817263,0.5,4.0
second_02,clock_bishop,0.805313,0.5,-5.0
second_02,clock_rook,0.780622,-0.5,1.0
second_02,log,0.867329,0.0,1.0
second_02,wilson,0.842785,1.0,3.0
second_02,clock_knight,0.839141,-0.5,2.0
second_02,gold_nugget,0.818616,3.5,1.0
second_02,clock_rook,0.812666,1.0,6.0
second_02,spider_nest1,0.866016,2.5,1.0
second_02,tree_evergreen_4,0.783726,1.0,2.0
second_02,wilson,0.77166,1.5,2.0
second_02,gold_nugget,0.761842,1.0,1.0
second_02,clock_bishop,0.593803,2.5,3.0
second_02,clock_knight,0.495717,1.0,6.0
second_02,wilson,0.856078,1.5,6.0
second_02,spider_nest2,0.849822,5.5,-3.0
second_02,spider_nest1,0.820296,0.0,8.0
second_02,spider_nest1,0.815012,2.5,-1.0
second_02,clock_rook,0.807802,5.0,7.0
second_02,spider_nest3,0.557699,-3.5,7.0
second_02,wilson,0.861043,2.0,2.0
second_02,spider_nest1,0.850778,-1.5,4.0
second_02,clock_rook,0.838118,3.5,-1.0
second_02,spider_nest2,0.795089,-1.0,-4.0
second_02,spider_nest3,0.70138,-2.5,4.0
second_02,spider_nest3,0.469909,-35.5,-25.0
second_02,spider_nest2,0.826241,3.0,-3.0
second_02,wilson,0.822941,1.5,3.0
second_02,clock_rook,0.803727,0.5,1.0
second_02,spider_nest1,0.74365,2.0,3.0
second_02,spider_nest1,0.740076,3.5,3.0
second_02,spider_nest3,0.392765,-2.5,5.0
second_02,spider_nest1,0.888529,0.5,3.0
second_02,log,0.847634,0.5,0.0
second_02,wilson,0.835101,-0.5,1.0
second_02,clock_rook,0.823104,0.0,4.0
second_02,monster_meat,0.813618,3.5,2.0
second_02,gold_nugget,0.804165,1.5,-1.0
second_02,tree_evergreen_4,0.800437,1.5,-1.0
second_02,tree_evergreen_4,0.824845,2.0,-1.0
second_02,monster_meat,0.8178,1.0,-1.0
second_02,wilson,0.809201,0.5,4.0
second_02,clock_rook,0.802824,2.0,3.0
second_02,clock_knight,0.796891,-0.5,-1.0
second_02,gold_nugget,0.796043,0.0,-1.0
second_02,spider_nest2,0.48615,3.5,4.0
second_02,wilson,0.228772,-16.5,14.0
second_02,clock_bishop,0.857876,-1.0,-1.0
second_02,wilson,0.857005,2.0,0.0
second_02,tree_evergreen_4,0.845202,2.5,3.0
second_02,spider_nest1,0.818933,0.0,7.0
second_02,clock_rook,0.792954,0.5,4.0
second_02,monster_meat,0.762863,-1.0,2.0
second_02,spider_nest3,0.729481,8.5,9.0
second_02,spider_nest1,0.883324,5.5,-8.0
second_02,wilson,0.839776,0.0,4.0
second_02,clock_bishop,0.833106,1.5,-4.0
second_02,log,0.736258,9.5,4.0
second_02,spider_nest3,0.692136,-7.0,2.0
second_02,clock_rook,0.646149,-8.5,3.0
second_02,log,0.282851,-7.5,6.0
second_02,log,0.857549,1.0,2.0
second_02,wilson,0.835207,0.0,4.0
second_02,gold_nugget,0.830278,3.5,-2.0
second_02,clock_rook,0.807259,3.5,3.0
second_02,spider_nest2,0.770819,4.0,8.0
second_02,spider_nest1,0.765441,2.0,-3.0
second_02,clock_bishop,0.674772,0.5,13.0
second_02,spider_nest3,0.667825,-8.0,-1.0
second_02,wilson,0.878724,1.0,3.0
second_02,spider_nest2,0.862365,1.5,3.0
second_02,log,0.830992,0.5,0.0
second_02,spider_nest1,0.818068,0.0,3.0
second_02,clock_rook,0.815611,2.5,-9.0
second_02,log,0.781384,0.5,-2.0
second_02,spider_nest1,0.722494,0.0,0.0
second_02,gold_nugget,0.546708,2.0,2.0
second_02,spider_nest1,0.892673,3.0,5.0
second_02,log,0.874454,1.5,4.0
second_02,spider_nest1,0.86082,0.5,0.0
second_02,spider_nest2,0.850004,10.0,-5.0
second_02,clock_rook,0.809497,0.0,12.0
second_02,log,0.808785,-2.0,0.0
second_02,wilson,0.775843,0.5,-2.0
second_02,spider_nest3,0.758547,-22.0,9.0
second_02,gold_nugget,0.75702,3.0,1.0
second_02,clock_bishop,0.859359,1.0,1.0
second_02,wilson,0.857121,0.5,2.0
second_02,log,0.846139,2.0,1.0
second_02,spider_nest2,0.833058,-4.5,10.0
second_02,clock_rook,0.818525,1.5,-2.0
second_02,monster_meat,0.801813,1.5,2.0
second_02,spider_nest1,0.782305,1.5,4.0
second_02,spider_nest3,0.670968,-28.5,7.0
second_02,gold_nugget,0.238915,2.0,3.0
second_02,drumstick,0.882556,1.0,-4.0
second_02,wilson,0.827675,-1.5,3.0
second_02,gobbler,0.823713,2.5,-9.0
second_02,gold_nugget,0.779492,-1.5,-3.0
second_02,drumstick,0.865031,0.5,2.0
second_02,wilson,0.849512,0.0,3.0
second_02,gobbler,0.798231,0.0,18.0
second_02,gold_nugget,0.715698,3.0,-2.0
second_02,drumstick,0.861967,0.5,-3.0
second_02,wilson,0.84638,-2.0,-1.0
second_02,gobbler,0.840052,-0.5,-2.0
second_02,gold_nugget,0.765802,1.5,3.0
second_02,drumstick,0.850601,-0.5,7.0
second_02,wilson,0.846633,-1.0,1.0
second_02,gobbler,0.842649,1.0,12.0
second_02,gold_nugget,0.705646,2.5,0.0
second_02,drumstick,0.860004,1.0,4.0
second_02,wilson,0.855953,-0.5,3.0
second_02,gobbler,0.834075,-0.5,-5.0
second_02,gold_nugget,0.580218,0.5,-5.0
second_02,wilson,0.840808,0.5,7.0
second_02,drumstick,0.836092,3.0,4.0
second_02,gobbler,0.803879,4.0,-7.0
second_02,wilson,0.850727,0.5,-2.0
second_02,drumstick,0.841927,2.0,2.0
second_02,gobbler,0.819748,1.0,3.0
second_02,gold_nugget,0.343224,2.0,6.0
second_02,wilson,0.850464,0.5,2.0
second_02,drumstick,0.84587,-3.5,0.0
second_02,gobbler,0.839035,-1.5,0.0
second_02,gold_nugget,0.713003,2.0,2.0
second_02,gobbler,0.868724,3.0,-19.0
second_02,drumstick,0.852091,-2.5,2.0
second_02,wilson,0.841498,0.0,0.0
second_02,gold_nugget,0.77598,2.5,4.0
second_02,wilson,0.876545,-1.0,4.0
second_02,gobbler,0.852398,-1.0,-17.0
second_02,drumstick,0.827613,-3.0,0.0
second_02,gold_nugget,0.790095,-1.0,4.0
second_02,gobbler,0.859696,0.5,-10.0
second_02,drumstick,0.858894,-4.0,4.0
second_02,wilson,0.856722,0.5,4.0
second_02,gold_nugget,0.762967,2.5,0.0
second_02,wilson,0.851284,0.5,-2.0
second_02,drumstick,0.842514,-1.0,7.0
second_02,gobbler,0.830752,5.5,-2.0
second_02,gold_nugget,0.806706,0.0,-2.0
second_02,wilson,0.862978,0.5,3.0
second_02,gobbler,0.839975,3.0,20.0
second_02,drumstick,0.790338,-0.5,2.0
second_02,gold_nugget,0.765947,0.5,0.0
second_02,wilson,0.873274,1.5,2.0
second_02,drumstick,0.853771,-0.5,0.0
second_02,gobbler,0.852852,-3.0,-10.0
second_02,gold_nugget,0.74072,-1.0,3.0
second_02,wilson,0.875879,0.0,3.0
second_02,drumstick,0.861416,0.0,-2.0
second_02,gobbler,0.823615,0.0,-8.0
second_02,wilson,0.875649,0.5,2.0
second_02,drumstick,0.847061,4.5,4.0
second_02,gobbler,0.827122,-5.5,10.0
second_02,drumstick,0.881976,4.5,2.0
second_02,wilson,0.852187,1.0,0.0
second_02,gobbler,0.849641,-3.5,16.0
second_02,gold_nugget,0.812884,0.5,7.0
second_02,drumstick,0.863367,1.0,6.0
second_02,wilson,0.855424,1.5,0.0
second_02,gobbler,0.850941,0.5,5.0
second_02,gold_nugget,0.819661,0.0,2.0
second_02,wilson,0.87302,1.5,2.0
second_02,gobbler,0.855269,2.5,0.0
second_02,drumstick,0.843776,1.5,2.0
second_02,gold_nugget,0.811096,0.5,0.0
second_02,gobbler,0.864459,3.0,-4.0
second_02,wilson,0.856902,1.5,2.0
second_02,drumstick,0.848422,2.5,-2.0
second_02,gold_nugget,0.788228,3.0,4.0
second_02,wilson,0.872444,0.5,1.0
second_02,drumstick,0.864079,4.0,1.0
second_02,gobbler,0.844319,0.5,2.0
second_02,gold_nugget,0.716543,0.0,2.0
second_02,wilson,0.886628,2.0,2.0
second_02,drumstick,0.848585,1.0,2.0
second_02,gobbler,0.840004,-0.5,17.0
second_02,gold_nugget,0.797552,2.5,3.0
second_02,wilson,0.871599,1.0,1.0
second_02,drumstick,0.836923,2.5,1.0
second_02,gobbler,0.833628,1.0,5.0
second_02,gold_nugget,0.76371,1.5,7.0
second_02,wilson,0.871907,1.5,3.0
second_02,gobbler,0.857585,-1.5,10.0
second_02,drumstick,0.473304,-0.5,-3.0
second_02,wilson,0.885082,0.5,5.0
second_02,gobbler,0.85287,5.0,8.0
second_02,wilson,0.892044,0.5,4.0
second_02,gobbler,0.849088,1.0,3.0
second_02,wilson,0.868701,-0.5,2.0
second_02,gobbler,0.84398,-3.0,9.0
second_02,drumstick,0.723352,-1.0,1.0
second_02,wilson,0.87057,1.0,3.0
second_02,gobbler,0.811798,-1.5,4.0
second_02,drumstick,0.292865,0.5,-1.0
second_02,wilson,0.841171,0.0,4.0
second_02,gobbler,0.815436,1.5,0.0
second_02,drumstick,0.876215,2.0,-2.0
second_02,wilson,0.845168,-1.0,1.0
second_02,gobbler,0.814081,2.0,-4.0
second_02,drumstick,0.882706,-0.5,1.0
second_02,wilson,0.847382,1.5,3.0
second_02,gobbler,0.832581,-7.0,-5.0
second_02,gold_nugget,0.77249,1.0,1.0
second_02,drumstick,0.858816,-0.5,7.0
second_02,wilson,0.852194,2.0,2.0
second_02,gobbler,0.83347,-1.0,6.0
second_02,gold_nugget,0.768344,2.0,2.0
second_02,wilson,0.870524,0.5,4.0
second_02,gobbler,0.860834,0.5,-2.0
second_02,gold_nugget,0.517981,0.0,2.0
second_02,drumstick,0.393325,2.0,4.0
second_02,wilson,0.865607,2.5,0.0
second_02,gobbler,0.859094,4.0,-5.0
second_02,drumstick,0.845271,1.0,0.0
second_02,gold_nugget,0.775104,1.5,7.0
second_02,wilson,0.890134,1.5,2.0
second_02,drumstick,0.862841,2.5,2.0
second_02,gobbler,0.831401,1.0,10.0
second_02,gold_nugget,0.646405,1.5,4.0
second_02,wilson,0.851444,1.5,3.0
second_02,drumstick,0.828962,2.0,-3.0
second_02,gobbler,0.803468,1.0,-5.0
second_02,gold_nugget,0.757786,0.5,4.0
second_02,wilson,0.89116,0.5,-1.0
second_02,drumstick,0.853188,2.0,-3.0
second_02,gobbler,0.821579,2.5,6.0
second_02,wilson,0.866466,1.5,1.0
second_02,drumstick,0.845278,-0.5,-2.0
second_02,gobbler,0.824812,0.5,-4.0
second_02,gold_nugget,0.339052,-2.0,1.0
second_02,drumstick,0.863184,3.0,-2.0
second_02,wilson,0.860173,1.5,6.0
second_02,gobbler,0.839625,1.5,-3.0
second_02,gold_nugget,0.710968,-2.5,5.0
second_02,wilson,0.880404,3.0,3.0
second_02,gobbler,0.832918,2.5,-13.0
second_02,gold_nugget,0.795775,3.0,5.0
second_02,wilson,0.864465,-0.5,2.0
second_02,drumstick,0.847527,1.5,6.0
second_02,gobbler,0.823549,-0.5,5.0
second_02,wilson,0.850455,1.0,3.0
second_02,gobbler,0.849213,6.0,11.0
second_02,drumstick,0.830534,-1.5,-3.0
second_02,wilson,0.847994,2.5,3.0
second_02,drumstick,0.847543,2.0,3.0
second_02,gobbler,0.845605,-2.5,13.0
second_02,wilson,0.863028,-0.5,1.0
second_02,drumstick,0.842873,-1.0,10.0
second_02,gobbler,0.828332,5.5,15.0
second_02,gold_nugget,0.734587,-0.5,1.0
second_02,wilson,0.856766,0.0,2.0
second_02,drumstick,0.852264,6.5,5.0
second_02,gobbler,0.794295,-0.5,2.0
second_02,gold_nugget,0.777337,1.0,2.0
second_02,drumstick,0.846344,5.5,1.0
second_02,wilson,0.843611,1.0,1.0
second_02,gold_nugget,0.819383,1.0,4.0
second_02,gobbler,0.815383,-2.0,-6.0
second_02,drumstick,0.857081,3.5,-1.0
second_02,wilson,0.841139,2.5,-1.0
second_02,gobbler,0.811688,-2.5,-8.0
second_02,gold_nugget,0.807145,0.0,-1.0
second_02,wilson,0.865097,1.0,2.0
second_02,gobbler,0.853674,-2.0,-7.0
second_02,drumstick,0.816658,5.0,3.0
second_02,gold_nugget,0.800278,-0.5,6.0
second_02,wilson,0.873636,1.0,5.0
second_02,gobbler,0.863386,-1.0,-4.0
second_02,gold_nugget,0.622576,-3.0,4.0
second_02,drumstick,0.188707,-3.0,5.0
second_02,wilson,0.876622,0.5,1.0
second_02,gobbler,0.850855,-3.0,5.0
second_02,gold_nugget,0.781923,0.0,2.0
second_02,wilson,0.869089,1.0,0.0
second_02,gobbler,0.850042,-4.0,-8.0
second_02,drumstick,0.833193,2.0,1.0
second_02,gold_nugget,0.694915,2.0,8.0
second_02,drumstick,0.862704,-1.5,-2.0
second_02,gobbler,0.854471,5.5,20.0
second_02,wilson,0.840324,-0.5,3.0
second_02,gold_nugget,0.66227,3.0,-2.0
second_02,drumstick,0.862366,0.0,4.0
second_02,wilson,0.847901,2.0,3.0
second_02,gobbler,0.823061,4.0,3.0
second_02,gold_nugget,0.748056,3.0,0.0
second_02,wilson,0.873651,2.0,3.0
second_02,drumstick,0.865551,3.5,2.0
second_02,gobbler,0.8584,2.5,5.0
second_02,gold_nugget,0.803783,0.5,2.0
second_02,wilson,0.860685,0.5,2.0
second_02,drumstick,0.851243,-1.5,-1.0
second_02,gobbler,0.839651,3.0,-5.0
second_02,gold_nugget,0.792359,-6.0,5.0
second_02,wilson,0.87276,1.5,5.0
second_02,gobbler,0.854915,2.5,15.0
second_02,drumstick,0.817592,2.5,6.0
second_02,gold_nugget,0.786599,4.0,-3.0
second_02,wilson,0.872348,2.0,2.0
second_02,drumstick,0.853259,4.0,2.0
second_02,gold_nugget,0.792955,2.5,3.0
second_02,gobbler,0.743277,4.0,13.0
second_02,gobbler,0.601243,1.0,13.0
second_05,wilson,0.898115,-1.0,5.0
second_05,grass,0.890715,3.5,6.0
second_05,sapling,0.875926,-2.5,3.0
second_05,tree_evergreen_1,0.851638,6.0,1.0
second_05,wilson,0.896829,-2.0,8.0
second_05,sapling,0.895519,2.5,0.0
second_05,grass,0.893103,1.5,0.0
second_05,tree_evergreen_1,0.828078,2.5,3.0
second_05,wilson,0.927473,-1.5,7.0
second_05,sapling,0.872246,-0.5,4.0
second_05,grass,0.853567,1.0,6.0
second_05,tree_evergreen_1,0.661254,2.0,3.0
second_05,grass,0.884905,-2.0,4.0
second_05,grass_picked,0.83427,-2.5,3.0
second_05,flint,0.823332,-2.0,2.0
second_05,wilson,0.729235,3.5,-1.0
second_05,grass,0.894997,0.5,0.0
second_05,wilson,0.893874,1.0,2.0
second_05,tree_evergreen_3,0.893317,-0.5,5.0
second_05,sapling,0.880569,-0.5,7.0
second_05,tree_evergreen_2,0.873783,2.0,9.0
second_05,tree_evergreen_2,0.869667,-1.5,5.0
second_05,tree_evergreen_2,0.861728,-2.0,5.0
second_05,sapling,0.846338,16.5,3.0
second_05,berry_bush,0.837797,0.0,-3.0
second_05,flint,0.836878,-0.5,2.0
second_05,grass_picked,0.829151,-0.5,1.0
second_05,sapling,0.825602,1.5,0.0
second_05,sapling,0.791731,-2.0,5.0
second_05,grass,0.787108,1.5,1.0
second_05,sapling,0.26145,-11.0,-17.0
second_05,wilson,0.903971,-3.5,6.0
second_05,sapling,0.897816,0.0,5.0
second_05,grass,0.89611,3.0,3.0
second_05,tree_evergreen_2,0.884016,1.0,6.0
second_05,grass,0.883314,1.0,3.0
second_05,grass,0.880604,1.5,5.0
second_05,sapling,0.873456,2.5,7.0
second_05,grass,0.871634,4.0,8.0
second_05,grass,0.868786,3.0,3.0
second_05,tree_evergreen_2,0.8653,3.0,10.0
second_05,flint,0.858479,-1.0,4.0
second_05,tree_evergreen_1,0.857854,3.5,6.0
second_05,tree_evergreen_1,0.856308,0.5,4.0
second_05,flint,0.836531,0.5,-1.0
second_05,grass,0.893948,3.0,0.0
second_05,sapling_picked,0.893735,1.5,7.0
second_05,tree_evergreen_1,0.887394,5.0,10.0
second_05,grass,0.882505,-1.0,8.0
second_05,grass,0.876852,2.0,5.0
second_05,grass,0.875337,0.0,6.0
second_05,sapling,0.872379,3.0,5.0
second_05,tree_evergreen_2,0.871448,-1.5,4.0
second_05,flint,0.869178,0.5,2.0
second_05,sapling,0.860733,0.5,3.0
second_05,flint,0.835562,0.5,5.0
second_05,wilson,0.809818,3.0,4.0
second_05,flint,0.792033,-1.0,3.0
second_05,sapling,0.914519,-0.5,4.0
second_05,berry_bush,0.90774,4.0,5.0
second_05,grass,0.891941,3.5,2.0
second_05,flint,0.886401,-1.5,0.0
second_05,sapling,0.886262,0.0,7.0
second_05,sapling_picked,0.869425,0.5,1.0
second_05,sapling,0.867383,0.0,5.0
second_05,grass,0.864744,1.5,3.0
second_05,grass_picked,0.859587,1.0,6.0
second_05,tree_evergreen_1,0.854276,3.5,-1.0
second_05,carrot_planted,0.843645,3.0,0.0
second_05,grass,0.841135,-0.5,3.0
second_05,wilson,0.833039,2.0,2.0
second_05,flint,0.790511,1.0,3.0
second_05,tree_evergreen_2,0.742037,5.0,0.0
second_05,sapling,0.902987,0.0,9.0
second_05,tree_evergreen_1,0.896341,0.0,-6.0
second_05,grass,0.895588,0.0,9.0
second_05,flint,0.890573,-1.5,7.0
second_05,grass,0.878461,-1.5,4.0
second_05,tree_evergreen_2,0.874509,-2.0,2.0
second_05,grass,0.872273,0.5,3.0
second_05,tree_evergreen_3,0.867731,1.0,-5.0
second_05,sapling_picked,0.865669,-4.5,7.0
second_05,tree_evergreen_1,0.860539,0.5,-17.0
second_05,sapling,0.860072,-1.0,3.0
second_05,tree_evergreen_2,0.857214,1.0,3.0
second_05,grass,0.844889,-1.0,7.0
second_05,grass_picked,0.821544,-2.0,5.0
second_05,grass,0.904567,2.0,3.0
second_05,tree_evergreen_1,0.892332,-1.0,2.0
second_05,tree_evergreen_3,0.885262,1.0,-4.0
second_05,grass,0.884068,2.5,5.0
second_05,grass,0.872367,-1.0,0.0
second_05,grass,0.868943,0.0,5.0
second_05,tree_evergreen_2,0.868464,-2.0,-4.0
second_05,sapling_picked,0.859111,2.5,4.0
second_05,tree_evergreen_2,0.858571,3.5,7.0
second_05,sapling_picked,0.851139,-1.0,9.0
second_05,grass,0.847589,-1.0,5.0
second_05,flint,0.840734,0.5,2.0
second_05,tree_evergreen_1,0.824684,1.0,-4.0
second_05,sapling,0.810926,16.5,5.0
second_05,grass_picked,0.787448,-3.0,6.0
second_05,sapling,0.682293,8.5,5.0
second_05,flint,0.328066,-8.0,5.0
second_05,grass,0.285006,-56.0,69.0
second_05,flint,0.191951,-2.0,4.0
second_05,grass,0.907424,0.0,7.0
second_05,tree_evergreen_1,0.903277,0.5,-5.0
second_05,tree_evergreen_3,0.890253,4.0,-2.0
second_05,flint,0.889889,-4.5,5.0
second_05,grass,0.885149,1.0,11.0
second_05,sapling_picked,0.878353,2.5,0.0
second_05,grass,0.874409,-1.5,2.0
second_05,grass,0.874386,0.5,5.0
second_05,tree_evergreen_1,0.873952,2.0,-2.0
second_05,grass,0.865502,-5.0,7.0
second_05,sapling_picked,0.862162,2.5,0.0
second_05,tree_evergreen_2,0.86179,3.5,8.0
second_05,tree_evergreen_2,0.859798,-2.0,17.0
second_05,grass_picked,0.846752,-3.0,8.0
second_05,flint,0.769241,-3.0,10.0
second_05,grass,0.667041,-54.5,68.0
second_05,grass,0.928451,-0.5,4.0
second_05,grass,0.923489,3.0,4.0
second_05,grass,0.916964,0.5,5.0
second_05,grass,0.911448,0.5,3.0
second_05,grass,0.907446,1.0,2.0
second_05,grass,0.843924,1.5,2.0
second_05,wilson,0.834108,1.5,0.0
second_05,spider,0.813528,0.5,0.0
second_05,spider,0.729619,-0.5,4.0
second_05,hound,0.703113,-12.0,-2.0
second_05,hound,0.666347,2.5,6.0
second_05,hound,0.565983,4.5,15.0
second_05,spider,0.374304,-8.5,14.0
second_05,grass,0.193086,-16.5,4.0
second_05,grass,0.900833,-1.0,4.0
second_05,grass,0.891743,-2.5,9.0
second_05,grass,0.891116,-2.0,5.0
second_05,wilson,0.889702,0.5,8.0
second_05,sapling_picked,0.888577,-1.0,5.0
second_05,tree_evergreen_1,0.8854,6.5,0.0
second_05,tree_evergreen_3,0.88488,2.0,7.0
second_05,sapling_picked,0.883743,-2.5,10.0
second_05,grass,0.879858,-1.0,5.0
second_05,tree_evergreen_2,0.870372,2.5,-5.0
second_05,sapling_picked,0.866239,1.5,3.0
second_05,flint,0.861463,-1.0,3.0
second_05,grass_picked,0.822754,-1.5,5.0
second_05,grass,0.817403,0.0,5.0
second_05,tree_evergreen_1,0.795319,2.0,2.0
second_05,tree_evergreen_2,0.408878,23.5,26.0
second_05,grass,0.907666,-1.5,1.0
second_05,tree_evergreen_1,0.902145,2.0,5.0
second_05,grass,0.896274,-1.0,6.0
second_05,grass,0.893791,2.0,5.0
second_05,grass,0.88993,1.5,5.0
second_05,sapling_picked,0.884968,4.0,3.0
second_05,tree_evergreen_3,0.875596,-0.5,0.0
second_05,tree_evergreen_2,0.873512,-3.5,-2.0
second_05,berry_bush,0.869894,0.0,1.0
second_05,grass,0.868116,4.0,5.0
second_05,sapling_picked,0.868106,-1.0,3.0
second_05,grass,0.857429,2.0,4.0
second_05,wilson,0.856453,-0.5,9.0
second_05,tree_evergreen_1,0.842377,4.0,7.0
second_05,grass_picked,0.826695,-2.0,4.0
second_05,flint,0.810758,-1.5,6.0
second_05,flint,0.773693,0.0,2.0
second_05,grass,0.765173,1.5,6.0
second_05,grass,0.702385,-43.0,71.0
second_05,wilson,0.928487,-0.5,5.0
second_05,berry_bush_harvested,0.922919,1.0,3.0
second_05,tree_evergreen_1,0.891818,-0.5,-2.0
second_05,sapling,0.888425,2.0,1.0
second_05,sapling,0.886038,3.0,4.0
second_05,grass,0.883298,2.0,3.0
second_05,sapling,0.880843,0.5,4.0
second_05,carrot_planted,0.869754,2.0,8.0
second_05,tree_evergreen_2,0.865488,-6.0,-2.0
second_05,tree_evergreen_1,0.865233,-1.0,2.0
second_05,grass,0.864646,1.5,2.0
second_05,flint,0.857701,0.0,1.0
second_05,carrot_planted,0.854883,0.5,2.0
second_05,grass_picked,0.849597,-1.5,1.0
second_05,carrot_planted,0.825571,2.5,2.0
second_05,grass_picked,0.814375,2.5,-1.0
second_05,berry_bush,0.917787,-3.0,-1.0
second_05,sapling,0.891757,-0.5,-1.0
second_05,tree_evergreen_3,0.887679,-6.0,8.0
second_05,tree_evergreen_2,0.884511,-3.0,1.0
second_05,tree_evergreen_1,0.883465,2.0,-5.0
second_05,carrot_planted,0.882203,1.0,-3.0
second_05,tree_evergreen_1,0.879133,3.5,8.0
second_05,tree_evergreen_2,0.857116,-0.5,2.0
second_05,sapling_picked,0.856226,4.0,-4.0
second_05,carrot_planted,0.803352,1.5,0.0
second_05,wilson,0.801584,0.0,1.0
second_05,carrot_planted,0.767792,-2.0,1.0
second_05,flint,0.76458,-1.0,-1.0
second_05,grass_picked,0.731765,-3.5,4.0
second_05,sapling,0.899636,-1.5,2.0
second_05,carrot_planted,0.897104,-1.5,-1.0
second_05,berry_bush,0.896435,0.5,6.0
second_05,wilson,0.888146,3.0,1.0
second_05,tree_evergreen_2,0.883711,-0.5,-1.0
second_05,tree_evergreen_3,0.883601,0.0,6.0
second_05,tree_evergreen_2,0.8674,1.0,3.0
second_05,tree_evergreen_1,0.860088,3.0,11.0
second_05,sapling_picked,0.858286,-0.5,7.0
second_05,tree_evergreen_1,0.855331,0.0,6.0
second_05,carrot_planted,0.839097,0.5,6.0
second_05,grass_picked,0.835053,-0.5,1.0
second_05,carrot_planted,0.81083,-1.5,9.0
second_05,sapling,0.899874,3.0,0.0
second_05,grass,0.898066,1.0,1.0
second_05,sapling_picked,0.890908,1.5,0.0
second_05,grass,0.882765,2.0,4.0
second_05,grass,0.876837,0.0,3.0
second_05,rock1,0.875085,-3.0,4.0
second_05,tree_evergreen_3,0.872278,3.0,10.0
second_05,tree_evergreen_2,0.87183,3.0,1.0
second_05,grass,0.870395,-1.0,4.0
second_05,grass,0.867098,2.0,1.0
second_05,tree_evergreen_1,0.864174,0.0,7.0
second_05,tree_evergreen_2,0.855289,0.0,7.0
second_05,flint,0.845184,-1.0,0.0
second_05,carrot_planted,0.838157,-0.5,0.0
second_05,wilson,0.824798,2.5,-1.0
second_05,tree_evergreen_1,0.307066,0.5,0.0
second_05,sapling,0.918407,2.0,4.0
second_05,grass,0.900023,2.5,1.0
second_05,grass,0.890806,0.5,3.0
second_05,rock1,0.889498,1.0,0.0
second_05,tree_evergreen_3,0.886826,-1.0,6.0
second_05,grass,0.879589,-0.5,3.0
second_05,grass,0.878892,0.5,0.0
second_05,carrot_planted,0.878065,1.5,-2.0
second_05,wilson,0.87767,1.5,3.0
second_05,flint,0.875027,-2.0,1.0
second_05,grass,0.870557,1.0,-1.0
second_05,tree_evergreen_2,0.870181,5.5,9.0
second_05,tree_evergreen_1,0.868337,1.5,-5.0
second_05,tree_evergreen_2,0.855763,1.0,8.0
second_05,sapling_picked,0.833669,2.0,6.0
second_05,tree_evergreen_1,0.763867,2.5,8.0
second_05,grass,0.912027,2.0,1.0
second_05,rock1,0.896999,6.5,7.0
second_05,grass,0.894698,3.0,2.0
second_05,grass,0.882461,-1.5,5.0
second_05,rock1,0.8673,8.5,6.0
second_05,grass,0.842057,5.0,4.0
second_05,grass,0.920758,1.5,6.0
second_05,grass,0.915671,0.5,3.0
second_05,grass,0.915409,1.5,5.0
second_05,grass,0.909587,1.0,4.0
second_05,grass,0.904195,2.0,1.0
second_05,hound,0.870214,4.0,1.0
second_05,spider,0.866329,0.5,-4.0
second_05,wilson,0.841937,1.5,3.0
second_05,hound,0.827346,0.5,4.0
second_05,spider,0.741712,2.0,7.0
second_05,wilson,0.904859,2.0,4.0
second_05,berry_bush,0.90273,4.5,-2.0
second_05,sapling,0.894623,-0.5,-1.0
second_05,grass,0.889637,1.5,4.0
second_05,tree_evergreen_2,0.879609,3.5,-7.0
second_05,grass,0.871742,3.5,2.0
second_05,sapling,0.829114,0.5,5.0
second_05,tree_evergreen_1,0.823394,8.5,5.0
second_05,flint,0.54841,2.0,1.0
second_05,wilson,0.926756,-0.5,0.0
second_05,sapling,0.900589,-0.5,-1.0
second_05,grass,0.896799,1.5,1.0
second_05,tree_evergreen_3,0.896349,0.0,7.0
second_05,tree_evergreen_1,0.883194,3.5,0.0
second_05,berry_bush,0.881642,1.5,-2.0
second_05,tree_evergreen_1,0.880137,-1.5,2.0
second_05,sapling,0.873162,-1.5,2.0
second_05,tree_evergreen_1,0.854193,2.5,7.0
second_05,flint,0.850219,-3.0,1.0
second_05,flint,0.840728,4.0,-4.0
second_05,carrot_planted,0.815043,0.0,3.0
second_05,flint,0.814055,-1.0,3.0
second_05,grass,0.898757,2.5,2.0
second_05,berry_bush,0.882925,2.0,1.0
second_05,sapling,0.88216,-1.5,2.0
second_05,tree_evergreen_1,0.879393,-3.0,1.0
second_05,wilson,0.876792,3.5,3.0
second_05,flint,0.859295,-2.5,1.0
second_05,carrot_planted,0.855992,-0.5,4.0
second_05,tree_evergreen_1,0.854863,-1.5,3.0
second_05,tree_evergreen_1,0.849632,0.5,5.0
second_05,flint,0.834826,-2.5,5.0
second_05,tree_evergreen_2,0.832592,0.5,3.0
second_05,flint,0.826775,-2.5,5.0
second_05,grass_picked,0.812728,0.0,0.0
second_05,flint,0.811044,-5.0,-1.0
second_05,carrot_planted,0.782588,-3.5,7.0
second_05,sapling_picked,0.870953,-0.5,4.0
second_05,berry_bush,0.863446,3.0,-2.0
second_05,tree_evergreen_1,0.861263,1.5,2.0
second_05,tree_evergreen_2,0.859326,-1.5,6.0
second_05,flint,0.856257,1.5,8.0
second_05,carrot_planted,0.853518,1.5,4.0
second_05,flint,0.850852,0.0,2.0
second_05,grass_picked,0.845161,-0.5,-2.0
second_05,tree_evergreen_1,0.842956,1.0,3.0
second_05,flint,0.828114,-5.0,0.0
second_05,sapling,0.81195,4.5,-5.0
second_05,grass_picked,0.781299,-0.5,5.0
second_05,carrot_planted,0.741298,-2.0,2.0
second_05,berry_bush_harvested,0.892793,3.5,-6.0
second_05,flint,0.890757,-0.5,1.0
second_05,sapling_picked,0.88066,2.0,5.0
second_05,tree_evergreen_2,0.880259,0.0,6.0
second_05,wilson,0.879625,1.5,3.0
second_05,tree_evergreen_1,0.872693,3.5,-6.0
second_05,tree_evergreen_1,0.869428,-3.0,0.0
second_05,tree_evergreen_1,0.867691,1.0,2.0
second_05,carrot_planted,0.867079,1.0,5.0
second_05,flint,0.86316,-4.0,-2.0
second_05,grass_picked,0.841089,-2.0,1.0
second_05,carrot_planted,0.831427,-1.0,1.0
second_05,flint,0.81045,-3.0,2.0
second_05,grass_picked,0.783509,-2.0,5.0
second_05,sapling,0.900831,2.0,0.0
second_05,tree_evergreen_2,0.889594,-3.0,7.0
second_05,carrot_planted,0.889107,0.5,-1.0
second_05,tree_evergreen_3,0.885046,0.5,0.0
second_05,tree_evergreen_2,0.882944,-1.5,-3.0
second_05,tree_evergreen_1,0.87168,0.0,2.0
second_05,carrot_planted,0.866017,0.0,0.0
second_05,sapling_picked,0.861778,2.0,-2.0
second_05,wilson,0.844826,-1.0,1.0
second_05,tree_evergreen_1,0.838329,1.5,1.0
second_05,flint,0.829623,0.0,3.0
second_05,grass_picked,0.824933,-2.5,-6.0
second_05,berry_bush_harvested,0.903424,4.0,-2.0
second_05,tree_evergreen_1,0.894285,1.0,-2.0
second_05,tree_evergreen_1,0.886145,0.5,-4.0
second_05,sapling_picked,0.883651,-0.5,1.0
second_05,tree_evergreen_2,0.882996,-4.5,2.0
second_05,sapling_picked,0.87406,1.5,-2.0
second_05,tree_evergreen_2,0.870139,-1.0,-7.0
second_05,grass_picked,0.856939,-2.0,4.0
second_05,carrot_planted,0.849497,-0.5,3.0
second_05,wilson,0.839172,-4.5,1.0
second_05,carrot_planted,0.831938,2.5,3.0
second_05,sapling_picked,0.91381,1.5,4.0
second_05,berry_bush_harvested,0.890467,1.0,-2.0
second_05,tree_evergreen_2,0.885294,0.5,8.0
second_05,tree_evergreen_1,0.880397,-0.5,-2.0
second_05,tree_evergreen_1,0.872553,-4.0,4.0
second_05,tree_evergreen_2,0.867182,-1.5,-4.0
second_05,carrot_planted,0.852696,1.5,4.0
second_05,grass_picked,0.85077,-1.5,0.0
second_05,wilson,0.847057,-3.5,-13.0
second_05,sapling_picked,0.83954,2.5,8.0
second_05,carrot_planted,0.830713,0.0,9.0
second_05,wilson,0.881759,3.5,-6.0
second_05,tree_evergreen_1,0.875231,1.0,4.0
second_05,tree_evergreen_1,0.86802,-4.0,2.0
second_05,tree_evergreen_1,0.860472,-0.5,1.0
second_05,grass_picked,0.857762,-4.0,9.0
second_05,sapling_picked,0.85148,-0.5,-1.0
second_05,carrot_planted,0.82276,-1.0,4.0
second_05,carrot_planted,0.803761,-1.5,4.0
second_05,sapling_picked,0.753934,3.0,7.0
second_05,tree_evergreen_2,0.663634,6.0,1.0
second_05,tree_evergreen_1,0.89556,-3.0,6.0
second_05,tree_evergreen_1,0.894119,-3.5,5.0
second_05,tree_evergreen_1,0.878267,1.0,0.0
second_05,sapling_picked,0.839458,-0.5,0.0
second_05,carrot_planted,0.804997,-0.5,5.0
second_05,grass_picked,0.793274,-2.0,5.0
second_05,sapling_picked,0.785225,5.5,7.0
second_05,grass_picked,0.728652,-3.5,2.0
second_05,carrot_planted,0.72546,-2.0,3.0
second_05,grass,0.912421,0.5,1.0
second_05,grass,0.912305,1.5,4.0
second_05,grass,0.909729,1.0,2.0
second_05,wilson,0.901653,0.0,7.0
second_05,grass,0.900567,1.0,3.0
second_05,grass,0.897369,0.5,5.0
second_05,hound,0.778724,-3.0,3.0
second_05,hound,0.776055,0.0,4.0
second_05,spider,0.651774,1.5,-1.0
second_05,spider,0.331561,0.5,-3.0
second_05,spider,0.112716,-11.5,8.0
second_05,grass,0.926415,1.5,1.0
second_05,grass,0.90876,0.5,1.0
second_05,grass,0.907424,0.5,2.0
second_05,grass,0.903036,1.5,5.0
second_05,grass,0.902488,2.0,0.0
second_05,wilson,0.894322,1.5,2.0
second_05,hound,0.846587,3.0,1.0
second_05,hound,0.829127,-0.5,-2.0
second_05,spider,0.781247,1.0,1.0
second_05,spider,0.767918,2.0,0.0
second_05,tree_evergreen_3,0.905216,-4.0,4.0
second_05,carrot_planted,0.890381,0.0,-1.0
second_05,wilson,0.883008,1.5,7.0
second_05,grass,0.870792,2.5,3.0
second_05,grass,0.866224,1.5,1.0
second_05,tree_evergreen_1,0.854523,-0.5,-4.0
second_05,carrot_planted,0.830299,-2.5,6.0
second_05,grass_picked,0.795291,2.0,3.0
second_05,carrot_planted,0.778768,0.0,2.0
second_05,flint,0.562973,2.0,-6.0
second_05,grass,0.91468,-0.5,2.0
second_05,grass,0.909575,-0.5,4.0
second_05,grass,0.899966,0.5,1.0
second_05,wilson,0.899687,1.5,5.0
second_05,grass,0.897531,2.0,4.0
second_05,grass,0.882074,0.0,5.0
second_05,hound,0.837354,2.5,4.0
second_05,hound,0.80052,-0.5,9.0
second_05,spider,0.799328,2.5,2.0
second_05,spider,0.717839,2.5,5.0
second_05,hound,0.133648,20.5,-15.0
second_05,tree_evergreen_3,0.891754,-1.5,1.0
second_05,grass,0.874053,0.5,1.0
second_05,tree_evergreen_1,0.86134,-4.0,1.0
second_05,wilson,0.857702,0.0,7.0
second_05,grass,0.856427,-0.5,0.0
second_05,carrot_planted,0.8331,0.5,2.0
second_05,carrot_planted,0.813366,0.5,2.0
second_05,carrot_planted,0.809583,1.5,1.0
second_05,grass_picked,0.795805,0.5,1.0
second_05,berry_bush_harvested,0.906583,2.0,2.0
second_05,grass,0.883976,-0.5,1.0
second_05,wilson,0.880252,0.0,-2.0
second_05,tree_evergreen_3,0.878298,-3.5,4.0
second_05,tree_evergreen_1,0.875696,2.5,3.0
second_05,grass,0.849017,0.5,3.0
second_05,carrot_planted,0.83495,2.0,0.0
second_05,carrot_planted,0.812902,3.0,2.0
second_05,carrot_planted,0.798095,2.0,6.0
second_05,grass_picked,0.749319,-0.5,-1.0
second_05,grass,0.915259,1.5,4.0
second_05,grass,0.9081,0.5,2.0
second_05,grass,0.904367,2.0,5.0
second_05,wilson,0.896482,2.5,3.0
second_05,grass,0.832077,5.0,-5.0
second_05,spider,0.816655,-3.5,5.0
second_05,spider,0.806365,0.5,5.0
second_05,hound,0.790622,-13.5,7.0
second_05,hound,0.734735,4.0,-3.0
second_05,berry_bush_harvested,0.925426,2.5,0.0
second_05,grass,0.896824,-0.5,1.0
second_05,wilson,0.800112,1.5,5.0
second_05,carrot_planted,0.781617,1.0,0.0
second_05,grass_picked,0.778417,1.0,-3.0
second_05,tree_evergreen_1,0.902383,-4.0,13.0
second_05,berry_bush_harvested,0.881792,5.0,0.0
second_05,grass,0.874565,2.0,2.0
second_05,carrot_planted,0.846617,-0.5,-1.0
second_05,wilson,0.828433,8.0,15.0
second_05,carrot_planted,0.801312,0.5,2.0
second_05,berry_bush,0.926019,2.0,0.0
second_05,sapling,0.8981,-0.5,3.0
second_05,grass,0.886945,-1.0,1.0
second_05,sapling,0.88229,2.5,1.0
second_05,tree_evergreen_1,0.875416,1.0,3.0
second_05,tree_evergreen_2,0.862821,0.5,-1.0
second_05,tree_evergreen_2,0.861026,-1.5,1.0
second_05,tree_evergreen_1,0.858448,-1.5,0.0
second_05,tree_evergreen_1,0.856878,0.5,5.0
second_05,sapling,0.853559,-1.5,5.0
second_05,tree_evergreen_1,0.843878,-0.5,5.0
second_05,grass,0.841341,-0.5,1.0
second_05,grass,0.897531,1.5,2.0
second_05,wilson,0.895,1.0,5.0
second_05,sapling,0.891555,0.5,3.0
second_05,sapling,0.889507,2.5,2.0
second_05,tree_evergreen_3,0.886226,3.0,-2.0
second_05,grass,0.885648,2.0,1.0
second_05,grass,0.880849,1.5,1.0
second_05,tree_evergreen_1,0.876459,-3.5,-3.0
second_05,grass,0.870355,2.0,1.0
second_05,grass,0.86973,1.5,1.0
second_05,tree_evergreen_3,0.868398,3.0,0.0
second_05,tree_evergreen_2,0.866237,-2.5,0.0
second_05,tree_evergreen_2,0.863089,-1.0,-1.0
second_05,tree_evergreen_1,0.808109,-2.0,-1.0
second_05,grass,0.923452,0.5,2.0
second_05,grass,0.906245,-0.5,0.0
second_05,grass,0.900777,0.5,2.0
second_05,tree_evergreen_3,0.899757,2.0,6.0
second_05,grass,0.897423,-0.5,1.0
second_05,tree_evergreen_3,0.896612,3.0,0.0
second_05,sapling,0.888799,0.5,4.0
second_05,tree_evergreen_2,0.886499,-1.5,11.0
second_05,tree_evergreen_1,0.877203,3.5,1.0
second_05,sapling,0.876748,0.0,1.0
second_05,grass,0.842312,0.5,2.0
second_05,wilson,0.805246,-5.0,5.0
second_05,tree_evergreen_2,0.725007,0.5,4.0
second_05,tree_evergreen_3,0.904482,7.0,2.0
second_05,tree_evergreen_1,0.90015,-0.5,4.0
second_05,tree_evergreen_3,0.897316,0.0,-5.0
second_05,sapling,0.892338,2.0,2.0
second_05,grass,0.890001,-0.5,1.0
second_05,sapling,0.88818,1.0,1.0
second_05,tree_evergreen_2,0.887915,5.0,-1.0
second_05,grass,0.884349,1.0,1.0
second_05,grass,0.884033,1.0,1.0
second_05,grass,0.874205,0.5,2.0
second_05,grass,0.873932,2.0,-2.0
second_05,wilson,0.600335,-16.5,-2.0
second_05,grass,0.920441,0.5,1.0
second_05,grass,0.899961,1.0,1.0
second_05,tree_evergreen_3,0.891298,4.5,-3.0
second_05,grass,0.886505,0.5,2.0
second_05,tree_evergreen_3,0.884352,-1.0,10.0
second_05,tree_evergreen_3,0.884099,2.5,6.0
second_05,berry_bush_harvested,0.882586,0.5,1.0
second_05,tree_evergreen_2,0.877654,0.0,-4.0
second_05,sapling,0.847203,3.5,7.0
second_05,grass,0.82851,0.5,2.0
second_05,sapling,0.711995,0.0,2.0
second_05,tree_evergreen_1,0.698497,2.0,-1.0
second_05,tree_evergreen_3,0.892549,-1.0,-5.0
second_05,grass,0.890801,1.5,1.0
second_05,sapling_picked,0.888728,1.0,5.0
second_05,tree_evergreen_3,0.886052,1.5,7.0
second_05,grass,0.88442,1.5,1.0
second_05,tree_evergreen_3,0.883935,-2.5,-7.0
second_05,wilson,0.874837,3.5,-1.0
second_05,tree_evergreen_2,0.850752,1.0,5.0
second_05,sapling,0.821348,-1.0,1.0
second_05,tree_evergreen_3,0.904399,4.5,7.0
second_05,grass,0.89853,2.0,0.0
second_05,sapling_picked,0.886654,4.0,2.0
second_05,tree_evergreen_3,0.885489,-1.0,2.0
second_05,tree_evergreen_3,0.877215,-4.5,-7.0
second_05,wilson,0.86726,2.0,-1.0
second_05,grass,0.854626,3.0,2.0
second_05,grass_picked,0.851961,1.0,3.0
second_05,sapling,0.831439,0.0,1.0
second_05,tree_evergreen_2,0.824519,-4.0,-3.0
second_05,tree_evergreen_2,0.897755,2.5,2.0
second_05,grass,0.894598,0.5,1.0
second_05,tree_evergreen_3,0.893384,-2.5,6.0
second_05,sapling_picked,0.889603,-0.5,4.0
second_05,tree_evergreen_3,0.888646,0.5,-8.0
second_05,grass,0.888161,1.5,0.0
second_05,tree_evergreen_3,0.881121,8.0,2.0
second_05,grass,0.875121,0.0,2.0
second_05,sapling_picked,0.873091,0.5,0.0
second_05,tree_evergreen_1,0.869523,0.5,-3.0
second_05,tree_evergreen_2,0.863888,3.5,6.0
second_05,grass_picked,0.836716,1.0,2.0
second_05,grass_picked,0.648591,-0.5,-1.0
second_05,grass_picked,0.109341,-13.5,-5.0
second_05,tree_evergreen_2,0.898079,1.5,0.0
second_05,tree_evergreen_3,0.897082,0.0,12.0
second_05,tree_evergreen_3,0.893068,1.0,-2.0
second_05,grass,0.893047,1.5,-1.0
second_05,sapling_picked,0.887977,0.5,5.0
second_05,sapling_picked,0.886304,1.5,0.0
second_05,grass,0.881824,0.5,0.0
second_05,tree_evergreen_3,0.878054,1.5,5.0
second_05,wilson,0.876609,-1.0,5.0
second_05,tree_evergreen_1,0.869691,-4.0,2.0
second_05,tree_evergreen_2,0.850428,2.0,7.0
second_05,grass,0.840333,1.5,4.0
second_05,grass_picked,0.803325,0.5,2.0
second_05,grass_picked,0.659372,1.5,6.0
second_05,grass_picked,0.179255,-13.5,3.0
second_05,berry_bush_harvested,0.93699,0.5,1.0
second_05,sapling_picked,0.895949,0.5,2.0
second_05,tree_evergreen_3,0.891335,0.5,-5.0
second_05,tree_evergreen_3,0.888162,2.0,3.0
second_05,tree_evergreen_1,0.884509,2.0,6.0
second_05,tree_evergreen_2,0.882081,-0.5,-3.0
second_05,tree_evergreen_2,0.872315,1.5,5.0
second_05,grass,0.869945,-0.5,2.0
second_05,tree_evergreen_1,0.85765,-2.5,8.0
second_05,sapling_picked,0.855381,0.5,4.0
second_05,sapling_picked,0.854018,5.0,5.0
second_05,tree_evergreen_1,0.845036,2.5,-1.0
second_05,grass_picked,0.832831,-0.5,3.0
second_05,grass_picked,0.820985,0.0,2.0
second_05,grass_picked,0.818569,0.0,2.0
second_05,grass_picked,0.803311,0.0,4.0
second_05,wilson,0.754393,9.0,12.0
second_05,grass_picked,0.715358,-1.5,0.0
second_05,grass,0.90854,1.5,2.0
second_05,grass,0.897469,0.5,2.0
second_05,hound,0.894759,2.0,1.0
second_05,grass,0.894147,-0.5,3.0
second_05,grass,0.867882,-0.5,3.0
second_05,wilson,0.867067,-0.5,8.0
second_05,grass,0.858831,0.5,2.0
second_05,sapling,0.851212,1.5,2.0
second_05,spider,0.444158,1.5,6.0
second_05,hound,0.391994,3.5,4.0
second_05,grass,0.358232,-0.5,21.0
second_05,spider,0.351379,-35.5,39.0
second_05,spider,0.303885,-48.5,47.0
second_05,spider,0.256416,-11.5,12.0
second_05,spider,0.14045,-26.5,24.0
second_05,hound,0.123874,-21.5,-2.0
second_05,hound,0.121064,-49.5,-5.0
second_05,spider,0.109331,9.5,11.0
second_05,grass,0.927196,0.5,4.0
second_05,grass,0.918767,3.0,2.0
second_05,sapling,0.91241,1.5,3.0
second_05,grass,0.912389,0.5,2.0
second_05,wilson,0.907622,0.5,-2.0
second_05,tree_evergreen_3,0.896776,1.5,-1.0
second_05,sapling,0.882635,-0.5,1.0
second_05,tree_evergreen_1,0.87177,-2.0,9.0
second_05,tree_evergreen_1,0.841543,-3.0,2.0
second_05,tree_evergreen_2,0.817675,-3.0,3.0
second_05,grass,0.918565,1.0,2.0
second_05,grass,0.915413,0.5,3.0
second_05,grass,0.902755,-1.0,1.0
second_05,grass,0.872677,-2.0,1.0
second_05,hound,0.858472,3.0,6.0
second_05,hound,0.85667,-1.0,1.0
second_05,sapling,0.849926,-1.0,3.0
second_05,wilson,0.840241,0.0,5.0
second_05,grass,0.824782,2.0,0.0
second_05,spider,0.569689,-2.0,-1.0
second_05,spider,0.519349,-1.0,3.0
second_05,spider,0.476069,29.0,-14.0
second_05,spider,0.144421,-24.0,3.0
second_05,tree_evergreen_3,0.886715,0.0,1.0
second_05,tree_evergreen_3,0.877791,1.5,5.0
second_05,tree_evergreen_1,0.874512,-4.0,8.0
second_05,tree_evergreen_1,0.857033,-2.0,2.0
second_05,wilson,0.839012,-1.5,2.0
second_05,sapling_picked,0.835754,-1.5,4.0
second_05,grass_picked,0.830138,1.5,2.0
second_05,sapling_picked,0.828636,1.5,0.0
second_05,sapling_picked,0.506481,8.5,-58.0
second_05,tree_evergreen_1,0.89046,-4.0,2.0
second_05,tree_evergreen_3,0.88541,-7.0,5.0
second_05,tree_evergreen_3,0.875371,4.5,-9.0
second_05,tree_evergreen_1,0.861533,1.0,0.0
second_05,wilson,0.851101,-5.0,3.0
second_05,sapling_picked,0.830791,1.0,1.0
second_05,sapling_picked,0.811521,-5.5,6.0
second_05,grass_picked,0.766225,-0.5,2.0
second_05,grass,0.908738,0.5,0.0
second_05,sapling,0.896333,-1.0,1.0
second_05,grass,0.883358,0.5,0.0
second_05,wilson,0.881074,0.5,3.0
second_05,tree_evergreen_1,0.836428,-1.0,2.0
second_05,sapling_picked,0.821065,1.0,3.0
second_05,grass,0.662011,0.0,5.0
second_05,tree_evergreen_2,0.375835,4.5,4.0
second_05,grass,0.917291,0.5,0.0
second_05,grass,0.915943,1.0,2.0
second_05,grass,0.89429,-0.5,0.0
second_05,grass,0.888968,2.5,2.0
second_05,grass,0.888393,0.5,1.0
second_05,wilson,0.888176,2.0,4.0
second_05,sapling,0.883863,1.5,3.0
second_05,tree_evergreen_3,0.876727,-1.5,-2.0
second_05,tree_evergreen_2,0.804614,-2.5,2.0
second_05,grass,0.63191,6.5,60.0
second_05,grass,0.460721,3.5,23.0
second_05,grass,0.919107,1.5,2.0
second_05,grass,0.914282,3.5,5.0
second_05,grass,0.912267,2.5,3.0
second_05,grass,0.906919,1.0,-4.0
second_05,wilson,0.899288,-0.5,3.0
second_05,grass,0.895744,0.5,1.0
second_05,sapling,0.89561,1.5,7.0
second_05,grass,0.892396,3.0,0.0
second_05,tree_evergreen_3,0.858811,-5.5,4.0
second_05,tree_evergreen_2,0.856204,1.0,-1.0
second_05,grass,0.924428,1.0,2.0
second_05,grass,0.902231,1.0,3.0
second_05,wilson,0.8949,3.0,5.0
second_05,tree_evergreen_3,0.876333,-3.5,-2.0
second_05,grass,0.847289,-1.5,-2.0
second_05,grass,0.782927,1.5,9.0
second_05,tree_evergreen_2,0.774261,-3.5,0.0
second_05,grass,0.898808,0.5,2.0
second_05,grass,0.896823,0.5,2.0
second_05,sapling_picked,0.890112,-0.5,2.0
second_05,wilson,0.889795,2.0,6.0
second_05,grass,0.885626,-1.5,2.0
second_05,grass_picked,0.859888,-0.5,6.0
second_05,grass,0.853076,3.0,7.0
second_05,grass,0.838106,1.0,0.0
second_05,grass,0.818054,4.0,-1.0
second_05,tree_evergreen_2,0.40184,4.0,1.0
second_05,grass,0.281853,6.0,11.0
second_05,grass,0.91581,1.5,2.0
second_05,grass,0.91385,0.5,2.0
second_05,grass,0.877024,1.5,5.0
second_05,wilson,0.871382,2.5,4.0
second_05,grass,0.832666,1.5,3.0
second_05,grass_picked,0.819394,-0.5,1.0
second_05,grass,0.813567,4.0,-5.0
second_05,grass_picked,0.796735,-1.5,0.0
second_05,grass,0.497053,7.5,51.0
second_05,grass,0.374571,12.5,83.0
second_05,grass,0.888256,1.5,-4.0
second_05,grass,0.884354,-0.5,-8.0
second_05,grass,0.876964,-0.5,4.0
second_05,grass,0.86745,-0.5,0.0
second_05,wilson,0.839894,-0.5,4.0
second_05,grass,0.836318,0.5,0.0
second_05,grass_picked,0.812137,-2.5,3.0
second_05,grass_picked,0.757979,0.0,2.0
second_05,grass,0.59513,38.5,72.0
second_05,grass,0.270561,30.5,68.0
second_05,grass,0.910295,2.5,3.0
second_05,grass,0.908316,0.5,3.0
second_05,grass,0.906642,0.5,2.0
second_05,grass,0.891705,1.5,1.0
second_05,grass,0.884809,2.5,2.0
second_05,wilson,0.875554,1.5,4.0
second_05,grass,0.920054,1.0,3.0
second_05,grass,0.911777,0.5,2.0
second_05,grass,0.910951,0.5,3.0
second_05,grass,0.910037,1.5,6.0
second_05,wilson,0.879536,1.5,5.0
second_05,grass,0.91454,-1.5,1.0
second_05,grass,0.899038,0.5,-3.0
second_05,grass,0.888879,1.0,3.0
second_05,wilson,0.886349,2.5,3.0
second_05,grass,0.916728,2.0,0.0
second_05,grass,0.897036,-1.5,2.0
second_05,sapling,0.895689,0.5,3.0
second_05,grass,0.877975,2.5,4.0
second_05,spider,0.8625,2.0,0.0
second_05,wilson,0.851018,1.5,-1.0
second_05,grass,0.907975,0.5,2.0
second_05,grass,0.906815,-0.5,3.0
second_05,grass,0.894215,0.5,4.0
second_05,wilson,0.886637,-0.5,8.0
second_05,grass,0.881454,0.5,1.0
second_05,grass,0.909606,1.0,2.0
second_05,grass,0.908297,-0.5,3.0
second_05,grass,0.891965,2.0,2.0
second_05,wilson,0.86627,2.5,-2.0
second_05,grass,0.913491,2.0,3.0
second_05,grass,0.91324,0.5,2.0
second_05,grass,0.900949,1.5,1.0
second_05,wilson,0.898384,0.0,7.0
second_05,grass,0.896791,2.5,2.0
second_05,grass,0.893469,0.0,1.0
second_05,grass,0.891365,0.5,0.0
second_05,grass,0.927435,1.5,3.0
second_05,grass,0.915986,0.0,0.0
second_05,grass,0.912151,1.0,0.0
second_05,grass,0.908193,1.5,3.0
second_05,grass,0.904461,0.5,2.0
second_05,grass,0.902692,-0.5,1.0
second_05,grass,0.896899,2.0,2.0
second_05,wilson,0.89126,-2.5,7.0
second_05,grass,0.914444,0.5,0.0
second_05,grass,0.911418,1.5,4.0
second_05,grass,0.908577,1.0,2.0
second_05,grass,0.908564,2.0,1.0
second_05,grass,0.906024,1.0,4.0
second_05,grass,0.903541,3.0,3.0
second_05,grass,0.896075,0.0,2.0
second_05,grass,0.884724,1.0,1.0
second_05,wilson,0.857795,3.0,-6.0
second_05,grass,0.914272,-2.0,3.0
second_05,grass,0.911049,1.0,2.0
second_05,wilson,0.897943,-1.5,-2.0
second_05,grass,0.889769,6.0,3.0
second_05,grass,0.884291,0.5,2.0
second_05,grass,0.572481,57.0,63.0
second_05,wilson,0.858382,2.0,-1.0
second_05,wilson,0.895191,0.5,1.0
second_05,tree_evergreen_3,0.910287,-0.5,7.0
second_05,sapling,0.891511,1.5,2.0
second_05,tree_evergreen_2,0.887184,-3.0,1.0
second_05,sapling,0.882957,1.0,-1.0
second_05,tree_evergreen_1,0.818329,1.5,3.0
second_05,carrot_planted,0.726029,2.0,2.0
second_05,tree_evergreen_3,0.900263,-2.5,2.0
second_05,sapling,0.895305,2.5,2.0
second_05,tree_evergreen_1,0.890252,0.5,6.0
second_05,tree_evergreen_2,0.872352,1.5,5.0
second_05,tree_evergreen_1,0.865156,-1.0,2.0
second_05,tree_evergreen_2,0.863398,2.0,3.0
second_05,sapling,0.844759,1.0,0.0
second_05,flint,0.834631,-1.0,2.0
second_05,sapling,0.82581,2.5,8.0
second_05,carrot_planted,0.799079,2.0,1.0
second_05,wilson,0.912726,2.5,5.0
second_05,tree_evergreen_1,0.910451,-2.0,-2.0
second_05,tree_evergreen_3,0.900957,-0.5,7.0
second_05,tree_evergreen_1,0.890977,1.5,-1.0
second_05,sapling_picked,0.88473,1.0,1.0
second_05,sapling,0.881603,3.0,5.0
second_05,flint,0.857402,1.0,1.0
second_05,tree_evergreen_2,0.848869,3.5,-1.0
second_05,sapling,0.846879,1.0,6.0
second_05,tree_evergreen_2,0.839238,3.5,-6.0
second_05,carrot_planted,0.820903,2.0,4.0
second_05,flint,0.773893,-1.0,10.0
second_05,sapling_picked,0.895476,0.5,2.0
second_05,tree_evergreen_3,0.889324,0.0,-4.0
second_05,tree_evergreen_2,0.862708,1.0,2.0
second_05,flint,0.854076,1.5,1.0
second_05,tree_evergreen_2,0.834632,-4.0,-4.0
second_05,sapling,0.826198,6.0,4.0
second_05,sapling,0.824741,1.0,2.0
second_05,wilson,0.776952,3.5,2.0
second_05,tree_evergreen_1,0.731211,2.5,-4.0
second_05,sapling_picked,0.900108,0.5,3.0
second_05,tree_evergreen_2,0.866171,-2.0,-4.0
second_05,wilson,0.864091,1.5,11.0
second_05,grass,0.850225,0.5,1.0
second_05,sapling_picked,0.849302,3.0,-2.0
second_05,sapling,0.800201,5.5,2.0
second_05,flint,0.309015,-3.5,2.0
second_05,sapling_picked,0.894548,1.5,2.0
second_05,tree_evergreen_2,0.866776,-2.5,2.0
second_05,sapling_picked,0.853479,-1.0,3.0
second_05,grass,0.850098,1.0,4.0
second_05,wilson,0.818457,1.0,4.0
second_05,wilson,0.889592,0.0,-1.0
second_05,sapling_picked,0.641544,-4.0,5.0
second_05,wilson,0.888106,-0.5,2.0
second_05,wilson,0.901663,-0.5,0.0
second_05,wilson,0.887411,-5.5,-1.0
second_05,wilson,0.879115,0.0,2.0
second_05,rock1,0.900697,0.5,-5.0
second_05,tree_evergreen_3,0.872931,1.5,5.0
second_05,tree_evergreen_1,0.863901,2.0,-3.0
second_05,tree_evergreen_2,0.863793,0.0,0.0
second_05,wilson,0.857624,-3.0,-10.0
second_05,rock1,0.899751,0.0,2.0
second_05,wilson,0.89637,1.5,4.0
second_05,grass,0.896208,1.5,2.0
second_05,tree_evergreen_3,0.862898,-3.0,1.0
second_05,tree_evergreen_1,0.846093,-4.5,-1.0
second_05,tree_evergreen_2,0.832077,3.0,3.0
second_05,wilson,0.88038,1.5,2.0
second_05,grass,0.876907,0.5,0.0
second_05,tree_evergreen_1,0.838304,-1.5,-2.0
second_05,wilson,0.88924,2.0,3.0
second_05,sapling,0.900566,-0.5,3.0
second_05,wilson,0.896735,-1.5,5.0
second_05,sapling,0.891804,1.5,2.0
second_05,sapling,0.887276,2.0,6.0
second_05,wilson,0.903534,3.0,5.0
second_05,sapling,0.895242,1.5,2.0
second_05,grass,0.929186,2.0,5.0
second_05,wilson,0.911224,1.5,3.0
second_05,grass,0.92278,2.0,1.0
second_05,grass,0.910671,0.0,3.0
second_05,sapling,0.906867,0.0,3.0
second_05,grass,0.903946,0.5,2.0
second_05,wilson,0.889731,-1.0,1.0
second_05,grass,0.908959,2.0,0.0
second_05,wilson,0.898245,1.5,1.0
second_05,grass,0.913608,0.5,2.0
second_05,wilson,0.88975,0.5,5.0
second_05,grass,0.906879,-0.5,-2.0
second_05,grass,0.906191,0.5,3.0
second_05,wilson,0.874838,0.5,4.0
second_05,grass,0.896524,0.5,2.0
second_05,wilson,0.891511,2.5,1.0
second_05,grass,0.913411,0.0,1.0
second_05,wilson,0.879111,1.5,1.0
second_05,grass,0.926423,1.5,0.0
second_05,grass,0.875746,3.5,0.0
second_05,wilson,0.873122,2.5,3.0
second_05,grass,0.815945,-0.5,3.0
second_05,grass,0.917918,2.0,2.0
second_05,grass,0.907808,-0.5,4.0
second_05,grass,0.903726,1.0,2.0
second_05,grass,0.900874,2.0,0.0
second_05,wilson,0.86475,-0.5,-5.0
second_05,grass,0.914095,0.5,3.0
second_05,grass,0.913226,1.5,3.0
second_05,grass,0.90547,1.5,1.0
second_05,grass,0.900459,2.0,2.0
second_05,wilson,0.864106,4.5,3.0
second_05,grass,0.909526,1.5,3.0
second_05,grass,0.886731,0.0,-1.0
second_05,wilson,0.881853,-0.5,-2.0
second_05,grass,0.878251,3.5,3.0
second_05,grass,0.91431,0.5,4.0
second_05,grass,0.898546,3.0,3.0
second_05,grass,0.897561,0.5,2.0
second_05,wilson,0.869536,-2.0,2.0
second_05,wilson,0.873934,-2.5,2.0
second_05,grass,0.930652,0.5,2.0
second_05,grass,0.92208,1.5,2.0
second_05,wilson,0.849626,2.0,0.0
second_05,grass,0.915108,0.5,3.0
second_05,grass,0.909849,2.0,2.0
second_05,grass,0.909832,1.0,1.0
second_05,grass,0.90982,0.5,3.0
second_05,rock2,0.903638,0.0,0.0
second_05,wilson,0.849764,-8.0,9.0
second_05,rock2,0.912419,-1.0,1.0
second_05,grass,0.907259,2.0,1.0
second_05,grass,0.89184,0.0,1.0
second_05,wilson,0.868309,0.0,5.0
second_05,grass,0.836096,2.0,4.0
second_05,tallbird,0.725745,3.5,-26.0
second_05,grass,0.932004,0.5,3.0
second_05,grass,0.920669,-0.5,1.0
second_05,grass,0.913373,0.5,3.0
second_05,rock2,0.894278,0.5,-4.0
second_05,wilson,0.883295,0.0,-2.0
second_05,tallbird,0.596726,-1.5,-10.0
second_05,grass,0.916405,1.0,3.0
second_05,grass,0.913931,-0.5,5.0
second_05,wilson,0.846703,-1.5,-1.0
second_05,grass,0.905278,0.5,3.0
second_05,grass,0.898571,2.5,4.0
second_05,grass,0.891403,1.5,4.0
second_05,grass,0.891185,-1.5,0.0
second_05,wilson,0.890822,3.5,4.0
second_05,sapling,0.882199,2.0,5.0
second_05,grass,0.879709,-1.0,8.0
second_05,grass,0.871989,0.5,2.0
second_05,tree_evergreen_1,0.828362,-3.0,6.0
second_05,tree_evergreen_1,0.811195,3.5,7.0
second_05,tree_evergreen_1,0.801471,-1.5,1.0
second_05,tree_evergreen_3,0.617848,-8.0,-3.0
second_05,grass,0.917749,2.0,4.0
second_05,grass,0.907279,0.5,0.0
second_05,grass,0.874811,2.5,2.0
second_05,sapling,0.859187,5.5,2.0
second_05,grass,0.849264,1.0,-4.0
second_05,wilson,0.82649,1.5,0.0
second_05,hound,0.768985,1.0,-5.0
second_05,grass,0.92499,1.5,1.0
second_05,grass,0.913104,0.5,0.0
second_05,grass,0.900152,1.5,2.0
second_05,wilson,0.854691,5.5,-1.0
second_05,grass,0.915552,0.5,2.0
second_05,grass,0.909837,0.5,2.0
second_05,grass,0.899964,3.0,3.0
second_05,wilson,0.894095,3.0,-1.0
second_05,grass,0.914073,1.0,4.0
second_05,grass,0.908489,2.5,1.0
second_05,grass,0.892026,-0.5,3.0
second_05,wilson,0.878879,3.5,7.0
second_05,grass,0.913215,0.5,2.0
second_05,wilson,0.885959,6.5,4.0
second_05,grass,0.91375,2.0,4.0
second_05,wilson,0.857371,1.0,6.0
second_05,grass,0.900292,0.5,0.0
second_05,wilson,0.875686,3.5,5.0
second_05,grass,0.914771,1.0,1.0
second_05,grass,0.914461,0.5,5.0
second_05,grass,0.88387,1.0,2.0
second_05,hound,0.88301,0.5,19.0
second_05,sapling,0.850759,6.0,3.0
second_05,wilson,0.844441,1.5,1.0
second_05,grass,0.812139,1.0,8.0
second_05,spider,0.638556,0.5,5.0
second_05,hound,0.332218,3.0,4.0
second_05,grass,0.911667,0.0,1.0
second_05,grass,0.908085,1.0,2.0
second_05,grass,0.89731,0.5,1.0
second_05,grass,0.860119,-0.5,-2.0
second_05,grass,0.848134,1.0,1.0
second_05,wilson,0.845749,2.0,1.0
second_05,grass,0.909245,2.0,1.0
second_05,grass,0.905682,0.5,3.0
second_05,grass,0.892962,2.5,1.0
second_05,grass,0.884501,0.0,4.0
second_05,wilson,0.853603,0.0,2.0
second_05,grass,0.923953,1.5,3.0
second_05,grass,0.922885,0.5,4.0
second_05,grass,0.916937,1.0,4.0
second_05,grass,0.91503,-0.5,2.0
second_05,grass,0.894902,0.5,5.0
second_05,wilson,0.85499,-1.0,5.0
second_05,grass,0.916004,1.5,1.0
second_05,grass,0.91514,1.0,0.0
second_05,grass,0.911969,2.0,0.0
second_05,wilson,0.848297,4.0,4.0
second_05,wilson,0.893988,-0.5,9.0
second_05,grass,0.920455,3.0,4.0
second_05,grass,0.891952,1.5,2.0
second_05,grass,0.883322,2.5,3.0
second_05,sapling,0.877776,1.5,-1.0
second_05,hound,0.804959,1.5,-5.0
second_05,grass,0.773094,0.5,6.0
second_05,wilson,0.70492,6.0,4.0
second_05,hound,0.646086,-3.0,-3.0
second_05,spider,0.348465,-8.0,-6.0
second_05,spider,0.229124,16.5,8.0
second_05,grass,0.91907,1.5,4.0
second_05,grass,0.910381,0.5,2.0
second_05,wilson,0.86562,1.0,2.0
second_05,grass,0.853136,1.5,3.0
second_05,grass,0.918396,0.5,1.0
second_05,grass,0.915765,1.0,4.0
second_05,wilson,0.896897,0.0,4.0
second_05,grass,0.895729,1.0,2.0
second_05,wilson,0.891317,0.0,1.0
second_05,rock2,0.825844,-2.5,6.0
second_05,flint,0.801713,-0.5,4.0
second_05,grass,0.909977,-1.5,5.0
second_05,grass,0.909931,1.0,1.0
second_05,grass,0.863327,1.0,-1.0
second_05,wilson,0.860246,2.5,0.0
second_05,flint,0.813031,-2.5,4.0
second_05,grass,0.912367,-0.5,3.0
second_05,wilson,0.884734,2.0,5.0
second_05,tree_evergreen_2,0.548078,6.5,6.0
second_05,grass,0.923395,2.0,1.0
second_05,grass,0.914468,1.5,1.0
second_05,wilson,0.866743,0.0,4.0
second_05,grass,0.919552,0.5,5.0
second_05,grass,0.906198,2.0,2.0
second_05,sapling,0.89785,-1.5,2.0
second_05,grass,0.88681,2.5,7.0
second_05,wilson,0.886216,0.5,6.0
second_05,grass,0.872223,-0.5,7.0
second_05,spider,0.747157,0.0,3.0
second_05,hound,0.729728,1.5,4.0
second_05,hound,0.446058,14.0,3.0
second_05,hound,0.373121,-4.0,3.0
second_05,hound,0.251748,6.0,15.0
second_05,hound,0.191368,13.5,-15.0
second_05,hound,0.17308,-4.0,20.0
second_05,hound,0.121748,-16.5,-5.0
second_05,hound,0.121209,37.0,10.0
second_05,grass,0.871128,1.0,3.0
second_05,wilson,0.845,-1.0,3.0
second_05,sapling_picked,0.832838,2.0,6.0
second_05,tree_evergreen_2,0.712401,0.0,-1.0
second_05,wilson,0.889984,1.5,2.0
second_05,tree_evergreen_2,0.608699,0.5,10.0
second_05,sapling_picked,0.293005,-3.5,4.0
second_05,sapling,0.897395,0.0,1.0
second_05,wilson,0.864527,1.5,4.0
second_05,wilson,0.886837,-0.5,2.0
second_05,tree_evergreen_2,0.100534,-5.5,4.0
second_05,sapling,0.915489,0.5,4.0
second_05,sapling,0.895229,1.0,3.0
second_05,grass,0.893798,1.0,1.0
second_05,berry_bush_harvested,0.889193,4.0,6.0
second_05,grass,0.888748,0.5,2.0
second_05,grass,0.885931,-0.5,2.0
second_05,wilson,0.875917,0.0,-1.0
second_05,tree_evergreen_3,0.822895,3.0,0.0
second_05,tree_evergreen_2,0.71157,-1.0,4.0
second_05,grass,0.912307,1.0,3.0
second_05,grass,0.894744,2.5,0.0
second_05,berry_bush_harvested,0.888493,3.0,2.0
second_05,sapling,0.874079,2.5,2.0
second_05,sapling,0.869681,0.5,1.0
second_05,sapling,0.524673,23.0,5.0
second_05,tree_evergreen_1,0.388835,4.5,13.0
second_05,sapling,0.905038,1.0,5.0
second_05,grass,0.891707,0.5,2.0
second_05,sapling,0.884131,2.0,4.0
second_05,grass,0.876063,2.0,7.0
second_05,sapling_picked,0.855184,2.0,2.0
second_05,wilson,0.851744,1.5,-1.0
second_05,tree_evergreen_3,0.83651,3.5,8.0
second_05,tree_evergreen_2,0.78681,4.0,22.0
second_05,tree_evergreen_2,0.769292,5.0,-1.0
second_05,grass_picked,0.65882,0.5,0.0
second_05,sapling_picked,0.540135,-1.5,0.0
second_05,sapling,0.898484,2.0,4.0
second_05,grass,0.887316,0.0,-1.0
second_05,sapling_picked,0.873892,2.5,1.0
second_05,tree_evergreen_3,0.827362,6.5,10.0
second_05,tree_evergreen_2,0.821436,2.5,11.0
second_05,tree_evergreen_2,0.789914,-3.0,-3.0
second_05,grass_picked,0.458362,-2.5,0.0
second_05,sapling_picked,0.416764,-0.5,-2.0
second_05,grass,0.913901,0.5,1.0
second_05,sapling,0.904745,1.0,1.0
second_05,grass,0.883048,-2.5,4.0
second_05,grass,0.875351,-1.0,3.0
second_05,wilson,0.872015,1.0,4.0
second_05,grass,0.85482,0.5,9.0
second_05,grass,0.834798,-3.0,-3.0
second_05,tree_evergreen_3,0.826007,3.0,0.0
second_05,grass,0.72883,-6.5,-1.0
second_05,grass,0.544538,12.0,11.0
second_05,grass,0.901027,0.0,7.0
second_05,sapling,0.890108,2.0,3.0
second_05,grass,0.88048,-0.5,6.0
second_05,grass,0.879067,2.0,2.0
second_05,wilson,0.872613,0.5,2.0
second_05,tree_evergreen_1,0.870113,0.5,3.0
second_05,tree_evergreen_3,0.862941,3.0,2.0
second_05,grass,0.841629,2.5,2.0
second_05,tree_evergreen_3,0.81033,4.5,-4.0
second_05,berry_bush,0.152375,-0.5,4.0
second_05,sapling,0.892699,-0.5,2.0
second_05,grass,0.892503,1.5,4.0
second_05,grass,0.891053,0.5,1.0
second_05,tree_evergreen_1,0.8735,1.5,0.0
second_05,wilson,0.859861,5.0,11.0
second_05,tree_evergreen_3,0.846214,1.5,5.0
second_05,tree_evergreen_3,0.778986,3.0,10.0
second_05,grass,0.415984,-70.5,-56.0
second_05,grass,0.898528,1.5,2.0
second_05,tree_evergreen_1,0.895127,1.0,4.0
second_05,sapling,0.892603,0.5,2.0
second_05,grass,0.8875,1.5,1.0
second_05,grass,0.878929,1.5,-1.0
second_05,tree_evergreen_3,0.839276,5.0,9.0
second_05,wilson,0.751706,-2.5,3.0
second_05,grass,0.908355,-0.5,4.0
second_05,sapling,0.891292,2.5,2.0
second_05,grass,0.888474,0.5,5.0
second_05,tree_evergreen_1,0.857094,2.5,5.0
second_05,berry_bush_harvested,0.846178,2.0,2.0
second_05,wilson,0.828691,2.5,1.0
second_05,tree_evergreen_3,0.783759,2.0,9.0
second_05,grass,0.896737,1.0,5.0
second_05,wilson,0.886456,1.0,5.0
second_05,grass,0.879678,-0.5,6.0
second_05,berry_bush_harvested,0.875346,3.0,5.0
second_05,sapling_picked,0.874864,2.0,1.0
second_05,tree_evergreen_3,0.872668,-2.0,1.0
second_05,tree_evergreen_1,0.839423,2.5,1.0
second_05,tree_evergreen_3,0.76566,4.5,2.0
second_05,grass,0.447366,-62.5,-52.0
second_05,grass,0.899239,0.0,3.0
second_05,grass,0.892078,1.5,2.0
second_05,sapling_picked,0.882981,2.0,1.0
second_05,tree_evergreen_3,0.864175,0.0,5.0
second_05,wilson,0.862189,-4.5,6.0
second_05,tree_evergreen_1,0.859894,-2.0,4.0
second_05,grass_picked,0.849936,2.0,0.0
second_05,tree_evergreen_3,0.833586,9.5,4.0
second_05,grass,0.829712,-1.0,-3.0
second_05,grass,0.884015,-2.0,5.0
second_05,wilson,0.871717,-1.5,2.0
second_05,grass,0.921643,1.5,4.0
second_05,grass,0.917411,1.5,-1.0
second_05,grass,0.911688,1.0,2.0
second_05,hound,0.911093,-0.5,-1.0
second_05,grass,0.909324,0.5,0.0
second_05,sapling,0.890117,2.5,2.0
second_05,wilson,0.878993,1.5,0.0
second_05,hound,0.796096,1.0,-8.0
second_05,hound,0.111999,-8.0,-20.0
second_05,grass,0.926873,1.5,3.0
second_05,grass,0.919895,0.5,2.0
second_05,grass,0.905778,1.5,1.0
second_05,grass,0.900548,0.5,2.0
second_05,wilson,0.878636,2.0,6.0
second_05,grass,0.883165,5.5,4.0
second_05,wilson,0.85961,0.0,4.0
second_05,clock_bishop,0.121397,4.5,10.0
second_05,wilson,0.872735,6.0,11.0
second_05,flint,0.411555,-1.5,6.0
second_05,sapling,0.895008,-1.0,1.0
second_05,sapling,0.891899,1.5,2.0
second_05,wilson,0.874223,0.0,4.0
second_05,tree_evergreen_2,0.320088,7.0,6.0
second_05,wilson,0.856162,2.5,13.0
second_05,wilson,0.886019,3.0,3.0
second_05,flint,0.832268,-1.5,-4.0
second_05,rock2,0.894653,12.5,-1.0
second_05,flint,0.852086,-2.0,2.0
second_05,wilson,0.846875,-1.0,-5.0
second_05,flint,0.8264,-2.0,3.0
second_05,flint,0.531686,7.5,1.0
second_05,flint,0.529264,-3.5,-3.0
second_05,flint,0.825794,1.5,-1.0
second_05,wilson,0.683096,6.0,0.0
second_05,flint,0.421868,-2.0,7.0
second_05,wilson,0.369835,7.0,36.0
second_05,wilson,0.769359,-1.0,2.0
second_05,wilson,0.824833,4.5,4.0
second_05,grass,0.891138,2.5,2.0
second_05,hound,0.863532,0.0,4.0
second_05,wilson,0.853941,1.5,-2.0
second_05,hound,0.768874,1.5,3.0
second_05,wilson,0.826623,0.0,11.0
second_05,wilson,0.868714,3.5,5.0
second_05,wilson,0.834865,0.0,0.0
second_05,wilson,0.813371,3.0,1.0
second_05,wilson,0.602202,-2.0,4.0
second_05,grass,0.909183,0.5,4.0
second_05,grass,0.894217,2.5,7.0
second_05,hound,0.883583,-1.5,5.0
second_05,wilson,0.881415,6.0,10.0
second_05,grass,0.864804,-1.5,2.0
second_05,hound,0.861497,-1.0,1.0
second_05,wilson,0.886911,1.5,5.0
second_05,wilson,0.855879,-1.0,3.0
second_05,wilson,0.841075,3.0,3.0
second_05,wilson,0.844567,0.5,9.0
second_05,wilson,0.794464,-9.0,15.0
second_05,wilson,0.859104,2.0,-5.0
second_05,wilson,0.849131,5.5,6.0
second_05,wilson,0.820761,3.0,10.0
second_05,wilson,0.853903,0.5,1.0
second_05,wilson,0.842428,1.5,10.0
second_05,wilson,0.873722,3.0,1.0
second_05,wilson,0.875563,0.5,-3.0
second_05,rock1,0.834854,3.0,1.0
second_05,flint,0.824885,1.5,0.0
second_05,rock2,0.202797,7.5,-6.0
second_05,wilson,0.764763,2.5,-1.0
second_05,wilson,0.8622,7.5,1.0
second_05,rock2,0.247004,1.5,17.0
second_05,rock2,0.876188,4.0,3.0
second_05,wilson,0.886989,5.0,-3.0
second_05,wilson,0.860995,-1.5,3.0
second_05,wilson,0.866279,2.0,8.0
second_05,wilson,0.879503,0.0,3.0
second_05,rock2,0.878106,1.0,8.0
second_05,wilson,0.857492,-0.5,0.0
second_05,flint,0.818433,2.0,-3.0
second_05,grass,0.909864,0.5,3.0
second_05,sapling,0.905185,2.0,-3.0
second_05,sapling,0.900372,4.0,2.0
second_05,grass,0.894358,2.5,1.0
second_05,grass,0.889534,0.0,2.0
second_05,grass,0.886694,1.5,3.0
second_05,grass,0.87944,0.5,6.0
second_05,wilson,0.861398,-2.0,7.0
second_05,hound,0.777987,-4.5,-2.0
second_05,spider,0.553021,-0.5,0.0
second_05,spider,0.523255,1.0,-1.0
second_05,spider,0.517815,11.0,6.0
second_05,hound,0.361453,8.5,-19.0
second_05,spider,0.309441,14.5,6.0
second_05,wilson,0.869933,-0.5,2.0
second_05,flint,0.781519,0.5,-1.0
second_05,wilson,0.860948,2.5,2.0
second_05,flint,0.813177,3.0,1.0
second_05,rock2,0.910822,3.0,1.0
second_05,wilson,0.908567,3.5,0.0
second_05,flint,0.761209,-0.5,5.0
second_05,rock1,0.903534,0.5,-1.0
second_05,wilson,0.793645,11.0,8.0
second_05,rock1,0.882129,-0.5,-6.0
second_05,wilson,0.766683,0.0,0.0
second_05,rock1,0.893756,-1.5,0.0
second_05,wilson,0.861605,1.5,8.0
second_05,rock2,0.250275,43.5,-1.0
second_05,wilson,0.892657,0.5,4.0
second_05,rock1,0.884602,5.0,4.0
second_05,rock2,0.870888,1.5,2.0
second_05,gold_nugget,0.705392,2.0,0.0
second_05,wilson,0.901843,-0.5,3.0
second_05,rock1,0.888977,3.0,5.0
second_05,gold_nugget,0.633587,0.0,6.0
second_05,rocks,0.419569,0.5,3.0
second_05,rock2,0.914998,-2.5,6.0
second_05,rock2,0.904581,1.0,1.0
second_05,rock1,0.9016,2.0,-6.0
second_05,wilson,0.892787,4.0,2.0
second_05,rock1,0.890608,-1.0,3.0
second_05,rock2,0.887953,1.0,8.0
second_05,rock1,0.886388,0.5,3.0
second_05,rock1,0.840811,-1.0,4.0
second_05,flint,0.787963,0.5,4.0
second_05,sapling,0.908549,-0.5,-1.0
second_05,sapling,0.906832,1.5,5.0
second_05,grass,0.903234,1.5,1.0
second_05,sapling,0.893927,1.5,4.0
second_05,sapling,0.890504,0.5,6.0
second_05,grass,0.889568,0.5,5.0
second_05,grass,0.881152,0.5,5.0
second_05,grass,0.877526,3.5,7.0
second_05,wilson,0.871274,-7.0,4.0
second_05,hound,0.821488,1.5,8.0
second_05,spider,0.717411,6.5,7.0
second_05,spider,0.70955,4.5,4.0
second_05,hound,0.683746,9.5,8.0
second_05,spider,0.378097,5.5,-97.0
second_05,sapling,0.277568,7.5,2.0
second_05,rock1,0.89849,-4.0,1.0
second_05,wilson,0.894603,0.5,-1.0
second_05,rock1,0.873615,1.0,3.0
second_05,flint,0.819923,-0.5,2.0
second_05,flint,0.819697,1.0,2.0
second_05,rock2,0.920133,3.0,0.0
second_05,rock2,0.91989,2.0,-2.0
second_05,spider_nest1,0.913548,4.0,3.0
second_05,rock1,0.91209,0.0,-1.0
second_05,rock1,0.897475,-1.0,-2.0
second_05,wilson,0.874606,3.0,-1.0
second_05,gold_nugget,0.787603,0.0,0.0
second_05,rocks,0.433127,1.0,4.0
second_05,rock2,0.912244,5.0,6.0
second_05,wilson,0.90956,1.0,3.0
second_05,rock1,0.903747,3.5,5.0
second_05,rock2,0.885428,1.0,-4.0
second_05,rock1,0.88007,6.5,9.0
second_05,rock2,0.873586,3.0,3.0
second_05,gold_nugget,0.870254,2.5,5.0
second_05,spider_nest1,0.78511,2.5,3.0
second_05,rocks,0.663502,-3.0,2.0
second_05,rock1,0.914189,3.5,3.0
second_05,rock2,0.906904,3.0,1.0
second_05,rock1,0.898572,2.5,4.0
second_05,rock1,0.884456,1.5,-2.0
second_05,wilson,0.867896,2.0,-1.0
second_05,spider_nest1,0.83947,-1.0,-4.0
second_05,rocks,0.832752,1.5,4.0
second_05,rocks,0.826251,3.5,3.0
second_05,gold_nugget,0.666414,1.0,4.0
second_05,rocks,0.617536,-0.5,1.0
second_05,spider_nest2,0.962062,5.0,2.0
second_05,wilson,0.895649,1.0,2.0
second_05,rock1,0.88589,-1.5,-2.0
second_05,spider_nest1,0.878299,2.0,6.0
second_05,spider_nest1,0.841436,3.0,0.0
second_05,rocks,0.82003,1.5,4.0
second_05,rocks,0.817781,-1.0,-2.0
second_05,rocks,0.817735,2.5,6.0
second_05,gold_nugget,0.717902,-3.0,6.0
second_05,rocks,0.632504,-3.0,5.0
second_05,gold_nugget,0.316113,-1.5,4.0
second_05,rocks,0.189046,6.0,17.0
second_05,spider_nest2,0.936333,-3.0,-2.0
second_05,spider_nest1,0.916163,1.0,2.0
second_05,spider_nest1,0.88934,1.0,0.0
second_05,wilson,0.88813,1.0,0.0
second_05,rock1,0.881548,3.0,-1.0
second_05,rock2,0.871526,0.0,2.0
second_05,spider_nest2,0.844608,4.5,-2.0
second_05,rocks,0.80451,-2.0,1.0
second_05,rocks,0.752496,-1.5,0.0
second_05,gold_nugget,0.647941,0.0,3.0
second_05,rocks,0.597681,2.0,3.0
second_05,spider,0.385001,-2.0,-4.0
second_05,spider,0.231287,-3.0,-16.0
second_05,gold_nugget,0.201096,-3.0,7.0
second_05,spider,0.148345,-7.0,2.0
second_05,spider_nest2,0.925623,2.0,-2.0
second_05,berry_bush,0.91692,1.5,-2.0
second_05,wilson,0.908841,0.5,0.0
second_05,grass,0.894239,0.5,0.0
second_05,rocks,0.882687,1.0,3.0
second_05,tree_evergreen_2,0.849033,-0.5,4.0
second_05,gold_nugget,0.428236,1.5,6.0
second_05,rocks,0.367869,-1.5,5.0
second_05,wilson,0.902814,1.5,-2.0
second_05,rock2,0.892083,1.5,-1.0
second_05,gold_nugget,0.756747,0.0,4.0
second_05,tree_evergreen_1,0.746957,-1.5,0.0
second_05,grass,0.902279,1.5,3.0
second_05,grass,0.896132,3.0,1.0
second_05,grass,0.89303,-0.5,2.0
second_05,grass,0.892158,1.0,6.0
second_05,grass,0.88539,0.5,12.0
second_05,sapling,0.884323,4.5,4.0
second_05,grass,0.880052,0.0,1.0
second_05,grass,0.846904,2.0,0.0
second_05,wilson,0.807185,-1.5,6.0
second_05,hound,0.773267,6.0,-15.0
second_05,spider,0.684804,5.5,6.0
second_05,hound,0.415512,-6.0,1.0
second_05,hound,0.34757,-16.0,15.0
second_05,spider,0.250275,6.0,9.0
second_05,hound,0.120659,3.0,-11.0
second_05,sapling,0.893004,-2.0,3.0
second_05,wilson,0.869877,-0.5,5.0
second_05,grass,0.868113,-2.0,9.0
second_05,grass,0.843242,-1.5,3.0
second_05,grass,0.842461,2.0,1.0
second_05,grass,0.824461,-0.5,2.0
second_05,grass,0.80648,0.0,3.0
second_05,hound,0.804401,-4.0,11.0
second_05,spider,0.557115,10.0,-1.0
second_05,spider,0.492612,0.5,0.0
second_05,spider,0.250606,-11.0,18.0
second_05,hound,0.245381,31.5,88.0
second_05,spider,0.184502,-9.0,4.0
second_05,grass,0.845822,2.5,3.0
second_05,wilson,0.835837,4.0,9.0
second_05,grass,0.892811,0.0,0.0
second_05,wilson,0.860163,-2.5,4.0
second_05,grass,0.853645,3.5,11.0
second_05,spider,0.690349,-2.5,0.0
second_05,grass,0.868029,-0.5,4.0
second_05,sapling,0.83121,-5.0,4.0
second_05,spider,0.749718,3.5,1.0
second_05,wilson,0.855361,3.5,7.0
second_05,sapling,0.762416,-0.5,3.0
second_05,sapling,0.203385,-3.5,65.0
second_05,wilson,0.797988,3.5,4.0
second_05,hound,0.407321,7.0,2.0
second_05,wilson,0.829511,5.5,7.0
second_05,hound,0.721944,16.0,-12.0
second_05,wilson,0.880549,-1.5,4.0
second_05,wilson,0.838829,-6.0,0.0
second_05,wilson,0.755614,2.5,3.0
second_05,hound,0.5835,-8.5,-9.0
second_05,wilson,0.832964,1.5,5.0
second_05,wilson,0.79382,-2.5,-2.0
second_05,sapling,0.897943,-0.5,4.0
second_05,grass,0.875871,-0.5,4.0
second_05,grass,0.850316,1.0,3.0
second_05,wilson,0.841059,0.0,3.0
second_05,hound,0.71912,0.5,12.0
second_05,carrot_planted,0.647688,-1.0,5.0
second_05,hound,0.114909,2.5,-1.0
second_05,hound,0.900397,1.0,4.0
second_05,sapling,0.879346,1.5,4.0
second_05,grass,0.871926,-1.5,3.0
second_05,grass,0.855098,3.0,15.0
second_05,wilson,0.816171,3.0,10.0
second_05,hound,0.744606,16.5,-5.0
second_05,wilson,0.743213,4.5,4.0
second_05,grass,0.893839,0.0,3.0
second_05,wilson,0.836852,-4.5,5.0
second_05,hound,0.825339,-0.5,-2.0
second_05,hound,0.46791,80.5,-50.0
second_05,hound,0.783344,-1.0,8.0
second_05,hound,0.739424,-9.5,10.0
second_05,wilson,0.739319,-2.0,2.0
second_05,grass,0.847864,2.0,2.0
second_05,grass,0.843323,5.0,7.0
second_05,wilson,0.836258,6.0,3.0
second_05,hound,0.551645,9.0,16.0
second_05,grass,0.417497,9.0,21.0
second_05,hound,0.275684,-22.0,12.0
second_05,hound,0.180544,53.0,3.0
second_05,grass,0.138143,12.0,-13.0
second_05,hound,0.126614,-34.0,11.0
second_05,hound,0.784157,-1.5,11.0
second_05,wilson,0.739098,2.0,14.0
second_05,grass,0.876796,-0.5,-1.0
second_05,wilson,0.830169,0.0,3.0
second_05,wilson,0.873243,-2.5,1.0
second_05,wilson,0.735742,2.5,-1.0
second_05,hound,0.60149,-0.5,29.0
second_05,hound,0.150265,-3.5,40.0
second_05,hound,0.118812,-1.5,-8.0
second_05,hound,0.651056,-4.0,5.0
second_05,grass,0.885301,-1.0,0.0
second_05,grass,0.868339,5.0,8.0
second_05,sapling,0.8521,1.5,-2.0
second_05,wilson,0.831024,3.5,8.0
second_05,grass,0.817316,2.0,0.0
second_05,hound,0.806278,2.0,4.0
second_05,hound,0.799638,2.5,-2.0
second_05,grass,0.894225,1.5,1.0
second_05,wilson,0.889581,1.5,-3.0
second_05,sapling,0.883823,1.0,3.0
second_05,grass,0.869883,-0.5,5.0
second_05,grass,0.867553,1.5,-2.0
second_05,hound,0.776569,1.5,3.0
second_05,hound,0.732785,-5.5,-8.0
second_05,hound,0.159094,-2.5,-8.0
second_05,grass,0.887821,0.5,2.0
second_05,grass,0.880593,-1.0,3.0
second_05,wilson,0.844235,-1.5,-2.0
second_05,hound,0.641856,-10.0,0.0
second_05,hound,0.314987,12.0,34.0
second_05,hound,0.282139,-7.0,3.0
second_05,grass,0.881431,6.0,0.0
second_05,wilson,0.875315,0.5,1.0
second_05,hound,0.85432,14.0,-10.0
second_05,hound,0.833843,2.0,-6.0
second_05,grass,0.885723,1.0,1.0
second_05,grass,0.88329,-0.5,6.0
second_05,grass,0.880999,-1.0,0.0
second_05,wilson,0.880919,0.5,6.0
second_05,hound,0.855966,-0.5,3.0
second_05,sapling,0.763031,3.5,-2.0
second_05,hound,0.738066,7.5,6.0
second_05,sapling,0.720376,2.0,4.0
second_05,hound,0.905706,0.5,2.0
second_05,grass,0.886762,0.0,2.0
second_05,sapling,0.885974,3.5,8.0
second_05,grass,0.883883,0.0,6.0
second_05,grass,0.862214,2.5,7.0
second_05,grass,0.852863,1.0,1.0
second_05,wilson,0.847427,0.5,6.0
second_05,hound,0.753232,3.5,-1.0
second_05,sapling,0.645534,-7.0,7.0
second_05,sapling,0.180172,-3.5,-3.0
second_05,grass,0.898891,0.5,6.0
second_05,hound,0.8885,-2.5,1.0
second_05,grass,0.882385,-0.5,10.0
second_05,sapling,0.874777,2.5,3.0
second_05,grass,0.874408,3.5,1.0
second_05,grass,0.864807,2.5,0.0
second_05,grass,0.861976,-1.0,1.0
second_05,hound,0.828915,1.5,3.0
second_05,sapling,0.775046,-10.5,17.0
second_05,hound,0.904515,4.5,5.0
second_05,grass,0.883539,0.0,0.0
second_05,grass,0.880778,0.5,2.0
second_05,carrot_planted,0.878125,-0.5,4.0
second_05,grass,0.878069,-0.5,3.0
second_05,grass,0.871511,3.5,3.0
second_05,wilson,0.864853,1.5,7.0
second_05,grass,0.849802,1.0,1.0
second_05,sapling,0.848702,0.5,8.0
second_05,grass,0.844148,2.5,3.0
second_05,sapling,0.728385,1.0,-4.0
second_05,hound,0.699121,0.0,0.0
second_05,hound,0.366699,-12.0,24.0
second_05,wilson,0.895573,0.5,5.0
second_05,grass,0.89191,-0.5,2.0
second_05,sapling,0.886437,2.0,2.0
second_05,grass,0.876709,1.0,0.0
second_05,grass,0.874942,0.5,1.0
second_05,hound,0.86677,8.5,-8.0
second_05,carrot_planted,0.865913,3.0,4.0
second_05,grass,0.858557,0.5,-1.0
second_05,hound,0.815653,-2.5,5.0
second_05,hound,0.91375,2.5,0.0
second_05,grass,0.91117,0.5,2.0
second_05,wilson,0.901052,4.0,0.0
second_05,sapling,0.895524,0.0,4.0
second_05,hound,0.880387,1.5,9.0
second_05,grass,0.879946,0.5,3.0
second_05,wilson,0.898614,0.5,3.0
second_05,grass,0.895418,0.0,3.0
second_05,grass,0.892127,0.5,1.0
second_05,sapling,0.885803,1.0,4.0
second_05,hound,0.881074,-9.0,6.0
second_05,hound,0.855454,2.5,15.0
second_05,grass,0.853096,1.5,3.0
second_05,grass,0.911483,0.5,3.0
second_05,grass,0.88495,2.5,3.0
second_05,sapling,0.880941,1.5,2.0
second_05,wilson,0.878222,0.5,5.0
second_05,hound,0.748169,-1.5,0.0
second_05,hound,0.672004,9.5,-1.0
second_05,wilson,0.910125,3.0,3.0
second_05,grass,0.896667,1.5,1.0
second_05,hound,0.892186,-2.5,5.0
second_05,spider,0.791752,-0.5,4.0
second_05,grass,0.788038,0.0,7.0
second_05,hound,0.783499,-4.5,0.0
second_05,spider,0.648885,-9.0,2.0
second_05,grass,0.906323,0.5,2.0
second_05,grass,0.894677,0.5,2.0
second_05,wilson,0.891335,2.5,-3.0
second_05,sapling,0.889176,2.0,2.0
second_05,grass,0.858779,1.0,0.0
second_05,hound,0.812721,-4.5,-3.0
second_05,spider,0.796289,0.5,2.0
second_05,hound,0.731228,-6.0,-2.0
second_05,spider,0.526632,1.0,2.0
second_05,grass,0.92193,1.5,2.0
second_05,grass,0.911402,0.5,2.0
second_05,grass,0.910742,-0.5,1.0
second_05,grass,0.907797,1.5,4.0
second_05,grass,0.901934,0.5,1.0
second_05,wilson,0.895256,0.5,5.0
second_05,sapling,0.86998,1.0,1.0
second_05,spider,0.794227,0.5,3.0
second_05,hound,0.768664,-11.5,38.0
second_05,hound,0.707525,5.5,-4.0
second_05,spider,0.662248,0.5,3.0
second_05,hound,0.188624,-4.5,17.0
second_05,grass,0.914763,1.5,3.0
second_05,grass,0.900877,-0.5,2.0
second_05,sapling,0.897693,0.5,1.0
second_05,wilson,0.857222,-2.5,0.0
second_05,spider,0.652515,-1.0,1.0
second_05,hound,0.628654,-31.0,5.0
second_05,spider,0.503074,-24.0,-1.0
second_05,spider,0.345809,3.5,0.0
second_05,hound,0.287999,-9.0,1.0
second_05,hound,0.166833,22.0,-2.0
second_05,grass,0.907822,3.0,3.0
second_05,grass,0.906223,2.0,2.0
second_05,grass,0.900711,0.5,4.0
second_05,sapling,0.899352,5.0,2.0
second_05,grass,0.898022,0.5,0.0
second_05,hound,0.895235,0.0,3.0
second_05,grass,0.889142,2.0,0.0
second_05,wilson,0.843324,-3.5,18.0
second_05,spider,0.801197,0.0,10.0
second_05,hound,0.763591,-14.5,7.0
second_05,spider,0.488855,-2.5,-1.0
second_05,spider,0.175587,6.5,10.0
second_05,grass,0.926872,0.5,2.0
second_05,grass,0.897956,0.5,3.0
second_05,hound,0.889217,2.0,-1.0
second_05,wilson,0.880153,-0.5,2.0
second_05,hound,0.869051,2.5,0.0
second_05,spider,0.787498,-3.5,1.0
second_05,grass,0.906116,0.5,2.0
second_05,grass,0.898907,1.5,2.0
second_05,sapling,0.878536,1.0,2.0
second_05,wilson,0.874607,1.0,2.0
second_05,hound,0.662389,-0.5,3.0
second_05,hound,0.618079,-2.5,-20.0
second_05,spider,0.61559,5.5,7.0
second_05,hound,0.168264,-12.5,19.0
second_05,grass,0.916792,0.5,2.0
second_05,sapling,0.913979,-0.5,3.0
second_05,grass,0.907685,0.5,1.0
second_05,grass,0.901599,1.5,4.0
second_05,hound,0.885936,8.0,-5.0
second_05,grass,0.876523,0.0,2.0
second_05,hound,0.85269,0.5,9.0
second_05,wilson,0.829947,-2.0,3.0
second_05,spider,0.409069,10.5,0.0
second_05,sapling,0.914497,3.0,3.0
second_05,grass,0.914297,1.5,2.0
second_05,grass,0.909689,-0.5,2.0
second_05,grass,0.898822,1.5,3.0
second_05,hound,0.898359,5.5,-3.0
second_05,grass,0.879617,1.0,4.0
second_05,wilson,0.834642,3.0,4.0
second_05,hound,0.390499,13.0,-2.0
second_05,hound,0.279379,-20.0,-3.0
second_05,hound,0.277553,40.0,0.0
second_05,hound,0.210613,8.0,-10.0
second_05,hound,0.170509,-29.0,-8.0
second_05,grass,0.917085,0.0,2.0
second_05,grass,0.909772,1.5,0.0
second_05,grass,0.908152,0.0,1.0
second_05,sapling,0.894129,3.5,4.0
second_05,grass,0.889386,2.5,4.0
second_05,wilson,0.846533,4.0,4.0
second_05,hound,0.830152,7.5,9.0
second_05,hound,0.808435,-0.5,13.0
second_05,spider,0.606256,-3.0,-3.0
second_05,spider,0.369921,-5.0,11.0
second_05,spider,0.121317,-12.0,24.0
second_05,grass,0.907732,0.5,4.0
second_05,grass,0.90652,0.5,1.0
second_05,sapling,0.905329,0.5,2.0
second_05,grass,0.904163,1.5,2.0
second_05,grass,0.896818,0.5,2.0
second_05,wilson,0.815529,-1.0,3.0
second_05,spider,0.499194,0.0,3.0
second_05,spider,0.213835,5.0,7.0
second_05,spider,0.16484,46.0,55.0
second_05,spider,0.144489,-51.0,29.0
second_05,grass,0.911335,1.0,1.0
second_05,sapling,0.905652,0.5,3.0
second_05,grass,0.903766,0.5,2.0
second_05,grass,0.900796,0.5,5.0
second_05,grass,0.829665,0.5,0.0
second_05,wilson,0.570786,6.0,-3.0
second_05,wilson,0.537218,-4.0,4.0
second_05,spider,0.381017,-10.5,1.0
second_05,grass,0.90198,2.0,2.0
second_05,sapling,0.900107,0.0,1.0
second_05,grass,0.89983,0.5,3.0
second_05,wilson,0.885907,0.5,2.0
second_05,grass,0.896643,2.0,2.0
second_05,sapling,0.881203,4.0,1.0
second_05,grass,0.861166,-2.5,2.0
second_05,wilson,0.856678,-1.0,4.0
second_05,hound,0.793164,22.0,4.0
second_05,spider,0.753651,1.0,1.0
second_05,spider,0.714935,0.5,1.0
second_05,spider,0.425287,16.5,-22.0
second_05,grass,0.909612,0.0,4.0
second_05,grass,0.898713,-0.5,2.0
second_05,sapling,0.89348,-1.5,2.0
second_05,wilson,0.856453,-1.5,11.0
second_05,hound,0.781614,0.5,3.0
second_05,hound,0.638881,-0.5,7.0
second_05,grass,0.585918,0.5,18.0
second_05,spider,0.528355,2.0,5.0
second_05,spider,0.450275,0.0,-10.0
second_05,hound,0.92023,0.5,3.0
second_05,grass,0.918193,0.5,3.0
second_05,sapling,0.914203,2.0,4.0
second_05,grass,0.910929,0.5,3.0
second_05,grass,0.903722,0.5,3.0
second_05,wilson,0.901254,0.5,4.0
second_05,spider,0.864025,1.0,9.0
second_05,hound,0.842227,5.5,5.0
second_05,spider,0.779426,3.0,3.0
second_05,grass,0.922929,0.5,1.0
second_05,grass,0.921338,2.0,3.0
second_05,grass,0.917984,0.5,5.0
second_05,sapling,0.898755,0.5,3.0
second_05,grass,0.887756,1.5,3.0
second_05,grass,0.882857,0.0,4.0
second_05,wilson,0.849539,1.0,6.0
second_05,spider,0.82307,-1.5,2.0
second_05,hound,0.819254,-6.0,-6.0
second_05,spider,0.649291,3.5,1.0
second_05,hound,0.521363,5.5,19.0
second_05,hound,0.442311,-4.5,56.0
second_05,spider,0.142578,9.5,12.0
second_05,hound,0.110097,-2.5,81.0
second_05,grass,0.912002,1.5,2.0
second_05,hound,0.893495,-7.0,-5.0
second_05,sapling,0.891911,-1.5,1.0
second_05,spider,0.856541,0.0,5.0
second_05,wilson,0.834749,-2.0,6.0
second_05,hound,0.398254,-4.0,3.0
second_05,spider,0.35395,1.5,0.0
second_05,spider,0.191432,7.5,1.0
second_05,spider,0.144771,5.5,-6.0
second_05,grass,0.911811,2.0,2.0
second_05,wilson,0.894409,1.0,4.0
second_05,grass,0.797553,-1.5,2.0
second_05,hound,0.770136,-14.0,22.0
second_05,hound,0.662761,0.0,15.0
second_05,spider,0.648807,-75.0,30.0
second_05,spider,0.638678,2.0,2.0
second_05,hound,0.192294,-77.0,36.0
second_05,grass,0.896792,2.0,4.0
second_05,wilson,0.88891,2.5,3.0
second_05,sapling,0.886811,1.0,2.0
second_05,hound,0.834125,1.5,34.0
second_05,hound,0.762956,7.5,2.0
second_05,hound,0.742667,-14.5,-19.0
second_05,spider,0.596541,2.5,6.0
second_05,sapling,0.91443,1.5,4.0
second_05,grass,0.905742,1.0,3.0
second_05,grass,0.896412,0.5,4.0
second_05,hound,0.877194,5.0,-1.0
second_05,wilson,0.845745,4.0,11.0
second_05,hound,0.756952,-4.5,-7.0
second_05,spider,0.48676,-7.0,5.0
second_05,spider,0.207868,-20.0,11.0
second_05,hound,0.107349,-11.5,-20.0
second_05,grass,0.91618,2.5,-2.0
second_05,grass,0.913667,1.0,3.0
second_05,sapling,0.912579,-2.0,3.0
second_05,hound,0.88623,11.5,4.0
second_05,wilson,0.823645,4.0,5.0
second_05,hound,0.937851,0.5,1.0
second_05,grass,0.910215,3.0,5.0
second_05,sapling,0.906306,0.5,3.0
second_05,grass,0.90595,1.5,4.0
second_05,hound,0.888672,1.5,-1.0
second_05,wilson,0.851649,2.0,5.0
second_05,grass,0.925953,2.0,3.0
second_05,hound,0.919901,3.0,5.0
second_05,grass,0.909707,0.5,2.0
second_05,sapling,0.904286,2.5,3.0
second_05,wilson,0.83119,3.0,4.0
second_05,hound,0.77985,0.5,-3.0
second_05,hound,0.358738,-5.5,-23.0
second_05,grass,0.921455,0.5,2.0
second_05,grass,0.919293,0.0,4.0
second_05,sapling,0.916061,1.5,3.0
second_05,wilson,0.87422,0.5,3.0
second_05,hound,0.863176,-4.0,-18.0
second_05,hound,0.816442,2.5,10.0
second_05,hound,0.775113,-5.0,-18.0
second_05,hound,0.167305,-4.0,45.0
second_05,hound,0.111957,-18.5,18.0
second_05,grass,0.910021,0.5,1.0
second_05,grass,0.898706,1.5,1.0
second_05,sapling,0.878388,-0.5,0.0
second_05,wilson,0.854478,-1.5,4.0
second_05,hound,0.821271,-1.0,-7.0
second_05,grass,0.915591,0.5,3.0
second_05,grass,0.895534,1.5,2.0
second_05,wilson,0.871283,1.5,1.0
second_05,hound,0.776751,-1.0,-1.0
second_05,hound,0.478789,15.0,9.0
second_05,grass,0.928189,0.5,2.0
second_05,sapling,0.900377,1.5,1.0
second_05,wilson,0.851222,-0.5,0.0
second_05,hound,0.638195,0.0,-7.0
second_05,wilson,0.397126,-33.5,-47.0
second_05,grass,0.915378,1.0,0.0
second_05,grass,0.914772,0.0,3.0
second_05,grass,0.904847,2.0,3.0
second_05,wilson,0.820617,-1.5,5.0
second_05,grass,0.918286,0.5,3.0
second_05,grass,0.910726,-0.5,2.0
second_05,grass,0.901283,0.5,3.0
second_05,sapling,0.893642,2.0,4.0
second_05,grass,0.889543,-0.5,1.0
second_05,wilson,0.512015,-4.0,3.0
second_05,hound,0.36669,-9.0,-5.0
second_05,grass,0.920273,0.5,3.0
second_05,grass,0.897502,2.0,0.0
second_05,grass,0.894863,0.0,2.0
second_05,wilson,0.852746,2.5,7.0
second_05,grass,0.926376,1.0,1.0
second_05,wilson,0.851312,-2.5,2.0
second_05,wilson,0.887494,0.5,3.0
second_05,pig_head,0.842985,3.5,2.0
second_05,pig_skin,0.772339,4.5,1.0
second_05,pig_skin,0.334357,-7.5,0.0
second_05,wilson,0.911944,1.5,0.0
second_05,pig_head,0.845723,3.0,17.0
second_05,pig_skin,0.808123,1.0,4.0
second_05,pig_head,0.521644,4.0,4.0
second_05,pig_head,0.123879,4.0,57.0
second_05,wilson,0.882734,-3.0,0.0
second_05,pig_head,0.846313,1.5,-6.0
second_05,pig_skin,0.798454,5.0,7.0
second_05,pig_head,0.674271,3.5,39.0
second_05,pig_head,0.652867,3.5,90.0
second_05,wilson,0.904822,1.5,3.0
second_05,pig_head,0.846404,2.5,1.0
second_05,pig_head,0.823361,4.5,12.0
second_05,wilson,0.89445,0.0,2.0
second_05,pig_head,0.85977,0.5,8.0
second_05,pig_head,0.837501,2.5,-1.0
second_05,pig_skin,0.794331,1.5,4.0
second_05,pig_skin,0.768098,1.0,-4.0
second_05,wilson,0.909873,-0.5,2.0
second_05,pig_head,0.856841,1.0,3.0
second_05,pig_skin,0.800209,-2.0,1.0
second_05,pig_skin,0.78712,0.0,-1.0
second_05,wilson,0.894691,0.5,1.0
second_05,pig_head,0.892702,3.0,9.0
second_05,pig_skin,0.795199,2.0,2.0
second_05,pig_skin,0.715851,2.5,6.0
second_05,wilson,0.895077,1.0,-2.0
second_05,pig_head,0.850995,3.0,6.0
second_05,pig_head,0.838473,0.5,23.0
second_05,pig_skin,0.795973,2.5,6.0
second_05,pig_skin,0.703592,4.5,9.0
second_05,wilson,0.901649,1.5,0.0
second_05,pig_head,0.837482,-0.5,4.0
second_05,pig_head,0.805146,-0.5,3.0
second_05,pig_skin,0.755441,4.0,-2.0
second_05,pig_skin,0.712126,-4.0,-4.0
second_05,wilson,0.87509,-1.5,0.0
second_05,pig_head,0.856166,3.5,13.0
second_05,pig_skin,0.810063,2.0,0.0
second_05,pig_head,0.862371,3.5,4.0
second_05,wilson,0.859419,-0.5,2.0
second_05,pig_head,0.822206,4.5,-11.0
second_05,pig_skin,0.74246,1.5,7.0
second_05,wilson,0.896241,-1.5,2.0
second_05,pig_skin,0.817229,11.5,2.0
second_05,pig_skin,0.807151,-1.0,5.0
second_05,pig_head,0.555852,-6.0,-1.0
second_05,wilson,0.908766,1.5,3.0
second_05,pig_head,0.8357,2.0,1.0
second_05,pig_skin,0.817073,6.0,2.0
second_05,pig_skin,0.787812,-2.5,5.0
second_05,wilson,0.89687,-0.5,1.0
second_05,pig_skin,0.853627,2.5,-1.0
second_05,pig_head,0.844326,2.0,5.0
second_05,pig_head,0.812816,-0.5,5.0
second_05,pig_skin,0.802492,8.0,4.0
second_05,wilson,0.865651,-1.5,-3.0
second_05,pig_head,0.80243,2.0,16.0
second_05,pig_skin,0.788642,4.0,4.0
second_05,pig_head,0.767767,5.5,0.0
second_05,pig_skin,0.75875,0.5,3.0
second_05,wilson,0.877423,-0.5,2.0
second_05,pig_head,0.839391,3.5,-1.0
second_05,pig_skin,0.797675,-2.0,-1.0
second_05,pig_skin,0.79146,-0.5,-3.0
second_05,pig_head,0.826339,1.0,-1.0
second_05,wilson,0.821313,-1.0,-16.0
second_05,pig_head,0.798251,2.0,-1.0
second_05,pig_skin,0.794955,4.5,6.0
second_05,pig_skin,0.759781,-0.5,7.0
second_05,wilson,0.885748,2.0,-1.0
second_05,pig_head,0.87364,-4.0,7.0
second_05,pig_head,0.849419,0.0,7.0
second_05,pig_skin,0.818955,-2.0,4.0
second_05,wilson,0.896339,1.5,3.0
second_05,pig_head,0.863446,-3.5,-8.0
second_05,pig_head,0.832611,3.0,3.0
second_05,pig_skin,0.810643,2.5,-1.0
second_05,pig_skin,0.638429,2.0,9.0
second_05,wilson,0.907508,-0.5,-5.0
second_05,pig_head,0.844049,2.0,0.0
second_05,pig_head,0.820014,-2.0,11.0
second_05,pig_skin,0.810211,4.5,1.0
second_05,pig_skin,0.750335,7.5,10.0
second_05,wilson,0.900092,-1.5,1.0
second_05,pig_head,0.859078,2.0,4.0
second_05,pig_head,0.836415,-2.0,1.0
second_05,pig_skin,0.821163,2.5,-2.0
second_05,pig_skin,0.156627,10.5,-2.0
second_05,wilson,0.897938,-0.5,2.0
second_05,pig_head,0.876962,-3.0,4.0
second_05,pig_head,0.831902,-4.0,-1.0
second_05,pig_skin,0.810238,3.5,1.0
second_05,wilson,0.887912,2.5,-1.0
second_05,pig_head,0.858951,-1.0,5.0
second_05,pig_head,0.85611,1.0,16.0
second_05,pig_skin,0.846295,-2.0,0.0
second_05,pig_skin,0.796208,0.5,7.0
second_05,wilson,0.890172,2.5,-5.0
second_05,pig_head,0.852059,0.0,7.0
second_05,pig_head,0.833924,0.5,5.0
second_05,pig_skin,0.814177,0.0,9.0
second_05,pig_skin,0.797043,0.0,0.0
second_05,wilson,0.896748,2.0,3.0
second_05,pig_head,0.878589,-0.5,2.0
second_05,pig_head,0.844667,4.0,14.0
second_05,pig_skin,0.802831,1.0,2.0
second_05,pig_skin,0.749061,3.0,7.0
second_05,wilson,0.91759,1.5,2.0
second_05,pig_head,0.867525,5.5,13.0
second_05,pig_skin,0.817626,1.5,4.0
second_05,pig_head,0.218131,1.0,40.0
second_05,wilson,0.921249,0.5,-2.0
second_05,pig_head,0.849001,3.5,1.0
second_05,pig_skin,0.802808,2.0,8.0
second_05,wilson,0.888676,0.0,0.0
second_05,pig_head,0.852315,-3.5,-6.0
second_05,pig_skin,0.787814,1.5,-1.0
second_05,pig_head,0.719887,0.5,-1.0
second_05,wilson,0.898968,0.5,3.0
second_05,pig_head,0.88407,3.5,-5.0
second_05,pig_head,0.837435,1.0,-4.0
second_05,pig_skin,0.760165,4.5,3.0
second_05,wilson,0.863006,1.0,4.0
second_05,pig_head,0.856185,1.0,9.0
second_05,pig_head,0.849022,1.5,15.0
second_05,pig_skin,0.80094,3.5,1.0
second_05,wilson,0.920549,1.0,6.0
second_05,pig_head,0.874452,4.5,-11.0
second_05,pig_skin,0.843198,4.0,1.0
second_05,pig_head,0.832844,0.5,0.0
second_05,wilson,0.895018,-0.5,1.0
second_05,pig_head,0.874277,0.5,8.0
second_05,pig_head,0.852391,0.5,4.0
second_05,pig_skin,0.796062,-3.5,3.0
second_05,pig_skin,0.771903,0.5,-2.0
second_05,wilson,0.902686,1.5,-1.0
second_05,pig_head,0.847072,2.5,0.0
second_05,pig_head,0.843225,1.0,-5.0
second_05,pig_skin,0.80663,5.5,-1.0
second_05,pig_skin,0.805478,-4.0,-2.0
second_05,wilson,0.913264,0.0,0.0
second_05,pig_head,0.844894,0.0,2.0
second_05,pig_skin,0.806573,3.0,6.0
second_05,pig_head,0.778175,-1.0,-2.0
second_05,wilson,0.898499,2.5,6.0
second_05,pig_head,0.863777,0.0,3.0
second_05,pig_skin,0.844784,0.5,-2.0
second_05,pig_head,0.780421,-2.0,-5.0
second_05,wilson,0.901598,2.0,3.0
second_05,pig_head,0.846192,-2.5,3.0
second_05,pig_head,0.841629,-1.5,-3.0
second_05,pig_skin,0.804137,6.0,0.0
second_05,wilson,0.887438,2.0,5.0
second_05,pig_head,0.851992,-1.5,-2.0
second_05,pig_skin,0.804225,2.5,4.0
second_05,wilson,0.89511,1.0,6.0
second_05,pig_head,0.851715,1.5,7.0
second_05,pig_head,0.844722,-1.0,6.0
second_05,pig_skin,0.799111,6.5,2.0
second_05,wilson,0.886753,3.0,3.0
second_05,pig_head,0.8711,0.0,7.0
second_05,pig_head,0.850754,2.5,11.0
second_05,pig_skin,0.845244,0.0,-1.0
second_05,wilson,0.879609,-0.5,2.0
second_05,pig_head,0.859525,2.0,-1.0
second_05,pig_skin,0.82836,2.0,5.0
second_05,pig_skin,0.762188,-1.0,-1.0
second_05,pig_head,0.762009,0.0,2.0
second_05,pig_head,0.884364,-2.0,3.0
second_05,wilson,0.853894,-1.5,6.0
second_05,pig_head,0.845896,3.5,0.0
second_05,pig_skin,0.824409,-0.5,6.0
second_05,wilson,0.886947,-0.5,0.0
second_05,pig_head,0.841997,0.5,11.0
second_05,pig_skin,0.82251,3.0,0.0
second_05,pig_skin,0.632618,-3.0,-2.0
second_05,wilson,0.874126,3.0,3.0
second_05,pig_head,0.817017,1.5,1.0
second_05,pig_skin,0.793729,2.0,3.0
second_05,pig_skin,0.777472,0.5,-2.0
second_05,wilson,0.906418,1.0,4.0
second_05,pig_head,0.867002,0.5,3.0
second_05,pig_skin,0.848114,2.0,-1.0
second_05,pig_skin,0.796439,0.5,7.0
second_05,wilson,0.909255,2.0,2.0
second_05,pig_head,0.835538,-1.0,1.0
second_05,pig_skin,0.823996,0.0,5.0
second_05,pig_skin,0.779495,-4.5,1.0
second_05,wilson,0.914338,0.0,3.0
second_05,pig_head,0.865476,3.0,-4.0
second_05,pig_head,0.856706,-0.5,18.0
second_05,pig_skin,0.801518,0.5,0.0
second_05,pig_skin,0.799433,3.0,-2.0
second_05,wilson,0.901228,2.0,3.0
second_05,pig_head,0.840444,-2.5,-18.0
second_05,pig_head,0.812869,1.5,5.0
second_05,pig_skin,0.791171,7.0,8.0
second_05,wilson,0.891486,0.5,4.0
second_05,pig_head,0.870544,-0.5,2.0
second_05,pig_skin,0.790097,0.5,0.0
second_05,wilson,0.883606,2.5,7.0
second_05,pig_head,0.849962,2.0,3.0
second_05,pig_head,0.846036,2.0,0.0
second_05,pig_skin,0.783938,-2.5,7.0
second_05,wilson,0.911875,0.5,2.0
second_05,pig_skin,0.855025,-4.5,-5.0
second_05,pig_head,0.848051,2.0,1.0
second_05,pig_head,0.80502,3.5,10.0
second_05,spider_nest1,0.924101,-2.0,4.0
second_05,berry_bush,0.89437,0.5,1.0
second_05,wilson,0.883971,-1.0,3.0
second_05,berry_bush,0.830055,4.0,0.0
second_05,meat,0.806121,3.5,2.0
second_05,spider_nest2,0.796428,-1.5,-4.0
second_05,drumstick,0.779376,0.0,1.0
second_05,rocks,0.728663,-1.5,-1.0
second_05,berry_bush,0.903422,1.0,0.0
second_05,spider_nest1,0.895879,-1.5,1.0
second_05,wilson,0.891941,2.5,5.0
second_05,berry_bush,0.853962,0.0,1.0
second_05,meat,0.84325,-1.0,2.0
second_05,spider_nest2,0.780713,-3.0,7.0
second_05,drumstick,0.766404,1.5,4.0
second_05,rocks,0.74399,-1.5,1.0
second_05,berry_bush,0.90817,1.5,0.0
second_05,spider_nest1,0.902898,1.5,1.0
second_05,wilson,0.899322,1.5,0.0
second_05,meat,0.832787,0.5,0.0
second_05,spider_nest2,0.811377,-3.5,3.0
second_05,berry_bush,0.928105,0.5,1.0
second_05,spider_nest1,0.911729,2.0,2.0
second_05,wilson,0.910334,2.0,2.0
second_05,meat,0.835047,-3.0,4.0
second_05,spider_nest2,0.787755,-0.5,4.0
second_05,berry_bush,0.920964,1.0,1.0
second_05,wilson,0.909879,0.5,3.0
second_05,spider_nest1,0.894741,0.5,0.0
second_05,meat,0.845883,2.0,-1.0
second_05,spider_nest2,0.722137,0.5,10.0
second_05,berry_bush,0.909628,-0.5,2.0
second_05,wilson,0.904164,0.0,3.0
second_05,spider_nest1,0.902751,0.5,-1.0
second_05,meat,0.804906,1.5,5.0
second_05,spider_nest2,0.784375,1.5,4.0
second_05,spider_nest1,0.953827,0.5,0.0
second_05,berry_bush,0.900053,2.0,0.0
second_05,wilson,0.889113,0.5,4.0
second_05,meat,0.779167,3.0,5.0
second_05,spider_nest2,0.760025,0.5,4.0
second_05,wilson,0.909112,-0.5,3.0
second_05,spider_nest1,0.895444,1.0,3.0
second_05,meat,0.821687,-0.5,7.0
second_05,spider_nest2,0.776453,-1.0,-2.0
second_05,rocks,0.771682,3.0,3.0
second_05,drumstick,0.338869,-1.0,5.0
second_05,wilson,0.879754,2.0,1.0
second_05,berry_bush,0.853826,4.0,0.0
second_05,spider_nest1,0.851682,0.5,2.0
second_05,rocks,0.73147,-1.0,5.0
second_05,spider_nest2,0.651787,2.0,8.0
second_05,spider_nest2,0.961896,1.5,2.0
second_05,wilson,0.901679,1.5,5.0
second_05,rocks,0.796107,0.0,11.0
second_05,spider_nest2,0.977943,0.0,-1.0
second_05,wilson,0.908606,1.5,2.0
second_05,spider_nest1,0.877195,-0.5,2.0
second_05,rocks,0.765226,4.5,4.0
second_05,spider_nest3,0.914466,1.0,-2.0
second_05,wilson,0.896569,0.5,2.0
second_05,meat,0.856846,1.0,7.0
second_05,berry_bush,0.824853,-2.0,-10.0
second_05,rocks,0.786675,2.0,8.0
second_05,spider_nest3,0.906105,1.0,0.0
second_05,wilson,0.882627,0.5,6.0
second_05,berry_bush,0.864735,-2.5,-10.0
second_05,meat,0.836501,0.5,4.0
second_05,rocks,0.754776,0.0,1.0
second_05,drumstick,0.374511,2.0,4.0
second_05,spider_nest2,0.94363,-3.0,4.0
second_05,wilson,0.905122,1.0,0.0
second_05,spider_nest3,0.901363,2.5,3.0
second_05,berry_bush,0.891165,1.5,6.0
second_05,berry_bush,0.884181,-0.5,-9.0
second_05,drumstick,0.844137,1.5,-3.0
second_05,rocks,0.72156,0.5,6.0
second_05,spider_nest2,0.954459,-1.5,2.0
second_05,berry_bush,0.9059,1.0,3.0
second_05,wilson,0.905058,-0.5,3.0
second_05,spider_nest3,0.905025,0.0,-2.0
second_05,berry_bush,0.885731,3.0,1.0
second_05,spider_nest1,0.881081,2.5,2.0
second_05,drumstick,0.833368,3.0,3.0
second_05,rocks,0.785846,-2.0,0.0
second_05,wilson,0.912285,1.5,0.0
second_05,berry_bush,0.894643,0.0,0.0
second_05,berry_bush,0.881132,5.0,-3.0
second_05,meat,0.860813,-0.5,2.0
second_05,spider_nest1,0.511186,-2.5,-3.0
second_05,spider_nest1,0.907665,2.0,3.0
second_05,wilson,0.894373,0.5,3.0
second_05,berry_bush,0.87245,1.5,0.0
second_05,berry_bush,0.867745,0.5,1.0
second_05,meat,0.855678,1.0,0.0
second_05,spider_nest1,0.926648,1.5,1.0
second_05,wilson,0.903886,1.0,1.0
second_05,berry_bush,0.888436,0.0,-3.0
second_05,wilson,0.908448,2.0,1.0
second_05,berry_bush,0.89637,0.5,2.0
second_05,spider_nest1,0.84697,0.5,4.0
second_05,wilson,0.913885,0.0,3.0
second_05,spider_nest1,0.672612,-2.0,-1.0
second_05,wilson,0.906133,0.0,0.0
second_05,spider_nest1,0.297699,-3.0,3.0
second_05,wilson,0.914307,0.5,3.0
second_05,wilson,0.894059,1.5,5.0
second_05,wilson,0.889924,0.5,1.0
second_05,spider_nest1,0.92295,0.5,3.0
second_05,wilson,0.909104,0.0,4.0
second_05,spider_nest2,0.86332,7.0,8.0
second_05,meat,0.807597,-2.5,-2.0
second_05,berry_bush,0.60541,1.5,1.0
second_05,berry_bush,0.922874,0.5,2.0
second_05,spider_nest1,0.918478,1.5,1.0
second_05,wilson,0.889437,1.5,2.0
second_05,spider_nest3,0.854035,5.5,6.0
second_05,berry_bush,0.852787,3.0,-9.0
second_05,meat,0.801304,1.0,5.0
second_05,spider_nest2,0.730921,2.5,1.0
second_05,rocks,0.729075,2.5,5.0
second_05,berry_bush,0.910976,2.0,0.0
second_05,spider_nest1,0.909922,-1.0,-2.0
second_05,wilson,0.902256,2.0,3.0
second_05,spider_nest2,0.836763,3.5,4.0
second_05,meat,0.834272,-1.0,2.0
second_05,drumstick,0.790827,0.0,-2.0
second_05,berry_bush,0.785253,7.0,-2.0
second_05,rocks,0.753384,3.0,6.0
second_05,berry_bush,0.91836,1.5,0.0
second_05,spider_nest1,0.915259,0.5,2.0
second_05,wilson,0.882822,2.0,2.0
second_05,meat,0.841763,-1.0,3.0
second_05,drumstick,0.811822,1.0,-1.0
second_05,berry_bush,0.761102,-0.5,11.0
second_05,spider_nest2,0.938415,0.0,1.0
second_05,wilson,0.912999,0.0,1.0
second_05,berry_bush,0.899155,1.0,1.0
second_05,spider_nest1,0.877225,1.5,1.0
second_05,drumstick,0.87103,2.0,2.0
second_05,berry_bush,0.842963,-1.0,-9.0
second_05,meat,0.8092,2.0,5.0
second_05,rocks,0.778968,-1.5,4.0
second_05,spider_nest2,0.923263,-1.5,3.0
second_05,spider_nest1,0.920793,0.5,0.0
second_05,wilson,0.913559,2.5,3.0
second_05,spider_nest3,0.901793,-4.0,-2.0
second_05,berry_bush,0.893301,1.5,0.0
second_05,berry_bush,0.84334,-5.0,-10.0
second_05,meat,0.839716,-1.0,1.0
second_05,rocks,0.83388,3.5,-4.0
second_05,drumstick,0.816363,0.0,2.0
second_05,rocks,0.427135,-43.5,-29.0
second_05,spider_nest3,0.934708,-1.5,5.0
second_05,spider_nest1,0.903705,1.0,2.0
second_05,wilson,0.889056,2.5,5.0
second_05,berry_bush,0.883156,1.5,1.0
second_05,rocks,0.846901,0.5,6.0
second_05,drumstick,0.840152,-1.0,-3.0
second_05,berry_bush,0.834716,4.0,3.0
second_05,meat,0.696002,0.0,4.0
second_05,spider_nest3,0.935395,-4.0,1.0
second_05,spider_nest1,0.917348,0.0,5.0
second_05,wilson,0.869252,1.5,6.0
second_05,berry_bush,0.86801,-0.5,2.0
second_05,berry_bush,0.856087,1.5,5.0
second_05,meat,0.840264,-0.5,-1.0
second_05,drumstick,0.831738,-0.5,-1.0
second_05,rocks,0.823851,1.5,0.0
second_05,spider_nest3,0.920298,-6.0,-1.0
second_05,berry_bush,0.893814,1.5,-1.0
second_05,spider_nest1,0.883986,1.5,1.0
second_05,wilson,0.874921,-0.5,1.0
second_05,berry_bush,0.855733,-5.5,-3.0
second_05,meat,0.840534,-2.5,-1.0
second_05,drumstick,0.825456,1.0,6.0
second_05,rocks,0.767582,-2.5,5.0
second_05,spider_nest3,0.91051,-6.5,7.0
second_05,drumstick,0.862959,-1.5,-3.0
second_05,wilson,0.858549,3.0,6.0
second_05,spider_nest1,0.853048,1.5,0.0
second_05,meat,0.827393,-1.5,-1.0
second_05,berry_bush,0.825457,-0.5,1.0
second_05,berry_bush,0.823839,5.5,-7.0
second_05,rocks,0.736984,-1.5,4.0
second_05,wilson,0.910996,0.0,0.0
second_05,spider_nest3,0.908913,1.0,8.0
second_05,spider_nest1,0.904754,3.5,3.0
second_05,berry_bush,0.883,1.5,0.0
second_05,drumstick,0.839995,3.5,3.0
second_05,berry_bush,0.818283,4.5,2.0
second_05,rocks,0.779599,1.0,3.0
second_05,spider_nest3,0.923446,1.5,1.0
second_05,spider_nest1,0.909215,4.5,3.0
second_05,wilson,0.899529,1.0,0.0
second_05,berry_bush,0.888152,-0.5,0.0
second_05,berry_bush,0.84348,-0.5,-8.0
second_05,drumstick,0.825562,1.5,-5.0
second_05,rocks,0.792767,-0.5,4.0
second_05,spider_nest3,0.941133,-2.5,-2.0
second_05,wilson,0.897468,1.0,-1.0
second_05,berry_bush,0.897175,0.5,3.0
second_05,meat,0.85966,1.0,3.0
second_05,berry_bush,0.722574,5.0,10.0
second_05,spider_nest3,0.948344,-5.0,0.0
second_05,meat,0.902539,1.0,0.0
second_05,berry_bush,0.89425,-0.5,-2.0
second_05,wilson,0.885222,1.5,2.0
second_05,drumstick,0.824843,0.0,10.0
second_05,berry_bush,0.760033,-4.0,-7.0
second_05,spider_nest3,0.924054,2.5,0.0
second_05,berry_bush,0.905805,0.5,2.0
second_05,wilson,0.880738,1.5,2.0
second_05,meat,0.879081,-0.5,1.0
second_05,berry_bush,0.816414,-4.0,-15.0
second_05,drumstick,0.814868,-0.5,0.0
second_05,spider_nest3,0.92626,1.5,2.0
second_05,wilson,0.903557,0.5,0.0
second_05,berry_bush,0.883482,-0.5,0.0
second_05,meat,0.862719,4.5,0.0
second_05,spider_nest1,0.857645,0.0,2.0
second_05,drumstick,0.850121,0.0,-1.0
second_05,berry_bush,0.824578,5.5,3.0
second_05,rocks,0.655486,2.5,-2.0
second_05,spider_nest1,0.934909,0.5,2.0
second_05,spider_nest3,0.92616,-1.5,-2.0
second_05,wilson,0.913515,0.5,3.0
second_05,berry_bush,0.910841,-1.0,2.0
second_05,berry_bush,0.875092,0.5,1.0
second_05,meat,0.871606,0.0,0.0
second_05,drumstick,0.853268,1.0,-2.0
second_05,rocks,0.842991,1.0,8.0
second_05,spider_nest2,0.463546,11.5,-3.0
second_05,spider_nest1,0.924446,1.5,3.0
second_05,wilson,0.908221,0.5,1.0
second_05,spider_nest3,0.896749,-5.0,8.0
second_05,berry_bush,0.895689,1.0,3.0
second_05,meat,0.86252,1.0,7.0
second_05,drumstick,0.824323,1.5,-5.0
second_05,berry_bush,0.810823,-1.5,-7.0
second_05,rocks,0.761993,0.5,5.0
second_05,spider_nest2,0.721958,4.0,-10.0
second_05,spider_nest1,0.901804,0.5,2.0
second_05,berry_bush,0.901596,0.0,0.0
second_05,spider_nest2,0.89893,3.0,3.0
second_05,wilson,0.881972,-1.0,0.0
second_05,berry_bush,0.86243,0.5,4.0
second_05,spider_nest3,0.840764,4.0,7.0
second_05,meat,0.836183,2.0,0.0
second_05,drumstick,0.799196,0.0,-1.0
second_05,rocks,0.741509,0.5,4.0
second_05,spider_nest1,0.935512,-2.0,1.0
second_05,wilson,0.897338,0.5,-2.0
second_05,berry_bush,0.890632,2.5,-2.0
second_05,berry_bush,0.887651,2.0,0.0
second_05,spider_nest2,0.885113,-0.5,5.0
second_05,meat,0.866892,2.0,0.0
second_05,drumstick,0.852897,-0.5,0.0
second_05,rocks,0.785641,0.5,7.0
second_05,spider_nest3,0.190776,4.0,4.0
second_05,spider_nest3,0.926863,-1.5,1.0
second_05,spider_nest1,0.921173,1.0,8.0
second_05,wilson,0.914754,0.5,4.0
second_05,berry_bush,0.884408,-0.5,1.0
second_05,meat,0.849784,1.5,2.0
second_05,berry_bush,0.836158,6.5,0.0
second_05,drumstick,0.822056,0.0,11.0
second_05,rocks,0.818503,2.0,3.0
second_05,wilson,0.90503,-1.5,3.0
second_05,spider_nest3,0.891255,2.0,4.0
second_05,meat,0.850961,1.5,3.0
second_05,drumstick,0.847414,4.0,7.0
second_05,berry_bush,0.80851,-1.0,-6.0
second_05,rocks,0.798307,0.5,6.0
second_05,spider_nest2,0.922685,3.0,3.0
second_05,wilson,0.907814,0.5,5.0
second_05,spider_nest3,0.888026,0.0,1.0
second_05,berry_bush,0.887144,0.5,-2.0
second_05,meat,0.8777,4.0,7.0
second_05,berry_bush,0.86284,-7.0,-7.0
second_05,drumstick,0.850421,5.0,-1.0
second_05,rocks,0.727161,-6.0,5.0
second_05,berry_bush,0.917088,1.5,4.0
second_05,wilson,0.896784,1.0,1.0
second_05,spider_nest3,0.866732,0.0,1.0
second_05,berry_bush,0.865393,0.0,-6.0
second_05,drumstick,0.836837,3.0,5.0
second_05,meat,0.83184,-1.0,1.0
second_05,wilson,0.914244,1.0,4.0
second_05,spider_nest3,0.88686,2.0,2.0
second_05,berry_bush,0.874708,1.0,-6.0
second_05,meat,0.828429,1.5,2.0
second_05,spider_nest1,0.739025,1.5,2.0
second_05,spider_nest3,0.915662,4.0,-2.0
second_05,wilson,0.912929,1.0,3.0
second_05,berry_bush,0.90303,2.0,2.0
second_05,berry_bush,0.871846,1.0,-9.0
second_05,meat,0.863233,0.0,0.0
second_05,drumstick,0.850415,1.5,6.0
second_05,rocks,0.817336,1.5,6.0
second_05,spider_nest3,0.924516,0.0,6.0
second_05,wilson,0.892345,-0.5,3.0
second_05,berry_bush,0.850325,1.5,-3.0
second_05,meat,0.846512,-0.5,2.0
second_05,rocks,0.807183,2.5,5.0
second_05,drumstick,0.791647,0.5,8.0
second_05,spider_nest3,0.923901,-2.5,5.0
second_05,wilson,0.913777,0.0,3.0
second_05,meat,0.861953,-2.0,1.0
second_05,berry_bush,0.850565,-7.5,-16.0
second_05,rocks,0.836617,-1.5,7.0
second_05,wilson,0.906231,-0.5,4.0
second_05,spider_nest3,0.90181,-2.5,-1.0
second_05,meat,0.816565,-0.5,2.0
second_05,berry_bush,0.792846,-5.0,-7.0
second_05,rocks,0.757612,1.5,5.0
second_05,berry_bush,0.173555,-3.0,0.0
second_05,spider_nest2,0.933361,1.5,1.0
second_05,spider_nest3,0.917129,-1.5,4.0
second_05,wilson,0.897408,0.0,3.0
second_05,meat,0.825164,0.5,3.0
second_05,rocks,0.742299,0.0,0.0
second_05,drumstick,0.42814,1.5,0.0
second_05,spider_nest2,0.938984,0.5,0.0
second_05,spider_nest3,0.917048,0.0,2.0
second_05,wilson,0.903267,-1.0,1.0
second_05,meat,0.82327,-3.0,8.0
second_05,rocks,0.77709,-1.5,6.0
second_05,spider_nest2,0.934622,-1.5,0.0
second_05,spider_nest3,0.905039,1.0,5.0
second_05,meat,0.881876,4.5,7.0
second_05,wilson,0.876295,0.5,6.0
second_05,rocks,0.762289,1.5,2.0
second_05,drumstick,0.576606,-1.0,4.0
second_05,spider_nest2,0.92843,6.0,-1.0
second_05,spider_nest1,0.918301,0.5,0.0
second_05,wilson,0.902121,2.0,2.0
second_05,berry_bush,0.848311,4.5,6.0
second_05,spider_nest3,0.841159,-2.5,3.0
second_05,rocks,0.751941,1.0,-2.0
second_05,spider_nest2,0.958426,2.5,5.0
second_05,wilson,0.893172,2.0,4.0
second_05,rocks,0.87669,-2.0,0.0
second_05,spider_nest2,0.968252,0.5,-1.0
second_05,wilson,0.906561,1.5,0.0
second_05,rocks,0.761803,1.5,4.0
second_05,spider_nest2,0.93921,0.0,2.0
second_05,wilson,0.906672,1.5,2.0
second_05,rocks,0.808934,3.5,4.0
second_05,spider_nest2,0.963777,1.5,2.0
second_05,spider_nest1,0.915271,1.5,1.0
second_05,wilson,0.904989,0.5,1.0
second_05,rocks,0.743193,2.5,1.0
second_05,berry_bush,0.739856,7.0,-5.0
second_05,spider_nest2,0.943204,2.5,2.0
second_05,spider_nest1,0.925134,1.5,0.0
second_05,wilson,0.89778,2.0,0.0
second_05,berry_bush,0.838437,8.0,7.0
second_05,rocks,0.755389,0.5,0.0
second_05,spider_nest1,0.940202,1.5,-1.0
second_05,wilson,0.913182,1.5,0.0
second_05,meat,0.826173,0.5,4.0
second_05,spider_nest2,0.8165,-0.5,-2.0
second_05,rocks,0.781993,2.5,0.0
second_05,wilson,0.886766,1.5,4.0
second_05,spider_nest1,0.872604,-0.5,3.0
second_05,spider_nest2,0.870822,6.5,7.0
second_05,meat,0.841019,2.5,8.0
second_05,rocks,0.835289,1.5,7.0
second_05,drumstick,0.542858,2.5,2.0
second_05,wilson,0.916603,-0.5,1.0
second_05,spider_nest1,0.908937,2.5,5.0
second_05,berry_bush,0.894915,1.0,2.0
second_05,meat,0.856023,-1.5,1.0
second_05,drumstick,0.339908,0.5,8.0
second_05,spider_nest1,0.924834,0.5,0.0
second_05,spider_nest2,0.918272,0.5,5.0
second_05,spider_nest3,0.888913,8.0,4.0
second_05,berry_bush,0.882104,-1.0,2.0
second_05,wilson,0.865952,0.0,1.0
second_05,meat,0.859116,-1.0,-3.0
second_05,drumstick,0.848495,0.0,5.0
second_05,berry_bush,0.8181,0.5,9.0
second_05,rocks,0.764857,1.0,5.0
second_05,spider_nest2,0.962009,-1.0,6.0
second_05,spider_nest1,0.916247,-1.5,2.0
second_05,spider_nest3,0.908045,14.0,4.0
second_05,wilson,0.873341,2.5,4.0
second_05,meat,0.868905,1.0,2.0
second_05,berry_bush,0.862077,0.5,2.0
second_05,drumstick,0.849792,0.5,-5.0
second_05,berry_bush,0.808766,-5.5,-3.0
second_05,rocks,0.801293,2.5,7.0
second_05,spider_nest2,0.954416,2.0,5.0
second_05,spider_nest1,0.912739,-2.5,0.0
second_05,spider_nest3,0.898062,10.0,11.0
second_05,berry_bush,0.886712,0.5,-1.0
second_05,wilson,0.876276,2.0,1.0
second_05,meat,0.864936,3.0,8.0
second_05,drumstick,0.845753,1.0,3.0
second_05,berry_bush,0.820519,-3.0,-4.0
second_05,rocks,0.782177,0.0,4.0
second_05,spider_nest1,0.945739,1.0,-1.0
second_05,spider_nest2,0.913719,-1.0,3.0
second_05,spider_nest3,0.897409,8.5,2.0
second_05,wilson,0.893182,0.5,2.0
second_05,berry_bush,0.877851,-0.5,4.0
second_05,drumstick,0.844384,4.5,-3.0
second_05,meat,0.815753,0.0,4.0
second_05,rocks,0.773339,-0.5,5.0
second_05,berry_bush,0.773156,-6.5,5.0
second_05,spider_nest1,0.924621,1.5,0.0
second_05,spider_nest3,0.901802,8.5,4.0
second_05,berry_bush,0.885809,1.5,0.0
second_05,wilson,0.884987,0.0,4.0
second_05,meat,0.860572,-0.5,-1.0
second_05,drumstick,0.858385,3.0,0.0
second_05,spider_nest2,0.856073,-1.5,3.0
second_05,berry_bush,0.838312,1.5,-1.0
second_05,rocks,0.746252,-2.0,3.0
second_05,spider_nest2,0.925593,-1.5,3.0
second_05,spider_nest1,0.91834,2.5,0.0
second_05,spider_nest3,0.891378,13.0,4.0
second_05,berry_bush,0.88379,0.5,0.0
second_05,wilson,0.881013,0.0,3.0
second_05,meat,0.872072,-0.5,0.0
second_05,drumstick,0.847312,2.5,3.0
second_05,berry_bush,0.824371,-3.0,1.0
second_05,rocks,0.723076,-2.5,2.0
second_05,spider_warrior,0.908986,0.0,-8.0
second_05,wilson,0.905282,3.5,2.0
second_05,spider_warrior,0.874285,2.5,3.0
second_05,frog,0.845375,-0.5,10.0
second_05,tallbird,0.793039,3.0,-14.0
second_05,wilson,0.893321,1.5,4.0
second_05,spider_warrior,0.888547,1.5,7.0
second_05,frog,0.878071,1.5,3.0
second_05,spider_warrior,0.845828,4.0,4.0
second_05,tallbird,0.740348,0.0,2.0
second_05,tallbird,0.295129,-1.0,-94.0
second_05,wilson,0.893696,-2.0,6.0
second_05,tallbird,0.862252,-5.5,-4.0
second_05,spider_warrior,0.851696,-2.5,3.0
second_05,frog,0.849475,-1.0,8.0
second_05,spider_warrior,0.841,0.5,2.0
second_05,frog,0.838362,1.0,4.0
second_05,wilson,0.89631,1.5,3.0
second_05,tallbird,0.893798,3.5,-1.0
second_05,frog,0.843414,-0.5,5.0
second_05,frog,0.81649,-1.0,6.0
second_05,spider_warrior,0.801909,-4.0,10.0
second_05,tallbird,0.883186,3.5,9.0
second_05,wilson,0.881048,-6.0,4.0
second_05,spider_warrior,0.865268,-4.0,8.0
second_05,frog,0.858037,1.0,3.0
second_05,frog,0.823259,1.5,5.0
second_05,wilson,0.905032,5.0,2.0
second_05,frog,0.85142,1.0,1.0
second_05,frog,0.828888,-1.0,3.0
second_05,spider_warrior,0.823045,1.0,7.0
second_05,wilson,0.89318,-1.5,-1.0
second_05,frog,0.846456,1.5,-1.0
second_05,spider_warrior,0.837526,-2.0,7.0
second_05,frog,0.767572,-0.5,7.0
second_05,wilson,0.883646,1.0,8.0
second_05,spider_warrior,0.859995,4.5,7.0
second_05,frog,0.851666,0.5,5.0
second_05,frog,0.850099,2.0,3.0
second_05,tallbird,0.886517,1.0,4.0
second_05,wilson,0.874394,-0.5,8.0
second_05,frog,0.87047,-1.5,0.0
second_05,spider_warrior,0.833297,-1.0,0.0
second_05,spider_warrior,0.793835,-3.0,6.0
second_05,frog,0.76917,2.0,3.0
second_05,wilson,0.898719,-5.0,1.0
second_05,frog,0.859409,0.0,6.0
second_05,frog,0.852386,1.5,-3.0
second_05,tallbird,0.839228,-0.5,5.0
second_05,spider_warrior,0.821798,-3.0,-1.0
second_05,spider_warrior,0.818734,-1.5,1.0
second_05,wilson,0.894205,-2.5,3.0
second_05,spider_warrior,0.848376,-2.0,6.0
second_05,frog,0.82043,1.0,9.0
second_05,tallbird,0.814631,0.5,0.0
second_05,frog,0.751965,-2.5,1.0
second_05,spider_warrior,0.633487,0.0,9.0
second_05,spider_warrior,0.474591,-2.0,93.0
second_05,wilson,0.885666,0.5,9.0
second_05,tallbird,0.827279,-0.5,-2.0
second_05,spider_warrior,0.808738,-2.5,27.0
second_05,frog,0.792245,-4.0,6.0
second_05,frog,0.784265,0.0,7.0
second_05,spider_warrior,0.369736,-9.5,0.0
second_05,wilson,0.886196,3.0,1.0
second_05,spider_warrior,0.865769,2.0,5.0
second_05,frog,0.778851,4.0,-2.0
second_05,tallbird,0.110228,28.5,18.0
second_05,wilson,0.885836,0.5,3.0
second_05,tallbird,0.871114,7.0,3.0
second_05,frog,0.840796,0.5,1.0
second_05,spider_warrior,0.829638,-7.5,1.0
second_05,wilson,0.901714,0.5,4.0
second_05,tallbird,0.880268,1.0,8.0
second_05,spider_warrior,0.852391,-1.5,-2.0
second_05,frog,0.843375,-1.0,2.0
second_05,frog,0.831982,1.5,5.0
second_05,wilson,0.896608,-1.0,-4.0
second_05,frog,0.866364,0.0,-1.0
second_05,tallbird,0.860171,3.0,6.0
second_05,spider_warrior,0.858072,4.5,1.0
second_05,wilson,0.905136,-0.5,-5.0
second_05,spider_warrior,0.864489,0.5,0.0
second_05,tallbird,0.839169,9.0,-2.0
second_05,spider_warrior,0.398643,25.5,0.0
second_05,frog,0.329576,-0.5,6.0
second_05,wilson,0.901776,6.5,0.0
second_05,tallbird,0.816623,-3.5,53.0
second_05,spider_warrior,0.806831,0.5,3.0
second_05,frog,0.711516,1.5,5.0
second_05,wilson,0.89908,3.0,6.0
second_05,tallbird,0.655317,1.0,-4.0
second_05,wilson,0.912219,-0.5,4.0
second_05,tallbird,0.83879,-1.5,2.0
second_05,spider_warrior,0.831341,3.5,5.0
second_05,spider_warrior,0.290421,15.5,-10.0
second_05,wilson,0.910549,1.5,2.0
second_05,tallbird,0.842944,8.0,-6.0
second_05,spider_warrior,0.60963,-0.5,11.0
second_05,wilson,0.906895,1.5,2.0
second_05,tallbird,0.856587,-4.0,8.0
second_05,wilson,0.917045,-2.5,6.0
second_05,tallbird,0.913519,1.0,-3.0
second_05,frog,0.813287,-0.5,2.0
second_05,spider_warrior,0.797724,1.5,3.0
second_05,spider_warrior,0.847719,-1.5,-1.0
second_05,tallbird,0.836205,1.0,6.0
second_05,frog,0.835664,-2.5,2.0
second_05,wilson,0.90719,-1.5,2.0
second_05,spider_warrior,0.84331,3.0,6.0
second_05,tallbird,0.832429,-0.5,13.0
second_05,tallbird,0.897149,0.0,0.0
second_05,wilson,0.882206,-1.0,-2.0
second_05,spider_warrior,0.86123,-1.5,4.0
second_05,frog,0.834129,-0.5,7.0
second_05,wilson,0.884735,2.0,6.0
second_05,tallbird,0.865116,3.5,5.0
second_05,spider_warrior,0.84579,4.0,5.0
second_05,frog,0.835438,1.5,5.0
second_05,tallbird,0.890584,3.0,5.0
second_05,wilson,0.887752,5.5,16.0
second_05,frog,0.843986,0.0,6.0
second_05,spider_warrior,0.792084,12.0,-3.0
second_05,wilson,0.897825,0.0,3.0
second_05,tallbird,0.698216,-0.5,-20.0
second_05,tallbird,0.910492,-5.0,9.0
second_05,wilson,0.89644,-2.0,-7.0
second_05,frog,0.845895,0.5,4.0
second_05,spider_warrior,0.750413,0.0,48.0
second_05,spider_warrior,0.418214,-1.0,12.0
second_05,wilson,0.878487,-1.0,4.0
second_05,tallbird,0.863001,-2.5,7.0
second_05,spider_warrior,0.845879,-0.5,2.0
second_05,frog,0.843773,1.0,-3.0
second_05,wilson,0.902314,2.5,-14.0
second_05,tallbird,0.862952,-9.0,0.0
second_05,frog,0.860044,1.0,-1.0
second_05,spider_warrior,0.829031,-1.0,4.0
second_05,wilson,0.901463,1.5,1.0
second_05,spider_warrior,0.88488,2.5,-2.0
second_05,tallbird,0.861632,-1.0,20.0
second_05,frog,0.811527,-1.5,-1.0
second_05,wilson,0.887236,-2.0,-8.0
second_05,tallbird,0.862541,-3.0,3.0
second_05,spider_warrior,0.842132,5.0,-8.0
second_05,wilson,0.902733,2.5,-1.0
second_05,tallbird,0.875618,9.0,-5.0
second_05,spider_warrior,0.859774,-0.5,-3.0
second_05,frog,0.826265,-0.5,3.0
second_05,wilson,0.913075,3.0,5.0
second_05,frog,0.824795,3.0,2.0
second_05,spider_warrior,0.823541,1.5,2.0
second_05,tallbird,0.813164,9.0,-4.0
second_05,tallbird,0.562337,54.0,-1.0
second_05,tallbird,0.335935,-5.0,5.0
second_05,wilson,0.892436,-2.5,2.0
second_05,tallbird,0.855615,3.5,-4.0
second_05,spider_warrior,0.847437,3.0,2.0
second_05,wilson,0.898317,0.0,2.0
second_05,frog,0.839759,0.5,2.0
second_05,tallbird,0.837379,-1.5,-14.0
second_05,spider_warrior,0.794327,3.0,11.0
second_05,spider_warrior,0.164554,3.0,5.0
second_05,spider_warrior,0.130212,-7.0,5.0
second_05,wilson,0.908123,1.5,2.0
second_05,spider_warrior,0.860974,6.5,-2.0
second_05,tallbird,0.820406,-4.5,0.0
second_05,frog,0.481302,1.5,-4.0
second_05,frog,0.159661,3.5,3.0
second_05,wilson,0.877694,1.0,6.0
second_05,spider_warrior,0.85154,-3.0,2.0
second_05,frog,0.843065,4.0,-4.0
second_05,tallbird,0.825276,-1.0,0.0
second_05,wilson,0.894157,1.0,-7.0
second_05,tallbird,0.871533,3.5,3.0
second_05,frog,0.72298,1.5,2.0
second_05,wilson,0.884762,1.5,-1.0
second_05,tallbird,0.83701,-11.5,16.0
second_05,frog,0.794878,-0.5,0.0
second_05,spider_warrior,0.778835,-0.5,6.0
second_05,wilson,0.904281,-0.5,-6.0
second_05,tallbird,0.843724,-5.0,-2.0
second_05,frog,0.308174,2.0,2.0
second_05,spider_warrior,0.109037,-5.0,43.0
second_05,spider_warrior,0.781473,-1.5,8.0
second_05,wilson,0.631351,-5.5,6.0
second_05,wilson,0.403851,-27.5,4.0
second_05,wilson,0.902463,3.0,1.0
second_05,honey,0.854663,2.5,3.0
second_05,frog_legs,0.839121,-3.0,6.0
second_05,seeds,0.837952,-1.5,1.0
second_05,log,0.805181,-1.5,5.0
second_05,meat,0.802301,-1.5,1.0
second_05,fish,0.800877,0.0,6.0
second_05,monster_meat,0.797183,1.5,1.0
second_05,morsel,0.783565,-2.5,5.0
second_05,seeds,0.686951,1.0,6.0
second_05,wilson,0.900087,-2.5,3.0
second_05,frog_legs,0.848074,0.5,6.0
second_05,honey,0.834935,1.0,6.0
second_05,monster_meat,0.821066,-1.0,1.0
second_05,meat,0.819186,-0.5,2.0
second_05,seeds,0.814071,2.0,3.0
second_05,morsel,0.792611,-1.0,3.0
second_05,fish,0.789813,2.0,-4.0
second_05,log,0.779802,0.5,8.0
second_05,seeds,0.687578,-3.5,7.0
second_05,spider_nest3,0.913524,8.5,-5.0
second_05,wilson,0.889928,0.5,-5.0
second_05,frog_legs,0.830541,2.5,2.0
second_05,honey,0.828327,2.5,-1.0
second_05,monster_meat,0.82303,0.0,1.0
second_05,meat,0.822083,-0.5,3.0
second_05,seeds,0.818119,1.0,1.0
second_05,morsel,0.797358,-1.5,3.0
second_05,log,0.794974,-0.5,3.0
second_05,seeds,0.766333,-1.5,6.0
second_05,fish,0.748074,3.5,4.0
second_05,seeds,0.136942,60.0,-23.0
second_05,spider_nest3,0.934543,4.0,1.0
second_05,wilson,0.894758,-0.5,-3.0
second_05,honey,0.859066,-1.0,0.0
second_05,fish,0.848826,-3.0,2.0
second_05,seeds,0.833608,1.0,1.0
second_05,frog_legs,0.832555,0.5,4.0
second_05,meat,0.826548,-0.5,1.0
second_05,monster_meat,0.799132,0.5,3.0
second_05,log,0.776676,2.5,3.0
second_05,morsel,0.75192,-1.5,4.0
second_05,seeds,0.738251,-2.0,6.0
second_05,spider_nest3,0.917632,6.0,-9.0
second_05,wilson,0.902476,0.0,-1.0
second_05,frog_legs,0.861522,2.0,4.0
second_05,honey,0.850373,-0.5,5.0
second_05,meat,0.844795,-1.0,-1.0
second_05,seeds,0.831501,-1.5,3.0
second_05,monster_meat,0.820615,1.5,3.0
second_05,seeds,0.819534,-3.0,5.0
second_05,fish,0.788547,-1.0,2.0
second_05,log,0.764353,1.0,2.0
second_05,morsel,0.722246,-2.0,5.0
second_05,spider_nest3,0.925616,-4.0,-1.0
second_05,wilson,0.893513,-3.0,1.0
second_05,seeds,0.880667,1.5,2.0
second_05,frog_legs,0.855887,1.0,8.0
second_05,log,0.842816,0.0,4.0
second_05,meat,0.842611,0.0,3.0
second_05,seeds,0.841945,0.5,5.0
second_05,fish,0.830959,0.5,-3.0
second_05,monster_meat,0.81771,2.5,-2.0
second_05,honey,0.811257,1.0,0.0
second_05,morsel,0.773043,1.0,2.0
second_05,spider_nest3,0.930297,0.0,-2.0
second_05,wilson,0.906211,0.5,5.0
second_05,frog_legs,0.868433,2.0,3.0
second_05,meat,0.851433,-1.5,2.0
second_05,honey,0.846795,2.0,3.0
second_05,seeds,0.846453,-2.0,2.0
second_05,seeds,0.845775,0.5,6.0
second_05,monster_meat,0.842353,1.0,0.0
second_05,log,0.838425,3.5,-4.0
second_05,morsel,0.798342,3.0,0.0
second_05,fish,0.687861,1.5,9.0
second_05,seeds,0.557955,62.5,65.0
second_05,spider_nest3,0.920734,-0.5,0.0
second_05,wilson,0.909802,0.5,2.0
second_05,log,0.870086,0.0,4.0
second_05,frog_legs,0.869922,0.0,9.0
second_05,seeds,0.86981,0.5,1.0
second_05,monster_meat,0.854128,0.5,3.0
second_05,meat,0.847402,-1.5,0.0
second_05,honey,0.8426,-1.0,6.0
second_05,seeds,0.830308,-3.5,-2.0
second_05,morsel,0.796854,-1.0,4.0
second_05,fish,0.76973,1.5,-1.0
second_05,spider_nest3,0.932684,-3.5,-7.0
second_05,wilson,0.881901,-1.5,12.0
second_05,frog_legs,0.868526,2.0,-1.0
second_05,log,0.86542,2.5,-1.0
second_05,honey,0.857283,-2.0,1.0
second_05,seeds,0.853336,0.5,1.0
second_05,seeds,0.832479,0.5,5.0
second_05,morsel,0.794906,0.5,-3.0
second_05,meat,0.779088,2.0,-1.0
second_05,monster_meat,0.775294,7.0,-1.0
second_05,fish,0.521807,1.5,2.0
second_05,spider_nest3,0.933552,-2.5,-12.0
second_05,wilson,0.905225,0.5,4.0
second_05,frog_legs,0.878714,2.5,3.0
second_05,honey,0.844335,0.0,7.0
second_05,meat,0.832351,-1.5,0.0
second_05,seeds,0.829126,-0.5,-1.0
second_05,morsel,0.828999,0.5,1.0
second_05,seeds,0.811091,4.5,2.0
second_05,log,0.773752,6.0,4.0
second_05,monster_meat,0.757029,4.0,1.0
second_05,fish,0.746089,0.0,2.0
second_05,seeds,0.166904,68.5,68.0
second_05,wilson,0.888586,2.0,10.0
second_05,frog_legs,0.867266,2.0,2.0
second_05,monster_meat,0.851733,3.5,3.0
second_05,meat,0.847834,-1.5,0.0
second_05,honey,0.845704,0.5,3.0
second_05,seeds,0.841919,-1.0,3.0
second_05,seeds,0.833834,-2.5,1.0
second_05,fish,0.81524,0.0,-2.0
second_05,log,0.812694,1.0,8.0
second_05,morsel,0.72864,2.0,-2.0
second_05,spider_nest3,0.936111,-5.0,-4.0
second_05,wilson,0.896013,2.5,1.0
second_05,honey,0.853836,2.0,6.0
second_05,monster_meat,0.848109,6.5,3.0
second_05,seeds,0.843883,1.0,1.0
second_05,log,0.837958,0.5,6.0
second_05,seeds,0.837853,4.0,2.0
second_05,meat,0.822215,0.5,2.0
second_05,morsel,0.82138,-1.0,2.0
second_05,fish,0.79093,2.0,-3.0
second_05,frog_legs,0.649015,1.5,5.0
second_05,spider_nest3,0.921112,0.0,-5.0
second_05,wilson,0.914281,-2.0,2.0
second_05,frog_legs,0.889857,1.0,1.0
second_05,honey,0.868539,0.5,7.0
second_05,seeds,0.859132,3.0,1.0
second_05,seeds,0.854441,0.5,1.0
second_05,fish,0.832249,1.0,6.0
second_05,meat,0.804091,-2.5,4.0
second_05,monster_meat,0.802432,3.5,0.0
second_05,morsel,0.785015,0.5,1.0
second_05,log,0.707009,1.5,2.0
second_05,spider_nest3,0.924064,10.0,-7.0
second_05,seeds,0.891221,-2.5,-1.0
second_05,wilson,0.888015,-0.5,4.0
second_05,seeds,0.858148,-1.0,6.0
second_05,honey,0.846034,-0.5,5.0
second_05,fish,0.837532,4.0,1.0
second_05,meat,0.814154,-2.5,1.0
second_05,monster_meat,0.811491,3.0,1.0
second_05,frog_legs,0.783414,-2.5,5.0
second_05,log,0.743801,4.0,1.0
second_05,morsel,0.710566,1.5,-2.0
second_05,spider_nest3,0.92207,-1.5,-4.0
second_05,wilson,0.89494,-3.0,3.0
second_05,frog_legs,0.88899,2.5,5.0
second_05,honey,0.830493,0.0,4.0
second_05,log,0.829701,0.5,3.0
second_05,monster_meat,0.828911,2.5,1.0
second_05,meat,0.827538,1.0,3.0
second_05,seeds,0.826552,2.0,-2.0
second_05,fish,0.807936,2.0,1.0
second_05,morsel,0.80784,1.0,1.0
second_05,seeds,0.778138,0.0,-3.0
second_05,wilson,0.895209,0.0,-1.0
second_05,spider_nest3,0.878879,-4.0,-3.0
second_05,seeds,0.81287,-8.0,3.0
second_05,frog_legs,0.808623,2.5,3.0
second_05,honey,0.805979,2.0,-1.0
second_05,fish,0.765202,5.0,5.0
second_05,monster_meat,0.721702,1.5,0.0
second_05,log,0.631229,-0.5,3.0
second_05,morsel,0.466583,-1.5,2.0
second_05,seeds,0.163084,-2.5,1.0
second_05,wilson,0.908651,2.5,3.0
second_05,spider_nest3,0.887378,-2.5,8.0
second_05,fish,0.826798,1.5,2.0
second_05,honey,0.789797,0.5,5.0
second_05,log,0.184101,-0.5,10.0
second_05,wilson,0.908691,-1.0,8.0
second_05,spider_nest3,0.887496,-13.5,9.0
second_05,wilson,0.891135,-1.0,2.0
second_05,spider_nest3,0.890917,-10.0,4.0
second_05,honey,0.827903,2.0,4.0
second_05,fish,0.800434,4.5,1.0
second_05,log,0.651335,1.5,3.0
second_05,wilson,0.915985,1.0,1.0
second_05,spider_nest3,0.897397,-9.5,11.0
second_05,fish,0.824901,1.0,5.0
second_05,log,0.795924,-1.0,2.0
second_05,seeds,0.75609,2.0,-1.0
second_05,honey,0.715067,-2.0,6.0
second_05,seeds,0.692309,-1.0,3.0
second_05,frog_legs,0.492324,2.5,3.0
second_05,wilson,0.905266,-2.5,11.0
second_05,spider_nest3,0.8627,3.0,15.0
second_05,fish,0.8257,1.0,0.0
second_05,seeds,0.819363,-2.5,5.0
second_05,honey,0.802933,0.0,2.0
second_05,seeds,0.797438,-8.0,7.0
second_05,log,0.673505,-2.0,3.0
second_05,wilson,0.903942,-0.5,-3.0
second_05,spider_nest3,0.891643,-2.0,-3.0
second_05,seeds,0.87567,-3.0,1.0
second_05,fish,0.862987,2.5,0.0
second_05,honey,0.833847,1.5,6.0
second_05,seeds,0.659017,-7.0,5.0
second_05,spider_nest3,0.915969,-4.0,2.0
second_05,wilson,0.909533,0.0,9.0
second_05,fish,0.850419,2.0,4.0
second_05,seeds,0.813906,-2.5,5.0
second_05,honey,0.791794,3.5,1.0
second_05,seeds,0.731782,1.0,3.0
second_05,wilson,0.905958,-2.0,5.0
second_05,spider_nest3,0.905527,-10.0,5.0
second_05,fish,0.853535,4.5,3.0
second_05,honey,0.843751,0.0,1.0
second_05,seeds,0.795914,-3.0,2.0
second_05,seeds,0.667113,3.5,1.0
second_05,wilson,0.910592,-2.0,8.0
second_05,spider_nest3,0.906375,-2.5,10.0
second_05,fish,0.852181,1.0,3.0
second_05,seeds,0.820008,-1.0,3.0
second_05,honey,0.800288,3.5,5.0
second_05,spider_nest3,0.930513,-3.0,5.0
second_05,wilson,0.899317,1.5,5.0
second_05,seeds,0.862356,-3.0,6.0
second_05,fish,0.860676,-4.0,5.0
second_05,honey,0.81575,-2.5,0.0
second_05,seeds,0.288067,18.0,64.0
second_05,spider_nest3,0.94152,-3.0,8.0
second_05,honey,0.88575,2.5,2.0
second_05,wilson,0.885327,0.5,2.0
second_05,fish,0.857653,3.5,-2.0
second_05,seeds,0.847046,-2.0,6.0
second_05,seeds,0.475861,25.0,66.0
second_05,wilson,0.888437,-0.5,5.0
second_05,seeds,0.880081,0.5,3.0
second_05,fish,0.871414,2.5,-2.0
second_05,honey,0.852972,-3.0,2.0
second_05,seeds,0.850486,0.0,2.0
second_05,seeds,0.160638,35.0,74.0
second_05,wilson,0.909193,-1.5,2.0
second_05,honey,0.870209,1.5,5.0
second_05,seeds,0.864091,0.5,4.0
second_05,seeds,0.862494,1.5,-2.0
second_05,frog_legs,0.858062,3.0,5.0
second_05,fish,0.840372,3.5,4.0
second_05,log,0.795291,-1.0,-2.0
second_05,seeds,0.473473,49.5,74.0
second_05,wilson,0.887434,0.5,1.0
second_05,fish,0.876476,2.0,8.0
second_05,frog_legs,0.870702,4.0,7.0
second_05,seeds,0.847823,4.0,2.0
second_05,honey,0.827679,0.0,-2.0
second_05,morsel,0.817507,-1.5,-2.0
second_05,log,0.784067,-0.5,0.0
second_05,seeds,0.748596,-3.5,8.0
second_05,wilson,0.887747,4.5,0.0
second_05,frog_legs,0.860927,0.0,1.0
second_05,seeds,0.860119,2.5,0.0
second_05,honey,0.841301,2.0,7.0
second_05,morsel,0.839611,5.5,6.0
second_05,seeds,0.838853,0.5,1.0
second_05,log,0.835026,2.0,3.0
second_05,fish,0.823643,2.0,1.0
second_05,honey,0.886517,-1.0,-3.0
second_05,wilson,0.880558,-1.5,6.0
second_05,frog_legs,0.870169,0.0,-2.0
second_05,log,0.841775,-1.5,-7.0
second_05,seeds,0.839153,-0.5,1.0
second_05,morsel,0.836546,1.0,2.0
second_05,seeds,0.83597,0.5,2.0
second_05,fish,0.679133,1.0,7.0
second_05,fish,0.51612,-3.0,0.0
second_05,fish,0.151638,-18.0,-8.0
second_05,wilson,0.899048,0.5,9.0
second_05,seeds,0.878957,0.5,3.0
second_05,meat,0.866461,2.0,1.0
second_05,monster_meat,0.861086,3.0,-3.0
second_05,frog_legs,0.849932,-1.5,5.0
second_05,log,0.84913,0.0,11.0
second_05,fish,0.842109,3.0,7.0
second_05,honey,0.834503,-0.5,5.0
second_05,morsel,0.823322,0.0,4.0
second_05,seeds,0.805703,-1.0,5.0
second_05,wilson,0.895512,0.0,1.0
second_05,honey,0.876093,1.0,5.0
second_05,meat,0.873392,-0.5,3.0
second_05,morsel,0.867791,-0.5,1.0
second_05,frog_legs,0.857494,-0.5,4.0
second_05,seeds,0.856807,5.0,4.0
second_05,seeds,0.843418,1.0,1.0
second_05,log,0.83601,4.0,4.0
second_05,fish,0.790324,2.5,5.0
second_05,monster_meat,0.767716,4.0,4.0
second_05,wilson,0.908726,0.0,1.0
second_05,frog_legs,0.870136,1.5,5.0
second_05,seeds,0.864692,3.5,1.0
second_05,log,0.861809,-1.0,5.0
second_05,monster_meat,0.848987,4.0,1.0
second_05,meat,0.837609,0.5,5.0
second_05,seeds,0.815668,-0.5,1.0
second_05,fish,0.811588,-1.5,6.0
second_05,morsel,0.790199,-0.5,-1.0
second_05,wilson,0.898682,3.5,3.0
second_05,seeds,0.892781,1.0,2.0
second_05,seeds,0.857616,-0.5,1.0
second_05,log,0.84024,-2.5,1.0
second_05,frog_legs,0.838712,-5.5,0.0
second_05,meat,0.831113,-2.0,-1.0
second_05,morsel,0.829521,-2.5,0.0
second_05,monster_meat,0.816505,1.0,-2.0
second_05,seeds,0.467388,57.0,-39.0
second_05,wilson,0.889485,2.5,10.0
second_05,seeds,0.884287,3.0,6.0
second_05,frog_legs,0.879434,-1.5,3.0
second_05,seeds,0.855822,-1.0,4.0
second_05,monster_meat,0.846612,2.5,6.0
second_05,log,0.82331,-0.5,5.0
second_05,meat,0.818388,-2.0,3.0
second_05,morsel,0.794838,1.5,-1.0
second_05,wilson,0.911051,1.0,7.0
second_05,frog_legs,0.858148,0.5,4.0
second_05,meat,0.852942,3.0,0.0
second_05,seeds,0.852541,0.5,3.0
second_05,log,0.836766,-4.0,1.0
second_05,morsel,0.793809,1.5,3.0
second_05,monster_meat,0.568883,3.5,0.0
second_05,wilson,0.915103,2.5,5.0
second_05,frog_legs,0.86746,1.5,8.0
second_05,meat,0.86113,-2.5,2.0
second_05,morsel,0.831889,1.0,5.0
second_05,log,0.83145,3.5,3.0
second_05,seeds,0.811135,-4.5,1.0
second_05,monster_meat,0.550538,4.5,5.0
second_05,wilson,0.888711,2.5,5.0
second_05,frog_legs,0.879478,-1.5,2.0
second_05,log,0.84531,2.0,2.0
second_05,monster_meat,0.837833,3.5,-4.0
second_05,seeds,0.818181,0.0,-2.0
second_05,morsel,0.808712,1.0,-3.0
second_05,wilson,0.91101,2.5,5.0
second_05,meat,0.871019,0.0,-1.0
second_05,frog_legs,0.858127,1.5,1.0
second_05,log,0.852702,0.0,-1.0
second_05,seeds,0.819676,2.0,2.0
second_05,morsel,0.812822,2.5,-4.0
second_05,monster_meat,0.624409,5.0,5.0
second_05,wilson,0.900386,-1.0,5.0
second_05,meat,0.85655,-0.5,3.0
second_05,frog_legs,0.853674,1.5,2.0
second_05,log,0.846706,-3.5,4.0
second_05,seeds,0.819957,-1.5,0.0
second_05,morsel,0.783573,0.0,-1.0
second_05,monster_meat,0.775612,0.5,3.0
second_05,wilson,0.894376,-1.0,4.0
second_05,frog_legs,0.873504,-0.5,2.0
second_05,meat,0.865139,1.5,4.0
second_05,log,0.838571,1.0,5.0
second_05,seeds,0.823516,4.5,0.0
second_05,morsel,0.768267,-1.0,0.0
second_05,monster_meat,0.709323,2.0,1.0
second_05,wilson,0.913135,-4.5,5.0
second_05,frog_legs,0.886504,2.0,-6.0
second_05,meat,0.86458,-2.5,0.0
second_05,log,0.849574,3.0,3.0
second_05,seeds,0.835249,-1.0,8.0
second_05,seeds,0.829198,0.0,4.0
second_05,monster_meat,0.751131,3.0,1.0
second_05,wilson,0.903196,1.0,3.0
second_05,frog_legs,0.866414,-0.5,6.0
second_05,seeds,0.856882,1.5,1.0
second_05,morsel,0.851524,3.0,-2.0
second_05,log,0.830615,-2.5,2.0
second_05,meat,0.828368,-1.0,2.0
second_05,monster_meat,0.787617,-2.5,1.0
second_05,fish,0.780671,-1.0,9.0
second_05,wilson,0.892663,2.5,1.0
second_05,monster_meat,0.859397,-2.5,2.0
second_05,seeds,0.856921,5.0,2.0
second_05,meat,0.841386,-0.5,1.0
second_05,log,0.828943,2.0,3.0
second_05,morsel,0.809372,5.0,1.0
second_05,seeds,0.79036,1.5,-1.0
second_05,fish,0.767388,5.0,3.0
second_05,wilson,0.893881,-5.0,8.0
second_05,honey,0.876967,-2.5,4.0
second_05,seeds,0.861191,3.0,1.0
second_05,frog_legs,0.861018,-2.0,5.0
second_05,log,0.842285,3.0,-2.0
second_05,fish,0.815484,0.5,1.0
second_05,morsel,0.784886,0.0,4.0
second_05,seeds,0.895696,3.0,8.0
second_05,wilson,0.885694,1.0,8.0
second_05,fish,0.867087,3.0,9.0
second_05,frog_legs,0.84277,2.5,11.0
second_05,log,0.837131,3.5,9.0
second_05,honey,0.833166,-1.5,2.0
second_05,seeds,0.776105,5.5,-1.0
second_05,wilson,0.888692,-4.0,3.0
second_05,seeds,0.871063,0.5,-1.0
second_05,honey,0.867426,1.0,2.0
second_05,seeds,0.847262,4.5,1.0
second_05,frog_legs,0.842607,-1.0,8.0
second_05,log,0.818557,0.5,12.0
second_05,fish,0.771526,0.5,3.0
second_05,wilson,0.893323,4.0,7.0
second_05,seeds,0.862594,-2.5,4.0
second_05,frog_legs,0.855918,2.5,8.0
second_05,honey,0.855202,-2.5,9.0
second_05,log,0.848581,-3.5,0.0
second_05,fish,0.778435,-2.5,9.0
second_05,seeds,0.494814,1.5,7.0
second_05,wilson,0.898663,0.5,3.0
second_05,frog_legs,0.87093,-0.5,4.0
second_05,fish,0.854595,3.0,6.0
second_05,seeds,0.854516,-1.0,1.0
second_05,log,0.833333,5.0,6.0
second_05,honey,0.818904,0.0,5.0
second_05,seeds,0.796111,2.0,0.0
second_05,morsel,0.779733,1.5,4.0
second_05,spider_nest3,0.935463,5.0,7.0
second_05,wilson,0.895492,1.5,10.0
second_05,frog_legs,0.87491,-2.0,0.0
second_05,seeds,0.850236,1.5,-2.0
second_05,morsel,0.844303,-1.0,2.0
second_05,log,0.837937,2.0,2.0
second_05,honey,0.822987,3.0,2.0
second_05,fish,0.814361,2.0,2.0
second_05,seeds,0.77932,2.0,3.0
second_05,monster_meat,0.760388,2.5,6.0
second_05,seeds,0.308015,60.0,69.0
second_05,spider_nest3,0.929341,2.5,3.0
second_05,wilson,0.907179,2.5,-1.0
second_05,meat,0.868648,-3.5,3.0
second_05,frog_legs,0.865621,3.0,0.0
second_05,log,0.840377,2.5,-1.0
second_05,honey,0.83126,0.5,7.0
second_05,morsel,0.815686,-1.5,4.0
second_05,monster_meat,0.813009,3.5,7.0
second_05,seeds,0.795978,-3.5,2.0
second_05,seeds,0.790416,-1.0,4.0
second_05,fish,0.768124,3.0,9.0
second_05,spider_nest3,0.914392,0.5,7.0
second_05,wilson,0.892411,2.0,6.0
second_05,seeds,0.866738,0.0,4.0
second_05,frog_legs,0.848348,1.5,11.0
second_05,meat,0.84801,-1.5,1.0
second_05,log,0.844896,4.0,3.0
second_05,seeds,0.828908,-2.0,5.0
second_05,monster_meat,0.818103,1.0,2.0
second_05,morsel,0.817523,-2.0,1.0
second_05,fish,0.777047,1.5,4.0
second_05,honey,0.766872,-0.5,-3.0
second_05,spider_nest3,0.923738,3.5,4.0
second_05,wilson,0.881527,0.0,5.0
second_05,seeds,0.877966,1.0,1.0
second_05,seeds,0.857414,-2.0,4.0
second_05,log,0.842848,2.5,3.0
second_05,frog_legs,0.831063,-1.5,1.0
second_05,honey,0.829619,-1.0,0.0
second_05,morsel,0.814892,1.5,-2.0
second_05,fish,0.798991,-2.5,2.0
second_05,monster_meat,0.797685,0.0,3.0
second_05,spider_nest3,0.924757,2.5,-13.0
second_05,wilson,0.903086,-0.5,2.0
second_05,frog_legs,0.858322,0.0,6.0
second_05,honey,0.855714,0.5,0.0
second_05,seeds,0.852843,4.0,0.0
second_05,seeds,0.844031,2.5,0.0
second_05,fish,0.842738,0.5,7.0
second_05,meat,0.811067,-1.0,0.0
second_05,monster_meat,0.807045,0.0,1.0
second_05,log,0.804246,5.5,1.0
second_05,morsel,0.803222,-0.5,4.0
second_05,fish,0.162402,-2.5,5.0
second_05,spider_nest3,0.913416,1.0,-2.0
second_05,wilson,0.889859,0.0,-3.0
second_05,frog_legs,0.881349,0.0,2.0
second_05,seeds,0.855115,3.0,4.0
second_05,honey,0.841302,1.0,3.0
second_05,fish,0.830566,-1.0,4.0
second_05,log,0.826076,2.5,-1.0
second_05,seeds,0.807663,-1.5,0.0
second_05,meat,0.803413,0.0,3.0
second_05,monster_meat,0.51218,2.5,3.0
second_05,morsel,0.433928,1.5,5.0
second_05,spider_nest3,0.911901,-4.5,-3.0
second_05,wilson,0.890634,1.0,1.0
second_05,seeds,0.869147,3.5,4.0
second_05,frog_legs,0.855933,2.0,5.0
second_05,monster_meat,0.846894,1.5,1.0
second_05,seeds,0.840173,3.0,0.0
second_05,honey,0.839193,1.5,0.0
second_05,meat,0.829191,4.0,3.0
second_05,morsel,0.828457,0.0,-3.0
second_05,log,0.821374,0.0,5.0
second_05,fish,0.781332,1.5,3.0
second_05,spider_nest3,0.931709,-6.0,1.0
second_05,wilson,0.875958,0.5,8.0
second_05,meat,0.860117,2.0,3.0
second_05,frog_legs,0.859403,-0.5,4.0
second_05,honey,0.841798,2.0,7.0
second_05,seeds,0.840701,1.0,0.0
second_05,morsel,0.831408,1.0,0.0
second_05,log,0.823272,4.0,2.0
second_05,fish,0.799996,0.5,2.0
second_05,monster_meat,0.795251,1.5,2.0
second_05,seeds,0.72319,1.5,3.0
second_05,spider_nest3,0.910751,-1.0,0.0
second_05,wilson,0.899577,-1.0,6.0
second_05,monster_meat,0.864744,1.0,2.0
second_05,seeds,0.862171,0.5,-1.0
second_05,log,0.854947,-1.5,8.0
second_05,frog_legs,0.850172,0.5,1.0
second_05,seeds,0.843631,-3.0,4.0
second_05,honey,0.84322,1.0,9.0
second_05,fish,0.822608,1.0,1.0
second_05,morsel,0.807047,1.0,1.0
second_05,meat,0.558302,1.0,2.0
second_05,spider_nest3,0.91889,-7.5,7.0
second_05,wilson,0.904056,-2.5,4.0
second_05,meat,0.877525,-2.5,1.0
second_05,seeds,0.874604,3.5,-1.0
second_05,log,0.870833,2.0,2.0
second_05,monster_meat,0.848528,5.0,1.0
second_05,seeds,0.840792,1.0,0.0
second_05,honey,0.835519,-1.0,1.0
second_05,fish,0.830261,-1.5,5.0
second_05,frog_legs,0.806273,4.0,1.0
second_05,morsel,0.779488,-2.0,7.0
second_05,spider_nest3,0.93188,-7.0,5.0
second_05,wilson,0.893756,-1.0,2.0
second_05,seeds,0.880822,0.5,1.0
second_05,meat,0.847842,-2.0,1.0
second_05,honey,0.843436,2.0,1.0
second_05,frog_legs,0.835272,3.5,7.0
second_05,log,0.830107,0.0,-2.0
second_05,fish,0.829027,3.0,6.0
second_05,seeds,0.828766,1.0,3.0
second_05,monster_meat,0.827311,0.5,2.0
second_05,morsel,0.817569,2.0,0.0
second_05,spider_nest3,0.921203,-1.0,-4.0
second_05,wilson,0.905168,-0.5,-5.0
second_05,frog_legs,0.868522,-3.5,2.0
second_05,seeds,0.856363,-1.5,-3.0
second_05,honey,0.837803,-0.5,3.0
second_05,log,0.837379,-4.5,1.0
second_05,meat,0.830716,0.0,-2.0
second_05,monster_meat,0.824859,4.0,5.0
second_05,seeds,0.8175,2.5,-2.0
second_05,fish,0.807073,-1.0,-1.0
second_05,morsel,0.787343,0.5,1.0
second_05,spider_nest3,0.935046,-4.0,0.0
second_05,wilson,0.88687,2.5,4.0
second_05,frog_legs,0.870887,0.5,4.0
second_05,meat,0.861849,0.0,1.0
second_05,seeds,0.861456,2.0,2.0
second_05,honey,0.861064,-1.0,5.0
second_05,morsel,0.8392,-2.0,5.0
second_05,log,0.829744,-0.5,5.0
second_05,seeds,0.82692,-2.0,1.0
second_05,fish,0.819674,-2.0,6.0
second_05,monster_meat,0.59982,2.5,6.0
second_05,spider_nest3,0.931058,-12.0,-7.0
second_05,wilson,0.87404,-2.5,9.0
second_05,seeds,0.870409,2.0,4.0
second_05,frog_legs,0.856981,0.5,3.0
second_05,honey,0.852616,3.5,2.0
second_05,seeds,0.841027,5.5,3.0
second_05,log,0.837581,3.0,3.0
second_05,monster_meat,0.82636,1.5,2.0
second_05,morsel,0.816663,-0.5,2.0
second_05,meat,0.80702,1.5,1.0
second_05,fish,0.804853,1.5,1.0
second_05,seeds,0.613523,63.5,59.0
second_05,spider_nest3,0.929568,-7.0,-4.0
second_05,honey,0.892638,3.0,9.0
second_05,wilson,0.883651,0.0,1.0
second_05,frog_legs,0.85866,3.0,11.0
second_05,fish,0.839793,6.0,1.0
second_05,meat,0.838396,1.0,4.0
second_05,seeds,0.836579,0.5,4.0
second_05,log,0.825878,2.0,9.0
second_05,morsel,0.819949,0.5,6.0
second_05,monster_meat,0.804644,3.0,6.0
second_05,seeds,0.722425,-1.0,2.0
second_05,fish,0.129295,4.0,0.0
second_05,spider_nest3,0.914049,-0.5,1.0
second_05,wilson,0.892501,5.0,2.0
second_05,frog_legs,0.874414,1.5,5.0
second_05,seeds,0.858742,2.0,-1.0
second_05,seeds,0.849514,-1.5,4.0
second_05,meat,0.819993,-0.5,2.0
second_05,log,0.807513,3.5,9.0
second_05,monster_meat,0.80243,1.0,5.0
second_05,fish,0.79526,6.5,-2.0
second_05,morsel,0.786652,-0.5,5.0
second_05,honey,0.760143,-2.5,13.0
second_05,wilson,0.89262,-1.5,-3.0
second_05,honey,0.881022,-1.0,4.0
second_05,meat,0.869619,0.0,0.0
second_05,frog_legs,0.861363,2.0,0.0
second_05,seeds,0.860774,0.0,2.0
second_05,log,0.834659,1.0,3.0
second_05,seeds,0.828058,1.5,5.0
second_05,fish,0.810097,5.0,8.0
second_05,monster_meat,0.786648,3.0,5.0
second_05,morsel,0.459207,-2.5,1.0
second_05,wilson,0.912227,0.0,18.0
second_05,frog_legs,0.877722,0.0,-1.0
second_05,honey,0.861672,-2.0,4.0
second_05,seeds,0.830783,4.5,3.0
second_05,log,0.825502,1.5,6.0
second_05,fish,0.819969,5.0,0.0
second_05,seeds,0.817178,2.5,-1.0
second_05,monster_meat,0.809367,-0.5,2.0
second_05,meat,0.80064,3.0,2.0
second_05,morsel,0.798177,1.0,1.0
second_05,seeds,0.253091,60.5,52.0
second_05,wilson,0.897188,-2.5,7.0
second_05,frog_legs,0.880968,6.5,-1.0
second_05,honey,0.874667,3.5,4.0
second_05,seeds,0.850728,0.5,2.0
second_05,meat,0.820817,0.0,-2.0
second_05,monster_meat,0.811139,0.5,4.0
second_05,fish,0.806736,9.0,0.0
second_05,morsel,0.79064,0.0,2.0
second_05,log,0.751296,3.0,4.0
second_05,seeds,0.670668,4.5,3.0
second_05,seeds,0.354605,64.5,56.0
second_05,wilson,0.841456,2.5,3.0
second_05,clock_bishop,0.738528,-0.5,6.0
second_05,tree_evergreen_4,0.698483,19.5,18.0
second_05,merm,0.685337,1.0,0.0
second_05,clock_rook,0.25529,4.0,44.0
second_05,wilson,0.891451,2.0,-1.0
second_05,tree_evergreen_4,0.880903,5.0,16.0
second_05,clock_rook,0.865519,2.0,7.0
second_05,merm,0.829935,-2.0,1.0
second_05,clock_knight,0.798842,1.5,-2.0
second_05,wilson,0.901475,4.0,4.0
second_05,merm,0.890162,1.0,-4.0
second_05,clock_rook,0.869153,2.5,5.0
second_05,tree_evergreen_4,0.8616,2.0,31.0
second_05,clock_knight,0.798998,3.5,12.0
second_05,tree_evergreen_4,0.151501,-2.0,42.0
second_05,clock_knight,0.891022,4.5,4.0
second_05,wilson,0.887402,3.0,-1.0
second_05,clock_rook,0.878853,-0.5,3.0
second_05,tree_evergreen_4,0.782072,5.5,-13.0
second_05,wilson,0.904682,2.0,4.0
second_05,clock_knight,0.880757,1.0,-1.0
second_05,clock_rook,0.879271,3.0,7.0
second_05,tree_evergreen_4,0.77906,9.5,-7.0
second_05,tree_evergreen_4,0.540119,-4.5,-83.0
second_05,wilson,0.903097,-1.5,4.0
second_05,clock_rook,0.869089,1.0,-3.0
second_05,clock_knight,0.865075,3.0,1.0
second_05,tree_evergreen_4,0.756703,8.5,27.0
second_05,wilson,0.889181,0.0,-1.0
second_05,clock_rook,0.879148,0.0,5.0
second_05,tree_evergreen_4,0.862728,12.0,-8.0
second_05,clock_knight,0.854299,2.0,3.0
second_05,tree_evergreen_4,0.896857,-2.5,-1.0
second_05,wilson,0.89334,4.5,4.0
second_05,clock_rook,0.890389,-0.5,2.0
second_05,clock_knight,0.817373,1.0,6.0
second_05,wilson,0.905505,1.0,13.0
second_05,clock_rook,0.891654,-1.5,4.0
second_05,clock_knight,0.854155,11.0,-2.0
second_05,tree_evergreen_4,0.755424,1.0,15.0
second_05,merm,0.458434,3.5,8.0
second_05,tree_evergreen_4,0.144635,3.0,82.0
second_05,wilson,0.899497,-1.0,-7.0
second_05,clock_rook,0.885953,0.5,-2.0
second_05,clock_knight,0.883215,-1.5,0.0
second_05,tree_evergreen_4,0.881272,-0.5,2.0
second_05,merm,0.847486,-2.5,2.0
second_05,tree_evergreen_4,0.909319,2.5,-5.0
second_05,clock_knight,0.908612,1.5,1.0
second_05,wilson,0.896437,-3.5,2.0
second_05,merm,0.87982,1.0,1.0
second_05,clock_bishop,0.79095,3.5,-3.0
second_05,wilson,0.923876,-5.0,-3.0
second_05,tree_evergreen_4,0.910515,6.5,0.0
second_05,merm,0.87645,-0.5,-1.0
second_05,clock_bishop,0.863213,-2.5,2.0
second_05,clock_knight,0.855369,-0.5,-6.0
second_05,wilson,0.899697,-0.5,4.0
second_05,clock_rook,0.889692,4.0,13.0
second_05,merm,0.864983,2.0,6.0
second_05,clock_rook,0.898095,5.5,15.0
second_05,wilson,0.873989,-2.0,8.0
second_05,clock_bishop,0.85529,1.5,3.0
second_05,merm,0.79017,-2.5,11.0
second_05,tree_evergreen_4,0.913298,5.0,1.0
second_05,clock_knight,0.896529,-2.5,5.0
second_05,wilson,0.881491,-6.0,2.0
second_05,clock_rook,0.879246,-2.0,1.0
second_05,clock_bishop,0.867323,-0.5,-1.0
second_05,merm,0.836981,0.5,-4.0
second_05,merm,0.482343,13.5,31.0
second_05,tree_evergreen_4,0.903364,4.5,5.0
second_05,wilson,0.89044,2.5,-1.0
second_05,clock_bishop,0.882238,-1.5,7.0
second_05,clock_knight,0.872363,1.5,3.0
second_05,merm,0.862517,0.5,1.0
second_05,clock_rook,0.856924,4.0,5.0
second_05,clock_knight,0.902222,2.0,-3.0
second_05,wilson,0.901548,1.0,-7.0
second_05,clock_rook,0.876065,0.0,4.0
second_05,clock_bishop,0.85651,-2.0,6.0
second_05,merm,0.844735,4.0,-1.0
second_05,clock_knight,0.883842,3.5,-1.0
second_05,wilson,0.875084,-1.0,-2.0
second_05,clock_bishop,0.863206,0.0,9.0
second_05,clock_rook,0.857001,3.0,4.0
second_05,merm,0.833185,3.0,1.0
second_05,wilson,0.894798,-1.0,-11.0
second_05,clock_rook,0.881154,-2.5,12.0
second_05,clock_knight,0.836929,0.0,1.0
second_05,merm,0.412052,1.0,19.0
second_05,wilson,0.899289,-3.5,7.0
second_05,tree_evergreen_4,0.867297,9.0,5.0
second_05,clock_rook,0.8591,-5.0,5.0
second_05,clock_knight,0.7969,4.0,-3.0
second_05,merm,0.35048,-8.0,54.0
second_05,clock_knight,0.111557,18.0,-5.0
second_05,wilson,0.900992,4.0,4.0
second_05,clock_rook,0.893268,1.0,7.0
second_05,tree_evergreen_4,0.887717,4.0,1.0
second_05,merm,0.880666,-6.0,4.0
second_05,clock_knight,0.842909,-2.5,-4.0
second_05,clock_rook,0.923291,-3.0,18.0
second_05,merm,0.907486,0.0,2.0
second_05,wilson,0.884113,1.0,6.0
second_05,tree_evergreen_4,0.879857,-2.5,7.0
second_05,wilson,0.89861,-3.0,0.0
second_05,tree_evergreen_4,0.89313,0.0,1.0
second_05,clock_knight,0.829192,-1.5,-6.0
second_05,tree_evergreen_4,0.898139,-1.5,0.0
second_05,wilson,0.892062,-0.5,4.0
second_05,clock_knight,0.833178,3.5,1.0
second_05,tree_evergreen_4,0.700581,27.5,-2.0
second_05,merm,0.902131,3.0,5.0
second_05,tree_evergreen_4,0.89626,5.0,6.0
second_05,wilson,0.888335,3.5,3.0
second_05,clock_knight,0.855113,-1.5,13.0
second_05,wilson,0.896023,0.0,-4.0
second_05,tree_evergreen_4,0.880396,1.5,1.0
second_05,merm,0.87676,2.5,-1.0
second_05,clock_knight,0.663689,-12.5,17.0
second_05,wilson,0.897323,0.0,-8.0
second_05,tree_evergreen_4,0.884554,-0.5,2.0
second_05,merm,0.876964,2.0,14.0
second_05,clock_knight,0.872077,1.5,4.0
second_05,merm,0.936238,1.5,3.0
second_05,clock_knight,0.880719,-1.0,-1.0
second_05,wilson,0.876705,-0.5,3.0
second_05,merm,0.938457,-1.0,4.0
second_05,wilson,0.901945,0.5,-2.0
second_05,wilson,0.895481,1.0,1.0
second_05,merm,0.894314,-4.0,14.0
second_05,clock_knight,0.758406,-4.0,-6.0
second_05,clock_knight,0.111813,-28.0,-8.0
second_05,wilson,0.886903,3.5,3.0
second_05,merm,0.877807,9.0,5.0
second_05,clock_knight,0.868385,-1.0,-5.0
second_05,merm,0.875417,1.0,10.0
second_05,tree_evergreen_4,0.873894,-7.0,-5.0
second_05,wilson,0.861235,3.0,2.0
second_05,clock_knight,0.833827,-3.0,8.0
second_05,wilson,0.915446,3.5,0.0
second_05,merm,0.901516,3.0,1.0
second_05,clock_rook,0.870288,4.5,-3.0
second_05,clock_knight,0.692793,-2.0,3.0
second_05,merm,0.232849,-29.0,15.0
second_05,wilson,0.883321,-1.5,2.0
second_05,merm,0.8751,7.5,1.0
second_05,tree_evergreen_4,0.867558,1.0,5.0
second_05,clock_knight,0.598821,2.0,8.0
second_05,wilson,0.902386,-2.5,-1.0
second_05,merm,0.872851,2.0,12.0
second_05,tree_evergreen_4,0.851694,0.5,7.0
second_05,clock_knight,0.482825,7.0,-2.0
second_05,clock_knight,0.31236,33.0,-3.0
second_05,wilson,0.901209,-1.5,5.0
second_05,tree_evergreen_4,0.883145,-7.0,-5.0
second_05,clock_knight,0.865291,0.0,10.0
second_05,merm,0.5907,-3.0,-4.0
second_05,tree_evergreen_4,0.906466,-2.0,-2.0
second_05,wilson,0.903158,-0.5,5.0
second_05,clock_knight,0.871864,2.0,2.0
second_05,wilson,0.901176,1.5,4.0
second_05,tree_evergreen_4,0.8768,3.5,6.0
second_05,clock_knight,0.867978,0.0,5.0
second_05,tree_evergreen_4,0.910563,-2.0,2.0
second_05,wilson,0.904025,6.5,7.0
second_05,clock_knight,0.873325,3.5,1.0
second_05,wilson,0.900788,2.0,13.0
second_05,tree_evergreen_4,0.898287,4.5,7.0
second_05,clock_knight,0.886007,2.5,5.0
second_05,tree_evergreen_4,0.900622,7.5,3.0
second_05,wilson,0.896412,6.5,8.0
second_05,clock_bishop,0.862678,2.5,6.0
second_05,clock_bishop,0.909961,1.5,4.0
second_05,wilson,0.907231,7.5,7.0
second_05,tree_evergreen_4,0.902633,9.0,4.0
second_05,wilson,0.890193,-1.0,7.0
second_05,clock_bishop,0.859342,-1.5,6.0
second_05,clock_knight,0.846974,0.0,16.0
second_05,wilson,0.888552,-1.5,12.0
second_05,clock_bishop,0.878719,1.0,-4.0
second_05,tree_evergreen_4,0.878474,4.5,4.0
second_05,clock_knight,0.84049,-5.0,13.0
second_05,wilson,0.918967,-3.5,5.0
second_05,tree_evergreen_4,0.90638,10.5,12.0
second_05,clock_bishop,0.90054,-2.0,9.0
second_05,clock_knight,0.826607,-0.5,4.0
second_05,wilson,0.909203,2.0,6.0
second_05,tree_evergreen_4,0.90648,9.5,16.0
second_05,clock_bishop,0.893788,3.0,10.0
second_05,clock_knight,0.818601,2.0,4.0
second_05,wilson,0.906778,3.0,1.0
second_05,tree_evergreen_4,0.895706,15.0,-6.0
second_05,clock_knight,0.243952,8.0,0.0
second_05,tree_evergreen_4,0.898629,1.5,15.0
second_05,wilson,0.894333,-2.5,2.0
second_05,tree_evergreen_4,0.900194,3.0,13.0
second_05,wilson,0.892276,-1.5,12.0
second_05,clock_rook,0.889284,4.0,-2.0
second_05,clock_knight,0.854515,-3.5,-3.0
second_05,tree_evergreen_4,0.907432,0.5,2.0
second_05,clock_rook,0.892815,-3.5,4.0
second_05,wilson,0.885857,-2.0,1.0
second_05,clock_knight,0.836724,10.0,10.0
second_05,tree_evergreen_4,0.890914,-0.5,-4.0
second_05,wilson,0.889499,-0.5,13.0
second_05,clock_rook,0.888777,-3.0,7.0
second_05,clock_bishop,0.87541,0.0,10.0
second_05,clock_knight,0.56073,-7.5,0.0
second_05,clock_knight,0.185732,1.5,39.0
second_05,clock_knight,0.106002,-3.5,1.0
second_05,wilson,0.894745,3.0,7.0
second_05,tree_evergreen_4,0.892525,6.0,0.0
second_05,clock_bishop,0.854125,-3.5,7.0
second_05,clock_knight,0.829372,-0.5,2.0
second_05,wilson,0.909322,-3.0,2.0
second_05,tree_evergreen_4,0.886499,7.0,5.0
second_05,clock_rook,0.879288,-4.0,9.0
second_05,clock_knight,0.845937,-0.5,8.0
second_05,clock_bishop,0.83897,0.5,2.0
second_05,wilson,0.900875,-3.5,-2.0
second_05,clock_rook,0.889591,-1.0,10.0
second_05,clock_bishop,0.848579,-4.0,4.0
second_05,clock_knight,0.84766,-1.5,-6.0
second_05,wilson,0.890003,0.5,-2.0
second_05,clock_bishop,0.859365,-1.0,2.0
second_05,clock_knight,0.830538,-2.5,-1.0
second_05,wilson,0.897578,3.5,8.0
second_05,clock_rook,0.883233,-3.0,12.0
second_05,clock_bishop,0.860875,3.5,3.0
second_05,clock_knight,0.830025,-1.0,13.0
second_05,wilson,0.909488,0.0,3.0
second_05,clock_rook,0.890509,7.5,5.0
second_05,tree_evergreen_4,0.888398,0.0,6.0
second_05,clock_knight,0.864547,-0.5,-1.0
second_05,wilson,0.892913,3.5,10.0
second_05,tree_evergreen_4,0.89009,7.5,-1.0
second_05,clock_knight,0.871572,1.5,2.0
second_05,clock_bishop,0.722607,3.0,-2.0
second_05,clock_bishop,0.883762,-1.5,-1.0
second_05,clock_knight,0.875562,3.0,8.0
second_05,tree_evergreen_4,0.859775,12.0,-1.0
second_05,tree_evergreen_4,0.902289,8.0,18.0
second_05,wilson,0.8824,0.5,4.0
second_05,clock_knight,0.871792,-2.5,6.0
second_05,clock_bishop,0.860871,0.5,-8.0
second_05,tree_evergreen_4,0.895046,6.5,11.0
second_05,wilson,0.89348,5.0,11.0
second_05,clock_rook,0.879602,1.0,9.0
second_05,tree_evergreen_4,0.911335,8.5,2.0
second_05,clock_rook,0.891222,1.0,12.0
second_05,wilson,0.886406,5.5,9.0
second_05,clock_bishop,0.85816,7.5,-3.0
second_05,wilson,0.906949,1.5,9.0
second_05,clock_rook,0.8692,36.5,0.0
second_05,clock_bishop,0.865397,0.5,1.0
second_05,tree_evergreen_4,0.267075,-15.5,1.0
second_05,wilson,0.911605,2.5,6.0
second_05,clock_bishop,0.866308,4.5,5.0
second_05,clock_rook,0.865864,3.5,-7.0
second_05,tree_evergreen_4,0.907912,6.5,10.0
second_05,clock_rook,0.901973,1.5,-4.0
second_05,wilson,0.892473,1.0,3.0
second_05,wilson,0.899166,3.0,-1.0
second_05,tree_evergreen_4,0.892859,13.5,12.0
second_05,clock_rook,0.883177,2.5,13.0
second_05,wilson,0.894949,5.0,12.0
second_05,clock_rook,0.891227,-0.5,4.0
second_05,tree_evergreen_4,0.887237,0.0,-5.0
second_05,wilson,0.918361,-0.5,6.0
second_05,clock_rook,0.89077,2.5,9.0
second_05,clock_bishop,0.826761,1.5,0.0
second_05,clock_rook,0.880427,0.5,8.0
second_05,wilson,0.878728,-1.0,-2.0
second_05,clock_bishop,0.832601,3.0,-9.0
second_05,clock_rook,0.879334,-1.5,6.0
second_05,wilson,0.872602,-3.0,4.0
second_05,clock_bishop,0.847771,1.0,6.0
second_05,clock_bishop,0.919177,2.5,3.0
second_05,wilson,0.900856,-1.5,12.0
second_05,clock_rook,0.875138,2.5,11.0
second_05,wilson,0.89919,-1.0,4.0
second_05,clock_rook,0.886011,1.0,9.0
second_05,clock_bishop,0.865748,-0.5,11.0
second_05,wilson,0.910764,-1.0,0.0
second_05,clock_bishop,0.897405,5.0,2.0
second_05,tree_evergreen_4,0.87759,1.0,-1.0
second_05,clock_rook,0.869192,-3.0,9.0
second_05,tree_evergreen_4,0.908853,4.0,3.0
second_05,wilson,0.897693,-2.0,13.0
second_05,clock_rook,0.88433,-2.0,10.0
second_05,clock_bishop,0.875331,-2.0,2.0
second_05,tree_evergreen_4,0.888747,-2.5,8.0
second_05,wilson,0.879313,-1.0,8.0
second_05,clock_rook,0.877038,-7.5,7.0
second_05,clock_bishop,0.847735,-1.0,0.0
second_05,tree_evergreen_4,0.886567,0.0,12.0
second_05,wilson,0.873756,2.5,18.0
second_05,clock_rook,0.871227,-2.5,1.0
second_05,clock_bishop,0.848539,-2.5,14.0
second_05,tree_evergreen_4,0.896384,-4.0,3.0
second_05,clock_bishop,0.89398,-3.0,9.0
second_05,wilson,0.891664,2.0,0.0
second_05,clock_rook,0.866457,2.5,3.0
second_05,fish,0.796988,4.5,5.0
second_05,frog_legs,0.711345,0.5,-1.0
second_05,clock_bishop,0.87425,-4.5,1.0
second_05,wilson,0.869036,4.0,16.0
second_05,fish,0.859797,7.0,14.0
second_05,tree_evergreen_4,0.85425,-1.5,3.0
second_05,tree_evergreen_4,0.768852,42.5,13.0
second_05,frog_legs,0.749478,4.5,6.0
second_05,clock_rook,0.720588,10.5,0.0
second_05,clock_rook,0.233397,-18.5,-11.0
second_05,fish,0.214543,76.0,27.0
second_05,wilson,0.930498,-0.5,7.0
second_05,clock_rook,0.87547,3.0,15.0
second_05,log,0.845951,-0.5,-2.0
second_05,clock_rook,0.890389,4.5,17.0
second_05,wilson,0.88296,2.0,4.0
second_05,clock_bishop,0.877937,-0.5,7.0
second_05,wilson,0.898488,0.5,2.0
second_05,clock_bishop,0.857983,0.0,7.0
second_05,log,0.817403,2.0,0.0
second_05,wilson,0.901693,5.0,-1.0
second_05,clock_bishop,0.858694,-2.5,16.0
second_05,wilson,0.896463,-2.5,4.0
second_05,clock_bishop,0.86595,2.0,11.0
second_05,clock_rook,0.882475,0.0,2.0
second_05,wilson,0.877827,-1.5,3.0
second_05,clock_bishop,0.847542,0.5,-1.0
second_05,merm,0.94348,3.0,-1.0
second_05,wilson,0.90728,1.5,0.0
second_05,merm,0.905384,1.5,0.0
second_05,berry_bush,0.905236,1.0,3.0
second_05,berry_bush,0.893827,1.0,0.0
second_05,spider_warrior,0.875776,2.0,2.0
second_05,berry_bush,0.857782,1.0,4.0
second_05,frog,0.478696,0.5,3.0
second_05,merm,0.935744,2.5,1.0
second_05,berry_bush,0.91791,1.0,2.0
second_05,wilson,0.893305,0.5,3.0
second_05,berry_bush,0.889385,1.5,2.0
second_05,berry_bush,0.855341,3.0,0.0
second_05,spider_warrior,0.742544,1.0,1.0
second_05,frog,0.130544,0.5,4.0
second_05,berry_bush,0.918408,1.0,1.0
second_05,merm,0.908239,0.5,3.0
second_05,berry_bush,0.884857,1.5,3.0
second_05,berry_bush,0.884587,1.5,1.0
second_05,spider_warrior,0.770514,6.5,4.0
second_05,wilson,0.713792,-3.5,10.0
second_05,frog,0.393968,-0.5,2.0
second_05,wilson,0.147859,7.5,3.0
second_05,merm,0.911932,1.0,-2.0
second_05,berry_bush,0.8974,2.0,2.0
second_05,berry_bush,0.875665,-2.5,6.0
second_05,wilson,0.830037,0.5,8.0
second_05,spider_warrior,0.795913,0.0,4.0
second_05,monster_meat,0.648005,-2.0,-1.0
second_05,merm,0.938599,0.5,2.0
second_05,berry_bush,0.904465,-0.5,1.0
second_05,wilson,0.90383,-0.5,3.0
second_05,spider_warrior,0.839481,1.0,3.0
second_05,monster_meat,0.802312,1.5,1.0
second_05,frog,0.67097,1.0,4.0
second_05,berry_bush,0.904974,2.0,0.0
second_05,wilson,0.895009,0.5,1.0
second_05,frog,0.813691,0.0,2.0
second_05,spider_warrior,0.763805,3.5,-1.0
second_05,spider_warrior,0.611342,-1.5,1.0
second_05,merm,0.463526,0.5,25.0
second_05,berry_bush,0.894679,-0.5,2.0
second_05,wilson,0.893308,-0.5,0.0
second_05,spider_warrior,0.801511,-0.5,0.0
second_05,frog,0.693123,-6.0,-3.0
second_05,spider_warrior,0.379489,-3.5,3.0
second_05,merm,0.243365,1.0,29.0
second_05,spider_warrior,0.101943,-10.5,30.0
second_05,merm,0.929288,0.5,2.0
second_05,wilson,0.903855,0.5,1.0
second_05,spider_warrior,0.841688,1.5,6.0
second_05,frog,0.837181,0.5,1.0
second_05,wilson,0.913755,2.0,3.0
second_05,merm,0.906572,2.0,0.0
second_05,berry_bush,0.889465,2.0,4.0
second_05,frog,0.822209,0.0,2.0
second_05,spider_warrior,0.821286,1.5,3.0
second_05,monster_meat,0.807593,7.0,1.0
second_05,merm,0.920243,0.5,3.0
second_05,wilson,0.900112,2.0,0.0
second_05,spider_warrior,0.845085,1.5,-3.0
second_05,frog,0.842198,0.5,3.0
second_05,wilson,0.882137,-0.5,4.0
second_05,spider_warrior,0.826512,-0.5,2.0
second_05,merm,0.751189,1.5,43.0
second_05,frog,0.519538,0.5,9.0
second_05,merm,0.92054,0.5,3.0
second_05,wilson,0.900109,1.0,2.0
second_05,spider_warrior,0.870527,1.5,0.0
second_05,frog,0.843301,0.5,1.0
second_05,merm,0.924039,1.0,0.0
second_05,wilson,0.889933,-0.5,1.0
second_05,spider_warrior,0.86236,1.5,3.0
second_05,frog,0.812668,-2.0,2.0
second_05,frog,0.641008,1.0,9.0
second_05,wilson,0.913449,0.5,0.0
second_05,frog,0.850127,0.5,2.0
second_05,spider_warrior,0.808953,1.0,3.0
second_05,wilson,0.906679,-0.5,0.0
second_05,frog,0.823167,1.5,12.0
second_05,spider_warrior,0.394565,0.5,7.0
second_05,merm,0.902834,1.5,-1.0
second_05,wilson,0.90038,1.5,0.0
second_05,frog,0.748062,0.5,1.0
second_05,monster_meat,0.718905,5.0,7.0
second_05,merm,0.926934,1.5,0.0
second_05,wilson,0.902882,1.5,4.0
second_05,frog,0.797672,0.5,-1.0
second_05,monster_meat,0.327334,2.5,0.0
second_05,wilson,0.889038,2.0,3.0
second_05,frog,0.837602,2.5,4.0
second_05,wilson,0.904113,1.5,-2.0
second_05,frog,0.839603,1.5,2.0
second_05,wilson,0.891121,2.0,1.0
second_05,berry_bush,0.888618,1.0,1.0
second_05,frog,0.81806,0.0,1.0
second_05,berry_bush,0.90567,0.5,2.0
second_05,wilson,0.893686,0.5,8.0
second_05,berry_bush,0.888547,1.0,3.0
second_05,frog,0.881263,1.0,4.0
second_05,berry_bush,0.898738,2.0,2.0
second_05,berry_bush,0.830535,1.5,3.0
second_05,frog,0.811875,1.5,1.0
second_05,berry_bush,0.921149,0.5,2.0
second_05,berry_bush,0.902482,1.0,2.0
second_05,morsel,0.845215,2.0,6.0
second_05,frog,0.83718,1.0,1.0
second_05,berry_bush,0.908065,-0.5,2.0
second_05,berry_bush_harvested,0.905559,1.0,3.0
second_05,frog,0.823108,-1.0,2.0
second_05,morsel,0.793341,4.0,5.0
second_05,berry_bush_harvested,0.935318,1.0,1.0
second_05,berry_bush,0.915708,2.0,-1.0
second_05,wilson,0.897559,-0.5,2.0
second_05,morsel,0.807239,3.0,-1.0
second_05,frog,0.803623,-1.0,5.0
second_05,berry_bush,0.914787,1.5,2.0
second_05,berry_bush_harvested,0.914178,1.5,2.0
second_05,wilson,0.903418,0.0,1.0
second_05,morsel,0.825,4.5,4.0
second_05,frog,0.811926,-6.0,-1.0
second_05,berry_bush,0.907987,1.5,3.0
second_05,berry_bush_harvested,0.898813,0.5,1.0
second_05,wilson,0.898104,-1.5,-1.0
second_05,morsel,0.846396,4.5,1.0
second_05,frog,0.819023,-2.0,0.0
second_05,berry_bush,0.897999,2.0,2.0
second_05,berry_bush_harvested,0.895106,0.5,2.0
second_05,wilson,0.876999,0.5,3.0
second_05,morsel,0.857658,1.5,1.0
second_05,berry_bush_harvested,0.932259,2.0,0.0
second_05,berry_bush,0.916956,2.5,0.0
second_05,wilson,0.89612,1.0,0.0
second_05,monster_meat,0.845602,3.0,4.0
second_05,frog,0.837611,0.5,1.0
second_05,morsel,0.803486,-0.5,3.0
second_05,berry_bush_harvested,0.924408,0.0,-1.0
second_05,berry_bush,0.905821,0.0,1.0
second_05,wilson,0.882225,0.5,1.0
second_05,morsel,0.854553,1.0,-1.0
second_05,frog,0.833283,1.5,3.0
second_05,berry_bush_harvested,0.923248,-1.0,-2.0
second_05,morsel,0.821859,2.0,4.0
second_05,wilson,0.471074,4.5,2.0
second_05,berry_bush_harvested,0.903712,-1.5,-1.0
second_05,morsel,0.811626,-0.5,5.0
second_05,wilson,0.616611,-2.5,4.0
second_05,frog,0.370898,-2.5,3.0
second_05,berry_bush_harvested,0.918082,0.5,3.0
second_05,berry_bush_harvested,0.917259,1.5,2.0
second_05,wilson,0.899762,1.5,2.0
second_05,morsel,0.821449,2.5,6.0
second_05,monster_meat,0.809938,3.0,3.0
second_05,berry_bush_harvested,0.918913,2.0,2.0
second_05,merm,0.906652,2.0,1.0
second_05,berry_bush_harvested,0.898008,1.5,2.0
second_05,berry_bush_harvested,0.890923,0.5,1.0
second_05,wilson,0.888827,-1.0,2.0
second_05,morsel,0.832446,-1.5,4.0
second_05,frog,0.795216,1.0,2.0
second_05,monster_meat,0.776779,6.0,2.0
second_05,berry_bush_harvested,0.909337,1.5,1.0
second_05,merm,0.90669,2.5,1.0
second_05,wilson,0.902604,0.0,4.0
second_05,frog,0.862032,1.0,-1.0
second_05,monster_meat,0.8492,6.0,2.0
second_05,morsel,0.826473,2.5,4.0
second_05,berry_bush_harvested,0.931595,0.5,2.0
second_05,wilson,0.909591,1.5,2.0
second_05,berry_bush_harvested,0.905942,1.0,2.0
second_05,merm,0.834503,1.5,0.0
second_05,morsel,0.825815,1.5,2.0
second_05,berry_bush_harvested,0.774076,0.5,0.0
second_05,monster_meat,0.753094,-2.5,-1.0
second_05,frog,0.717784,-0.5,8.0
second_05,wilson,0.922564,0.5,3.0
second_05,berry_bush_harvested,0.912175,0.5,1.0
second_05,berry_bush_harvested,0.899593,1.5,4.0
second_05,merm,0.861794,0.5,2.0
second_05,berry_bush_harvested,0.859853,3.5,0.0
second_05,monster_meat,0.840382,3.5,2.0
second_05,morsel,0.830745,-1.0,-2.0
second_05,frog,0.774465,0.0,2.0
second_05,merm,0.911128,2.0,3.0
second_05,wilson,0.892796,1.5,0.0
second_05,frog,0.852561,1.0,10.0
second_05,berry_bush_harvested,0.826404,-5.5,-1.0
second_05,morsel,0.766657,2.0,3.0
second_05,monster_meat,0.761047,1.0,5.0
second_05,merm,0.907001,-0.5,2.0
second_05,berry_bush_harvested,0.903637,0.0,1.0
second_05,wilson,0.887488,1.5,3.0
second_05,morsel,0.835524,1.0,5.0
second_05,frog,0.795235,-1.5,2.0
second_05,monster_meat,0.731855,-0.5,2.0
second_05,berry_bush_harvested,0.920053,1.5,4.0
second_05,wilson,0.909697,2.0,0.0
second_05,merm,0.905695,-0.5,-2.0
second_05,morsel,0.846304,4.0,4.0
second_05,frog,0.835571,0.5,-1.0
second_05,monster_meat,0.784876,0.0,2.0
second_05,merm,0.92183,0.5,3.0
second_05,berry_bush_harvested,0.915757,4.0,8.0
second_05,berry_bush_harvested,0.91481,1.5,1.0
second_05,berry_bush_harvested,0.911788,0.5,2.0
second_05,wilson,0.884038,1.0,6.0
second_05,morsel,0.826665,4.0,5.0
second_05,frog,0.785564,-1.0,-1.0
second_05,monster_meat,0.762664,0.0,4.0
second_05,merm,0.912145,1.5,4.0
second_05,berry_bush_harvested,0.902302,1.5,3.0
second_05,berry_bush_harvested,0.899634,0.5,3.0
second_05,wilson,0.896516,2.5,2.0
second_05,berry_bush_harvested,0.891967,0.5,3.0
second_05,frog,0.846286,-3.0,0.0
second_05,monster_meat,0.836712,-2.5,-3.0
second_05,morsel,0.815299,1.5,3.0
second_05,berry_bush_harvested,0.918807,0.5,1.0
second_05,wilson,0.915329,0.0,0.0
second_05,berry_bush_harvested,0.897207,0.0,1.0
second_05,berry_bush_harvested,0.891525,2.0,0.0
second_05,frog,0.854055,-4.0,3.0
second_05,merm,0.841492,-1.5,6.0
second_05,berry_bush_harvested,0.912031,1.5,2.0
second_05,merm,0.906299,3.5,7.0
second_05,berry_bush_harvested,0.894205,1.0,1.0
second_05,berry_bush_harvested,0.890849,0.0,2.0
second_05,wilson,0.875912,0.0,1.0
second_05,monster_meat,0.852397,5.5,6.0
second_05,morsel,0.823098,0.5,3.0
second_05,frog,0.300581,0.5,1.0
second_05,merm,0.926202,0.0,3.0
second_05,wilson,0.903619,-0.5,3.0
second_05,berry_bush_harvested,0.897406,1.5,0.0
second_05,morsel,0.810335,-0.5,0.0
second_05,frog,0.80935,-1.0,2.0
second_05,berry_bush_harvested,0.790504,0.5,1.0
second_05,monster_meat,0.787842,-0.5,0.0
second_05,berry_bush_harvested,0.941467,0.5,0.0
second_05,merm,0.930623,1.0,3.0
second_05,wilson,0.896374,-1.0,3.0
second_05,berry_bush_harvested,0.829602,0.5,1.0
second_05,morsel,0.818946,2.5,2.0
second_05,monster_meat,0.811447,1.5,8.0
second_05,frog,0.105522,-0.5,-1.0
second_05,berry_bush_harvested,0.914309,0.5,2.0
second_05,merm,0.90853,3.0,3.0
second_05,berry_bush_harvested,0.907392,0.5,2.0
second_05,wilson,0.898211,1.0,1.0
second_05,berry_bush_harvested,0.854371,1.5,0.0
second_05,monster_meat,0.805549,2.5,6.0
second_05,morsel,0.792285,-3.5,2.0
second_05,frog,0.775495,-0.5,2.0
second_05,berry_bush_harvested,0.929751,0.5,2.0
second_05,berry_bush_harvested,0.927389,0.0,0.0
second_05,berry_bush_harvested,0.926451,-1.5,2.0
second_05,merm,0.926343,0.5,-1.0
second_05,wilson,0.908087,2.0,4.0
second_05,morsel,0.842937,1.5,3.0
second_05,frog,0.832325,2.0,1.0
second_05,monster_meat,0.763893,0.5,7.0
second_05,berry_bush_harvested,0.934835,0.5,2.0
second_05,berry_bush_harvested,0.912554,0.5,1.0
second_05,wilson,0.896434,0.5,-1.0
second_05,berry_bush_harvested,0.887743,1.5,-2.0
second_05,merm,0.856066,1.0,0.0
second_05,monster_meat,0.844117,0.5,-2.0
second_05,morsel,0.76739,-3.5,7.0
second_05,frog,0.663568,-2.5,15.0
second_05,berry_bush_harvested,0.943585,-1.0,1.0
second_05,berry_bush_harvested,0.935546,0.5,3.0
second_05,wilson,0.893913,0.5,1.0
second_05,frog,0.879642,0.5,4.0
second_05,morsel,0.834128,-0.5,2.0
second_05,monster_meat,0.811052,1.5,-2.0
second_05,merm,0.78336,0.5,8.0
second_05,berry_bush_harvested,0.931286,2.0,3.0
second_05,berry_bush_harvested,0.9271,1.0,-1.0
second_05,merm,0.904301,1.0,4.0
second_05,wilson,0.890152,0.0,2.0
second_05,frog,0.853747,-1.5,4.0
second_05,morsel,0.844768,5.0,0.0
second_05,monster_meat,0.794073,-3.0,-1.0
second_05,berry_bush_harvested,0.933782,3.0,4.0
second_05,berry_bush_harvested,0.928027,1.5,0.0
second_05,merm,0.906757,0.0,-4.0
second_05,wilson,0.891935,0.5,1.0
second_05,frog,0.850971,1.5,3.0
second_05,berry_bush_harvested,0.92419,1.0,3.0
second_05,berry_bush_harvested,0.921407,2.5,2.0
second_05,wilson,0.910635,0.5,2.0
second_05,merm,0.867482,0.5,-3.0
second_05,frog,0.86708,0.5,3.0
second_05,berry_bush_harvested,0.935314,3.0,3.0
second_05,wilson,0.906326,0.0,2.0
second_05,berry_bush_harvested,0.902609,2.0,1.0
second_05,merm,0.892141,2.5,5.0
second_05,morsel,0.786875,2.0,-1.0
second_05,frog,0.778035,0.0,2.0
second_05,berry_bush_harvested,0.926916,1.0,2.0
second_05,berry_bush_harvested,0.915715,0.5,1.0
second_05,berry_bush_harvested,0.91326,0.0,2.0
second_05,merm,0.907021,0.0,1.0
second_05,wilson,0.881133,2.5,2.0
second_05,frog,0.803838,-1.0,0.0
second_05,monster_meat,0.506341,3.5,-1.0
second_05,merm,0.922047,0.0,3.0
second_05,berry_bush_harvested,0.919428,1.0,0.0
second_05,wilson,0.916444,2.5,5.0
second_05,berry_bush_harvested,0.911686,0.5,1.0
second_05,berry_bush_harvested,0.855572,1.5,3.0
second_05,frog,0.836889,0.5,1.0
second_05,monster_meat,0.648722,8.0,4.0
second_05,frog,0.461768,-0.5,-44.0
second_05,berry_bush_harvested,0.941472,1.0,1.0
second_05,merm,0.907258,0.5,1.0
second_05,wilson,0.893777,0.5,2.0
second_05,monster_meat,0.790763,0.5,3.0
second_05,frog,0.479671,1.0,9.0
second_05,berry_bush_harvested,0.924557,2.0,0.0
second_05,wilson,0.896229,0.5,2.0
second_05,merm,0.883654,1.0,0.0
second_05,frog,0.845849,0.5,-1.0
second_05,monster_meat,0.782139,2.5,3.0
second_05,berry_bush_harvested,0.933796,1.5,1.0
second_05,berry_bush_harvested,0.933325,0.5,2.0
second_05,wilson,0.899849,-0.5,-2.0
second_05,merm,0.872639,1.5,4.0
second_05,morsel,0.844996,0.0,-1.0
second_05,monster_meat,0.776877,8.5,9.0
second_05,frog,0.726681,1.0,11.0
second_05,merm,0.509888,-0.5,-31.0
second_05,berry_bush_harvested,0.931009,2.0,1.0
second_05,merm,0.920546,2.5,1.0
second_05,berry_bush_harvested,0.915537,1.0,1.0
second_05,berry_bush_harvested,0.897189,2.5,0.0
second_05,wilson,0.897181,0.5,2.0
second_05,frog,0.869479,0.5,2.0
second_05,morsel,0.828963,4.5,9.0
second_05,monster_meat,0.264398,7.5,-4.0
second_05,berry_bush_harvested,0.940187,2.5,1.0
second_05,merm,0.938163,0.5,4.0
second_05,wilson,0.894283,1.0,3.0
second_05,monster_meat,0.811408,4.0,6.0
second_05,morsel,0.802037,0.0,2.0
second_05,frog,0.309815,2.0,3.0
second_05,berry_bush_harvested,0.933818,1.0,0.0
second_05,merm,0.915065,0.0,5.0
second_05,wilson,0.907435,-1.5,3.0
second_05,berry_bush_harvested,0.902893,0.5,1.0
second_05,berry_bush_harvested,0.884026,1.0,0.0
second_05,morsel,0.845184,-0.5,0.0
second_05,monster_meat,0.787182,0.5,5.0
second_05,frog,0.722869,3.5,2.0
second_05,tree_evergreen_3,0.906701,0.5,3.0
second_05,rock2,0.892114,-0.5,0.0
second_05,rock1,0.888076,3.0,2.0
second_05,wilson,0.884455,1.0,0.0
second_05,fish,0.865488,0.5,2.0
second_05,frog_legs,0.855161,2.0,-1.0
second_05,rocks,0.849391,1.0,-1.0
second_05,honey,0.833325,1.0,1.0
second_05,tallbird,0.738554,0.5,4.0
second_05,tree_evergreen_3,0.901134,-2.0,2.0
second_05,rock2,0.897809,0.5,1.0
second_05,wilson,0.889532,-0.5,3.0
second_05,rocks,0.856918,0.5,0.0
second_05,frog_legs,0.846698,0.0,2.0
second_05,tallbird,0.837767,7.0,3.0
second_05,honey,0.787466,0.0,2.0
second_05,fish,0.723404,1.5,3.0
second_05,rock2,0.909259,2.0,1.0
second_05,tree_evergreen_3,0.89034,0.5,-1.0
second_05,rock1,0.888223,1.5,1.0
second_05,wilson,0.876257,-1.5,3.0
second_05,fish,0.871643,-1.0,15.0
second_05,tallbird,0.871029,-1.5,0.0
second_05,rocks,0.856469,1.5,2.0
second_05,frog_legs,0.84814,-1.5,7.0
second_05,honey,0.835876,3.0,3.0
second_05,rock1,0.903454,2.5,1.0
second_05,rock2,0.902645,1.0,2.0
second_05,tree_evergreen_3,0.898409,0.0,1.0
second_05,wilson,0.886786,-0.5,2.0
second_05,tallbird,0.876929,1.0,1.0
second_05,frog_legs,0.843759,-1.0,-1.0
second_05,honey,0.843715,-1.5,1.0
second_05,fish,0.839784,-1.0,2.0
second_05,rocks,0.833183,0.5,2.0
second_05,rock2,0.919118,1.5,2.0
second_05,rock1,0.897413,-1.0,1.0
second_05,tree_evergreen_3,0.89489,1.0,0.0
second_05,wilson,0.884636,-0.5,1.0
second_05,tallbird,0.873126,-1.5,1.0
second_05,fish,0.867209,2.0,-3.0
second_05,frog_legs,0.8628,2.0,1.0
second_05,honey,0.85886,1.0,2.0
second_05,rocks,0.829522,0.5,0.0
second_05,rocks,0.141424,36.5,-26.0
second_05,rock2,0.926782,2.0,-2.0
second_05,wilson,0.896938,2.5,2.0
second_05,tree_evergreen_3,0.892673,0.0,3.0
second_05,tallbird,0.891681,0.5,1.0
second_05,rock1,0.89117,0.5,0.0
second_05,honey,0.870524,1.0,3.0
second_05,rocks,0.866044,0.5,3.0
second_05,fish,0.860054,-0.5,2.0
second_05,rock2,0.909814,1.0,2.0
second_05,wilson,0.897884,2.0,2.0
second_05,tree_evergreen_3,0.895307,1.0,2.0
second_05,rock1,0.891434,1.5,-1.0
second_05,tallbird,0.880999,-1.5,2.0
second_05,fish,0.838881,1.5,1.0
second_05,rock2,0.893265,2.5,5.0
second_05,wilson,0.892936,1.5,4.0
second_05,tallbird,0.8862,1.0,0.0
second_05,rock1,0.876016,3.0,0.0
second_05,fish,0.872788,0.5,7.0
second_05,tree_evergreen_3,0.808575,0.5,1.0
second_05,wilson,0.896219,1.5,4.0
second_05,rock2,0.88909,1.5,6.0
second_05,tallbird,0.874694,0.5,0.0
second_05,fish,0.848673,-2.0,0.0
second_05,rocks,0.435805,2.0,5.0
second_05,wilson,0.910387,-0.5,0.0
second_05,tallbird,0.880175,0.5,0.0
second_05,fish,0.864554,1.0,4.0
second_05,rock2,0.912717,0.0,2.0
second_05,rock1,0.893501,2.5,2.0
second_05,tree_evergreen_3,0.883809,-0.5,0.0
second_05,tallbird,0.876304,2.5,2.0
second_05,rocks,0.866055,0.5,3.0
second_05,wilson,0.86505,2.5,4.0
second_05,rock2,0.918364,0.0,0.0
second_05,rock1,0.90209,0.5,0.0
second_05,tree_evergreen_3,0.901722,1.5,1.0
second_05,wilson,0.892407,1.5,5.0
second_05,tallbird,0.882158,2.5,0.0
second_05,frog_legs,0.857254,0.5,-2.0
second_05,rocks,0.84409,1.0,2.0
second_05,fish,0.609647,-0.5,10.0
second_05,rock2,0.930585,0.0,1.0
second_05,rock1,0.905181,1.5,-1.0
second_05,wilson,0.900998,-2.0,2.0
second_05,tree_evergreen_3,0.89983,0.5,3.0
second_05,fish,0.877208,4.0,3.0
second_05,honey,0.852425,-2.0,6.0
second_05,rocks,0.847917,-0.5,3.0
second_05,frog_legs,0.83542,0.5,2.0
second_05,tallbird,0.82636,1.5,1.0
second_05,rock2,0.938824,0.5,0.0
second_05,tree_evergreen_3,0.893018,0.5,3.0
second_05,rock1,0.892032,1.0,2.0
second_05,wilson,0.888417,1.5,-2.0
second_05,fish,0.869969,2.5,0.0
second_05,rocks,0.856231,-0.5,3.0
second_05,tallbird,0.833935,6.5,1.0
second_05,frog_legs,0.822594,2.0,8.0
second_05,honey,0.811116,0.0,3.0
second_05,tallbird,0.538642,9.5,51.0
second_05,rock2,0.91023,2.0,4.0
second_05,rock1,0.900506,0.5,0.0
second_05,tree_evergreen_3,0.890315,1.0,0.0
second_05,fish,0.865689,3.5,3.0
second_05,tallbird,0.864118,1.5,3.0
second_05,wilson,0.85961,0.5,3.0
second_05,honey,0.79624,1.0,3.0
second_05,rocks,0.773121,0.5,2.0
second_05,frog_legs,0.545899,0.0,2.0
second_05,rock2,0.908382,0.0,1.0
second_05,rock1,0.902889,2.0,1.0
second_05,wilson,0.894257,-0.5,3.0
second_05,tree_evergreen_3,0.886269,-0.5,3.0
second_05,tallbird,0.869377,0.0,0.0
second_05,fish,0.858488,3.5,-1.0
second_05,rocks,0.830264,0.5,0.0
second_05,honey,0.799231,-0.5,5.0
second_05,rock2,0.920395,2.0,5.0
second_05,rock1,0.902352,1.5,0.0
second_05,tree_evergreen_3,0.891453,1.0,1.0
second_05,wilson,0.881228,1.0,5.0
second_05,tallbird,0.857658,-2.0,-5.0
second_05,frog_legs,0.849762,-2.5,1.0
second_05,rocks,0.831353,-2.5,3.0
second_05,fish,0.818076,0.5,2.0
second_05,honey,0.779693,0.5,1.0
second_05,wilson,0.906695,2.0,2.0
second_05,tree_evergreen_3,0.880279,1.5,3.0
second_05,fish,0.875517,2.0,8.0
second_05,frog_legs,0.837726,0.5,1.0
second_05,tallbird,0.834245,-0.5,-4.0
second_05,rocks,0.811539,-0.5,0.0
second_05,honey,0.785383,1.0,1.0
second_05,rock1,0.784552,-1.0,-1.0
second_05,tallbird,0.912436,0.0,1.0
second_05,wilson,0.904543,0.5,-1.0
second_05,rock1,0.899995,-1.0,2.0
second_05,rock2,0.896631,2.5,3.0
second_05,tree_evergreen_3,0.858091,-10.0,0.0
second_05,honey,0.843993,-0.5,0.0
second_05,tallbird,0.920308,-1.5,0.0
second_05,wilson,0.905534,1.5,2.0
second_05,rock2,0.898194,1.5,3.0
second_05,honey,0.884412,0.5,2.0
second_05,tree_evergreen_3,0.880421,0.5,-5.0
second_05,rock1,0.847938,1.5,4.0
second_05,fish,0.837641,1.0,0.0
second_05,wilson,0.902843,2.0,1.0
second_05,tree_evergreen_3,0.889545,2.0,2.0
second_05,tallbird,0.880473,-2.5,-3.0
second_05,rock2,0.843844,-0.5,4.0
second_05,honey,0.840971,1.0,0.0
second_05,fish,0.797627,1.0,9.0
second_05,tallbird,0.923205,-1.5,4.0
second_05,rock2,0.908071,2.5,0.0
second_05,wilson,0.90233,0.5,2.0
second_05,tree_evergreen_3,0.892925,0.5,1.0
second_05,honey,0.845933,1.0,2.0
second_05,wilson,0.906049,1.0,0.0
second_05,rock1,0.897693,4.0,-1.0
second_05,rock2,0.884127,3.0,1.0
second_05,tree_evergreen_3,0.87715,2.0,1.0
second_05,tallbird,0.866712,6.0,-1.0
second_05,rock2,0.931891,-0.5,2.0
second_05,tree_evergreen_3,0.892267,2.5,1.0
second_05,rock1,0.884926,3.0,2.0
second_05,rocks,0.875169,0.5,3.0
second_05,fish,0.855944,1.5,1.0
second_05,wilson,0.855667,1.5,3.0
second_05,frog_legs,0.850502,1.0,2.0
second_05,tallbird,0.774863,3.0,4.0
second_05,rock2,0.905916,-0.5,4.0
second_05,wilson,0.901084,1.0,4.0
second_05,rock1,0.896247,2.0,-2.0
second_05,fish,0.887319,0.5,1.0
second_05,tree_evergreen_3,0.874622,-0.5,0.0
second_05,tallbird,0.872577,1.5,0.0
second_05,rocks,0.81124,0.0,2.0
second_05,wilson,0.9024,-0.5,1.0
second_05,tree_evergreen_3,0.897827,1.0,2.0
second_05,rock1,0.895445,1.5,0.0
second_05,tallbird,0.875615,2.0,11.0
second_05,frog_legs,0.861511,0.0,2.0
second_05,fish,0.852099,2.5,4.0
second_05,honey,0.849344,0.5,3.0
second_05,rocks,0.849093,0.5,2.0
second_05,rock2,0.928944,0.5,2.0
second_05,wilson,0.904854,0.0,3.0
second_05,tree_evergreen_3,0.897436,-1.5,3.0
second_05,rock1,0.888025,0.5,1.0
second_05,tallbird,0.88406,0.5,-4.0
second_05,fish,0.862246,2.0,0.0
second_05,rocks,0.861115,0.5,1.0
second_05,honey,0.826629,-1.5,3.0
second_05,frog_legs,0.808138,1.0,1.0
second_05,wilson,0.904318,1.5,2.0
second_05,rock2,0.902001,1.0,1.0
second_05,tree_evergreen_3,0.897286,-0.5,4.0
second_05,honey,0.830661,2.0,4.0
second_05,rock2,0.91095,1.0,2.0
second_05,wilson,0.90407,-0.5,-2.0
second_05,rock1,0.849586,6.5,-1.0
second_05,honey,0.825313,-0.5,-1.0
second_05,tallbird,0.788136,8.5,0.0
second_05,rock1,0.406981,70.5,13.0
second_05,rock2,0.916271,0.5,3.0
second_05,rock1,0.907127,0.5,-1.0
second_05,wilson,0.899231,-1.0,4.0
second_05,honey,0.852694,1.5,3.0
second_05,tallbird,0.813631,10.0,5.0
second_05,wilson,0.905733,0.0,1.0
second_05,rock1,0.896454,0.5,1.0
second_05,rock2,0.889699,1.0,1.0
second_05,tree_evergreen_3,0.85056,-8.0,-8.0
second_05,honey,0.797356,0.0,2.0
second_05,tallbird,0.784851,7.0,3.0
second_05,rock1,0.890276,2.0,-1.0
second_05,rock2,0.86329,6.0,9.0
second_05,tree_evergreen_3,0.852655,-4.0,2.0
second_05,fish,0.846154,0.5,2.0
second_05,wilson,0.843885,1.0,3.0
second_05,honey,0.838787,1.5,5.0
second_05,rocks,0.833171,0.5,3.0
second_05,tallbird,0.314908,-1.0,-23.0
second_05,rock1,0.912993,1.0,-1.0
second_05,rock2,0.907936,1.0,5.0
second_05,tree_evergreen_3,0.890004,1.0,1.0
second_05,wilson,0.88985,1.5,3.0
second_05,frog_legs,0.836972,1.5,4.0
second_05,tallbird,0.835982,-14.5,17.0
second_05,honey,0.805032,0.0,1.0
second_05,fish,0.733782,-2.0,2.0
second_05,rocks,0.404088,-1.5,8.0
second_05,wilson,0.8992,0.5,4.0
second_05,rock2,0.898917,0.5,3.0
second_05,tree_evergreen_3,0.886406,1.5,2.0
second_05,rock1,0.877076,2.5,0.0
second_05,tallbird,0.86994,-1.0,3.0
second_05,frog_legs,0.860336,1.0,2.0
second_05,fish,0.784248,7.5,6.0
second_05,rocks,0.616502,-2.5,3.0
second_05,rock1,0.910032,-1.5,-1.0
second_05,tree_evergreen_3,0.893248,0.0,4.0
second_05,rock2,0.886197,0.5,1.0
second_05,honey,0.867225,4.5,3.0
second_05,rocks,0.847577,-0.5,2.0
second_05,fish,0.821703,-0.5,1.0
second_05,wilson,0.764364,-0.5,3.0
second_05,tallbird,0.748074,-21.0,1.0
second_05,tallbird,0.381209,-12.0,3.0
second_05,tree_evergreen_3,0.903572,0.5,2.0
second_05,rock1,0.890715,2.0,0.0
second_05,fish,0.866017,0.0,4.0
second_05,honey,0.864713,1.5,4.0
second_05,wilson,0.853128,0.0,-1.0
second_05,rock2,0.849678,-6.0,-2.0
second_05,tallbird,0.838498,4.5,3.0
second_05,rock1,0.905901,1.0,0.0
second_05,honey,0.86731,1.5,3.0
second_05,fish,0.855602,2.5,4.0
second_05,tallbird,0.843966,4.5,-8.0
second_05,rocks,0.833565,-0.5,1.0
second_05,tree_evergreen_3,0.534588,3.0,22.0
second_05,tallbird,0.323746,2.5,54.0
second_05,rock2,0.918963,0.5,1.0
second_05,rock1,0.900051,2.0,1.0
second_05,tree_evergreen_3,0.892496,-1.5,3.0
second_05,wilson,0.87698,-1.0,-1.0
second_05,fish,0.862391,0.5,0.0
second_05,rocks,0.849476,0.5,1.0
second_05,honey,0.829944,0.0,2.0
second_05,wilson,0.913962,0.5,3.0
second_05,clock_rook,0.881514,1.0,4.0
second_05,clock_bishop,0.870531,3.0,0.0
second_05,tree_evergreen_4,0.866195,0.0,0.0
second_05,log,0.857065,1.5,2.0
second_05,gold_nugget,0.849817,0.5,4.0
second_05,spider_warrior,0.816929,1.5,-2.0
second_05,wilson,0.909867,-1.0,2.0
second_05,clock_bishop,0.896883,4.0,4.0
second_05,clock_rook,0.878798,0.5,-13.0
second_05,spider_warrior,0.777749,-1.5,2.0
second_05,wilson,0.912008,1.5,1.0
second_05,clock_rook,0.883892,2.5,2.0
second_05,clock_bishop,0.877825,3.5,7.0
second_05,spider_warrior,0.737346,0.0,-1.0
second_05,wilson,0.901856,1.5,2.0
second_05,tree_evergreen_4,0.876702,1.0,0.0
second_05,clock_rook,0.872677,-0.5,6.0
second_05,log,0.82494,-0.5,2.0
second_05,gold_nugget,0.806345,-2.0,2.0
second_05,clock_knight,0.781918,-4.5,-2.0
second_05,spider,0.751769,-7.5,2.0
second_05,spider,0.561069,49.0,14.0
second_05,spider,0.489992,0.0,-1.0
second_05,spider,0.38289,39.0,22.0
second_05,spider,0.360825,9.0,-9.0
second_05,clock_knight,0.340016,-1.5,35.0
second_05,spider,0.336155,27.0,4.0
second_05,spider,0.306505,-1.0,5.0
second_05,spider,0.301993,21.0,-5.0
second_05,clock_bishop,0.273749,6.0,34.0
second_05,spider,0.236941,28.0,11.0
second_05,spider,0.108406,-18.0,7.0
second_05,clock_rook,0.881205,2.0,3.0
second_05,log,0.863736,-2.0,1.0
second_05,tree_evergreen_4,0.859344,1.0,-1.0
second_05,monster_meat,0.825644,6.0,-1.0
second_05,wilson,0.818521,3.5,1.0
second_05,spider,0.808021,1.5,-2.0
second_05,clock_knight,0.738913,5.0,7.0
second_05,clock_knight,0.435433,-1.0,11.0
second_05,spider,0.434509,10.5,5.0
second_05,spider,0.349489,-2.5,-6.0
second_05,spider,0.319237,11.5,-7.0
second_05,spider,0.318315,-32.5,0.0
second_05,spider,0.266798,-17.0,-2.0
second_05,spider,0.206243,32.5,11.0
second_05,spider,0.190671,-19.5,13.0
second_05,spider,0.17992,9.5,23.0
second_05,spider,0.17868,9.0,-8.0
second_05,spider,0.173285,19.5,2.0
second_05,spider,0.11202,-5.5,33.0
second_05,gold_nugget,0.107236,-1.5,4.0
second_05,tree_evergreen_4,0.905469,-0.5,1.0
second_05,clock_rook,0.876419,-4.0,4.0
second_05,wilson,0.831076,-1.5,2.0
second_05,monster_meat,0.809582,-2.5,-2.0
second_05,spider,0.612096,-6.0,-7.0
second_05,spider,0.57524,3.5,-2.0
second_05,gold_nugget,0.467763,2.0,4.0
second_05,spider_nest1,0.438654,3.0,11.0
second_05,spider,0.343145,-14.0,-10.0
second_05,spider,0.340484,-24.0,-6.0
second_05,spider,0.29268,1.0,-5.0
second_05,spider,0.281257,9.0,-14.0
second_05,spider,0.248219,13.5,20.0
second_05,spider,0.165001,-22.0,17.0
second_05,spider,0.140268,-27.0,-27.0
second_05,spider,0.135818,9.0,-6.0
second_05,spider,0.127363,-15.0,-15.0
second_05,spider,0.109906,33.0,9.0
second_05,spider,0.108361,3.5,11.0
second_05,spider,0.10031,-10.0,-2.0
second_05,clock_rook,0.886641,-1.5,3.0
second_05,wilson,0.850486,0.0,3.0
second_05,monster_meat,0.83028,6.5,-1.0
second_05,spider,0.694445,6.5,4.0
second_05,clock_knight,0.444431,4.0,-10.0
second_05,spider,0.39811,-5.5,10.0
second_05,spider,0.385218,-13.5,-3.0
second_05,gold_nugget,0.373784,2.5,7.0
second_05,clock_knight,0.267892,-14.0,-2.0
second_05,spider,0.206813,-9.5,-8.0
second_05,spider,0.206665,-17.5,5.0
second_05,spider,0.200224,-27.0,-2.0
second_05,spider,0.194314,-27.0,9.0
second_05,spider,0.186715,19.0,12.0
second_05,spider,0.181703,-8.0,-5.0
second_05,spider,0.175638,15.5,24.0
second_05,clock_knight,0.16579,17.0,-29.0
second_05,spider,0.160589,15.5,17.0
second_05,spider,0.136718,-7.5,-2.0
second_05,spider,0.133904,-4.0,11.0
second_05,spider,0.132326,5.5,1.0
second_05,spider,0.122624,-8.5,-11.0
second_05,clock_rook,0.891852,-0.5,6.0
second_05,wilson,0.848127,0.5,1.0
second_05,log,0.845402,-1.0,3.0
second_05,monster_meat,0.82344,0.5,-1.0
second_05,gold_nugget,0.681385,2.0,1.0
second_05,spider,0.60845,1.5,11.0
second_05,spider,0.419642,5.5,4.0
second_05,spider,0.39522,31.5,-18.0
second_05,spider,0.38489,-1.0,-8.0
second_05,spider,0.343714,7.0,-19.0
second_05,spider,0.267661,24.0,-1.0
second_05,spider,0.223735,-19.0,3.0
second_05,clock_knight,0.174609,-20.5,-10.0
second_05,spider,0.164241,-3.0,7.0
second_05,clock_knight,0.152422,-8.5,-4.0
second_05,spider,0.113263,11.5,-18.0
second_05,spider,0.111411,27.5,-32.0
second_05,spider_nest1,0.893399,0.5,3.0
second_05,wilson,0.872071,1.5,4.0
second_05,tree_evergreen_4,0.871124,3.5,-2.0
second_05,clock_rook,0.865169,2.5,7.0
second_05,log,0.86404,1.0,0.0
second_05,monster_meat,0.854825,3.0,4.0
second_05,gold_nugget,0.799078,-1.0,5.0
second_05,spider,0.636852,7.5,-12.0
second_05,clock_rook,0.891599,0.0,0.0
second_05,spider_nest1,0.888004,0.5,1.0
second_05,wilson,0.879047,1.5,2.0
second_05,tree_evergreen_4,0.840698,1.5,2.0
second_05,log,0.837465,0.5,1.0
second_05,gold_nugget,0.83619,0.0,5.0
second_05,spider,0.476398,3.5,7.0
second_05,spider,0.452772,-11.0,5.0
second_05,spider,0.438882,18.5,-3.0
second_05,clock_rook,0.901823,1.5,3.0
second_05,tree_evergreen_4,0.894229,2.5,4.0
second_05,clock_bishop,0.874819,-1.5,2.0
second_05,wilson,0.846569,-0.5,9.0
second_05,clock_knight,0.83861,2.0,7.0
second_05,log,0.828304,1.5,3.0
second_05,monster_meat,0.777594,8.0,6.0
second_05,gold_nugget,0.769367,-1.5,6.0
second_05,clock_rook,0.921813,1.5,5.0
second_05,clock_bishop,0.89454,3.0,1.0
second_05,wilson,0.887059,-0.5,1.0
second_05,tree_evergreen_4,0.885115,5.0,4.0
second_05,clock_knight,0.852834,1.5,0.0
second_05,gold_nugget,0.812563,-2.0,4.0
second_05,monster_meat,0.734681,10.0,3.0
second_05,clock_bishop,0.880247,2.0,4.0
second_05,wilson,0.868902,-1.5,-2.0
second_05,clock_knight,0.860971,-0.5,3.0
second_05,monster_meat,0.849709,0.5,8.0
second_05,tree_evergreen_4,0.842692,7.5,7.0
second_05,gold_nugget,0.757776,2.5,4.0
second_05,clock_rook,0.894311,1.0,2.0
second_05,clock_bishop,0.871292,-2.5,8.0
second_05,wilson,0.869883,-4.5,0.0
second_05,clock_knight,0.863755,-0.5,4.0
second_05,gold_nugget,0.845254,1.0,5.0
second_05,monster_meat,0.810961,5.5,10.0
second_05,clock_rook,0.914662,-2.5,22.0
second_05,tree_evergreen_4,0.89948,1.5,2.0
second_05,clock_bishop,0.87409,0.5,5.0
second_05,wilson,0.869937,3.0,7.0
second_05,monster_meat,0.856691,2.5,0.0
second_05,gold_nugget,0.85451,1.0,3.0
second_05,clock_knight,0.801922,-2.5,6.0
second_05,clock_bishop,0.888057,0.5,1.0
second_05,clock_rook,0.880571,2.0,1.0
second_05,wilson,0.858293,-0.5,1.0
second_05,monster_meat,0.835084,0.5,4.0
second_05,gold_nugget,0.795413,0.5,7.0
second_05,clock_knight,0.699972,-3.0,1.0
second_05,clock_rook,0.878499,-1.5,4.0
second_05,wilson,0.871254,2.0,1.0
second_05,clock_bishop,0.871163,0.5,4.0
second_05,gold_nugget,0.815772,0.0,7.0
second_05,clock_knight,0.80786,-1.5,1.0
second_05,monster_meat,0.79363,-2.0,2.0
second_05,tree_evergreen_4,0.894302,2.0,3.0
second_05,clock_rook,0.882603,0.5,6.0
second_05,wilson,0.86907,-1.0,4.0
second_05,spider_nest1,0.844856,0.5,4.0
second_05,gold_nugget,0.823933,1.0,4.0
second_05,clock_knight,0.804677,1.5,2.0
second_05,log,0.59411,0.5,11.0
second_05,spider_nest1,0.194759,5.5,7.0
second_05,wilson,0.90418,-0.5,1.0
second_05,clock_rook,0.87601,-1.0,4.0
second_05,spider_nest1,0.874655,-2.0,2.0
second_05,tree_evergreen_4,0.868287,3.0,1.0
second_05,log,0.86717,1.5,3.0
second_05,clock_knight,0.840579,1.0,1.0
second_05,gold_nugget,0.800021,-1.0,1.0
second_05,clock_bishop,0.516766,0.5,15.0
second_05,clock_bishop,0.173037,-7.5,47.0
second_05,clock_rook,0.909646,-1.0,5.0
second_05,wilson,0.896326,2.0,3.0
second_05,monster_meat,0.865314,4.0,1.0
second_05,clock_knight,0.800787,0.5,2.0
second_05,gold_nugget,0.754794,1.0,1.0
second_05,clock_rook,0.88423,0.5,0.0
second_05,wilson,0.863989,0.5,1.0
second_05,clock_knight,0.862608,0.5,2.0
second_05,log,0.849303,0.5,1.0
second_05,clock_bishop,0.749203,0.5,0.0
second_05,clock_rook,0.885711,-1.0,-2.0
second_05,log,0.875828,0.0,0.0
second_05,wilson,0.874846,2.0,1.0
second_05,clock_knight,0.867708,0.5,3.0
second_05,gold_nugget,0.853517,4.5,2.0
second_05,tree_evergreen_4,0.877011,4.0,2.0
second_05,spider_nest1,0.85773,1.5,1.0
second_05,wilson,0.854109,2.5,3.0
second_05,clock_knight,0.851971,2.0,-7.0
second_05,clock_bishop,0.832676,1.5,-5.0
second_05,gold_nugget,0.80886,1.0,1.0
second_05,clock_knight,0.18558,15.0,15.0
second_05,spider_nest1,0.895586,3.5,-1.0
second_05,wilson,0.886387,1.5,2.0
second_05,clock_rook,0.881671,1.0,-3.0
second_05,spider_nest2,0.873623,5.5,-4.0
second_05,spider_nest1,0.869353,-1.0,8.0
second_05,spider_nest3,0.779613,-12.5,-7.0
second_05,clock_rook,0.926044,2.5,2.0
second_05,wilson,0.895093,2.0,1.0
second_05,spider_nest3,0.866345,-9.5,-2.0
second_05,spider_nest1,0.858008,-1.5,5.0
second_05,spider_nest2,0.710065,-3.0,0.0
second_05,spider_nest3,0.478207,-42.5,3.0
second_05,spider_nest2,0.90419,2.0,-5.0
second_05,clock_rook,0.892865,0.5,4.0
second_05,spider_nest1,0.865477,2.0,2.0
second_05,spider_nest1,0.863893,3.5,5.0
second_05,wilson,0.859045,1.5,5.0
second_05,spider_nest3,0.374422,-7.5,18.0
second_05,spider_nest3,0.130507,-0.5,59.0
second_05,spider_nest1,0.915594,0.5,3.0
second_05,clock_rook,0.901265,0.0,4.0
second_05,tree_evergreen_4,0.878609,-0.5,-3.0
second_05,wilson,0.853823,-1.5,-1.0
second_05,monster_meat,0.828463,0.5,2.0
second_05,log,0.825545,0.5,1.0
second_05,gold_nugget,0.820546,0.5,0.0
second_05,clock_knight,0.257496,4.0,6.0
second_05,tree_evergreen_4,0.896322,1.0,-1.0
second_05,clock_rook,0.884565,1.0,4.0
second_05,wilson,0.835077,0.5,5.0
second_05,monster_meat,0.830233,0.0,-2.0
second_05,gold_nugget,0.818349,0.0,-1.0
second_05,spider_nest2,0.761925,1.5,4.0
second_05,clock_knight,0.398153,0.5,1.0
second_05,wilson,0.894801,2.0,-1.0
second_05,clock_bishop,0.887898,-2.0,3.0
second_05,clock_rook,0.87997,-2.5,7.0
second_05,tree_evergreen_4,0.878805,2.5,5.0
second_05,spider_nest3,0.873329,3.5,1.0
second_05,monster_meat,0.86761,-1.0,1.0
second_05,spider_nest1,0.840103,1.0,6.0
second_05,clock_bishop,0.913821,0.5,-2.0
second_05,spider_nest3,0.902172,-12.0,-2.0
second_05,clock_rook,0.871405,32.5,10.0
second_05,wilson,0.847815,1.0,3.0
second_05,spider_nest1,0.847367,8.5,-8.0
second_05,log,0.391621,11.5,5.0
second_05,spider_nest3,0.876975,-9.0,-4.0
second_05,clock_rook,0.874359,-1.5,2.0
second_05,log,0.870816,1.0,3.0
second_05,gold_nugget,0.836371,3.5,0.0
second_05,wilson,0.820114,-1.0,0.0
second_05,spider_nest1,0.817453,3.0,-3.0
second_05,clock_bishop,0.808669,-0.5,12.0
second_05,spider_nest2,0.752622,3.0,7.0
second_05,spider_nest2,0.930755,1.5,4.0
second_05,wilson,0.906119,1.0,0.0
second_05,spider_nest1,0.899309,-1.0,3.0
second_05,clock_rook,0.88543,-0.5,-3.0
second_05,log,0.853451,0.5,-1.0
second_05,spider_nest1,0.798295,2.0,0.0
second_05,log,0.770123,2.5,-3.0
second_05,gold_nugget,0.568713,1.0,2.0
second_05,spider_nest2,0.945626,6.0,-3.0
second_05,spider_nest1,0.93494,2.5,1.0
second_05,clock_rook,0.895375,1.0,12.0
second_05,log,0.882318,0.5,4.0
second_05,spider_nest3,0.874668,-30.0,10.0
second_05,log,0.868731,-2.0,2.0
second_05,spider_nest1,0.853688,3.0,5.0
second_05,wilson,0.827356,0.5,-2.0
second_05,gold_nugget,0.826328,2.0,1.0
second_05,log,0.211337,98.0,13.0
second_05,log,0.134739,-6.0,0.0
second_05,clock_bishop,0.903526,1.0,0.0
second_05,wilson,0.895412,1.5,0.0
second_05,spider_nest1,0.890928,3.5,2.0
second_05,clock_rook,0.885797,1.5,-1.0
second_05,spider_nest2,0.879979,-6.5,6.0
second_05,spider_nest3,0.846048,-29.5,4.0
second_05,log,0.839495,4.0,1.0
second_05,gold_nugget,0.829811,1.0,3.0
second_05,monster_meat,0.809595,1.5,2.0
second_05,wilson,0.865803,-1.5,5.0
second_05,gobbler,0.844758,1.5,-4.0
second_05,drumstick,0.841213,1.0,-2.0
second_05,gold_nugget,0.831,-0.5,-4.0
second_05,wilson,0.900164,0.0,4.0
second_05,drumstick,0.8358,-0.5,2.0
second_05,gold_nugget,0.812777,2.0,-3.0
second_05,gobbler,0.81246,24.0,51.0
second_05,gobbler,0.631079,-3.0,42.0
second_05,wilson,0.889184,-1.0,2.0
second_05,gobbler,0.845022,-0.5,0.0
second_05,drumstick,0.840279,0.5,-2.0
second_05,gold_nugget,0.122949,1.5,5.0
second_05,wilson,0.897259,-2.0,1.0
second_05,gobbler,0.838142,3.0,13.0
second_05,drumstick,0.835628,-0.5,6.0
second_05,gold_nugget,0.830131,2.5,-1.0
second_05,wilson,0.906749,0.5,3.0
second_05,gobbler,0.854387,-1.5,-4.0
second_05,drumstick,0.836693,1.0,5.0
second_05,gold_nugget,0.640833,-0.5,-4.0
second_05,wilson,0.909531,-2.5,3.0
second_05,gobbler,0.856103,3.0,-14.0
second_05,drumstick,0.851947,3.0,3.0
second_05,wilson,0.877761,0.5,-1.0
second_05,drumstick,0.806109,3.0,4.0
second_05,gold_nugget,0.781947,3.0,5.0
second_05,gobbler,0.764169,0.0,5.0
second_05,wilson,0.90609,0.5,3.0
second_05,gobbler,0.850887,-1.5,2.0
second_05,gold_nugget,0.830365,1.0,2.0
second_05,drumstick,0.800316,-3.5,1.0
second_05,wilson,0.884908,1.0,3.0
second_05,gobbler,0.852433,3.0,-14.0
second_05,drumstick,0.84687,-2.5,3.0
second_05,gold_nugget,0.829207,2.5,3.0
second_05,wilson,0.907332,-2.0,6.0
second_05,gold_nugget,0.858706,0.0,4.0
second_05,drumstick,0.848629,-3.0,1.0
second_05,gobbler,0.839548,-1.0,-16.0
second_05,wilson,0.871423,0.5,4.0
second_05,gobbler,0.859969,0.5,-4.0
second_05,gold_nugget,0.827943,2.5,1.0
second_05,drumstick,0.801849,-2.0,4.0
second_05,wilson,0.902715,-0.5,-1.0
second_05,gold_nugget,0.846499,1.0,-3.0
second_05,gobbler,0.83777,6.5,1.0
second_05,drumstick,0.833924,-1.0,7.0
second_05,wilson,0.899774,0.5,3.0
second_05,drumstick,0.84642,0.5,3.0
second_05,gobbler,0.79555,3.0,22.0
second_05,gold_nugget,0.784246,0.5,1.0
second_05,wilson,0.895818,2.5,4.0
second_05,gobbler,0.877365,-4.0,-2.0
second_05,drumstick,0.844377,0.5,0.0
second_05,gold_nugget,0.679084,0.0,4.0
second_05,wilson,0.898242,0.0,0.0
second_05,gobbler,0.839071,1.0,-5.0
second_05,drumstick,0.798149,0.0,-1.0
second_05,wilson,0.909974,0.5,3.0
second_05,drumstick,0.828903,3.5,3.0
second_05,gobbler,0.822476,-1.5,12.0
second_05,gobbler,0.870389,-1.5,18.0
second_05,wilson,0.868762,0.0,0.0
second_05,drumstick,0.868088,3.5,3.0
second_05,gold_nugget,0.841146,1.5,8.0
second_05,wilson,0.908904,0.5,3.0
second_05,gold_nugget,0.858982,1.0,3.0
second_05,drumstick,0.856019,1.0,6.0
second_05,gobbler,0.835442,0.5,8.0
second_05,wilson,0.876839,1.5,3.0
second_05,gobbler,0.859602,2.5,-1.0
second_05,drumstick,0.847712,1.5,2.0
second_05,gold_nugget,0.789679,1.5,3.0
second_05,wilson,0.90308,0.5,3.0
second_05,gobbler,0.865165,2.0,0.0
second_05,drumstick,0.849089,3.5,-2.0
second_05,gold_nugget,0.819844,3.0,4.0
second_05,wilson,0.905568,0.5,3.0
second_05,gobbler,0.855982,-1.5,5.0
second_05,drumstick,0.82117,5.0,2.0
second_05,gold_nugget,0.817086,-1.0,1.0
second_05,wilson,0.907343,2.0,4.0
second_05,drumstick,0.832321,2.0,1.0
second_05,gobbler,0.831165,-1.5,19.0
second_05,gold_nugget,0.809646,2.5,3.0
second_05,wilson,0.905735,1.0,2.0
second_05,gobbler,0.869581,0.0,5.0
second_05,gold_nugget,0.841228,1.5,8.0
second_05,drumstick,0.838862,1.5,1.0
second_05,wilson,0.863182,1.5,3.0
second_05,gobbler,0.850551,-1.5,12.0
second_05,drumstick,0.629888,0.5,-2.0
second_05,wilson,0.898857,0.5,3.0
second_05,gobbler,0.838686,5.0,10.0
second_05,wilson,0.901076,0.5,1.0
second_05,gobbler,0.833618,1.0,7.0
second_05,wilson,0.910078,-0.5,0.0
second_05,drumstick,0.842077,-1.0,1.0
second_05,gobbler,0.831162,-7.0,14.0
second_05,wilson,0.872222,0.0,-1.0
second_05,gobbler,0.834171,-0.5,4.0
second_05,drumstick,0.730404,9.5,0.0
second_05,wilson,0.880762,-2.0,2.0
second_05,gobbler,0.836095,1.5,1.0
second_05,drumstick,0.311435,5.0,-1.0
second_05,wilson,0.88309,-1.0,3.0
second_05,drumstick,0.856387,2.0,0.0
second_05,gobbler,0.838462,2.0,-5.0
second_05,wilson,0.890135,1.5,4.0
second_05,drumstick,0.865445,0.5,1.0
second_05,gobbler,0.845845,-6.0,-2.0
second_05,gold_nugget,0.83497,-1.0,2.0
second_05,wilson,0.895049,2.0,2.0
second_05,gobbler,0.844702,0.0,12.0
second_05,gold_nugget,0.836911,1.0,2.0
second_05,drumstick,0.819997,0.5,8.0
second_05,wilson,0.898838,1.5,3.0
second_05,gold_nugget,0.826367,-1.0,3.0
second_05,drumstick,0.794279,2.0,6.0
second_05,gobbler,0.790864,0.5,-2.0
second_05,wilson,0.904575,1.5,2.0
second_05,gold_nugget,0.858967,1.5,7.0
second_05,gobbler,0.81102,4.0,-1.0
second_05,drumstick,0.80976,0.0,1.0
second_05,wilson,0.897693,0.5,2.0
second_05,drumstick,0.840269,2.5,2.0
second_05,gold_nugget,0.797977,1.5,4.0
second_05,gobbler,0.774983,3.0,15.0
second_05,wilson,0.87295,1.5,3.0
second_05,gold_nugget,0.827312,1.5,4.0
second_05,drumstick,0.825277,2.0,-1.0
second_05,gobbler,0.782474,1.0,3.0
second_05,wilson,0.921136,-0.5,0.0
second_05,gobbler,0.840116,2.5,9.0
second_05,drumstick,0.837796,2.0,-3.0
second_05,wilson,0.902074,0.5,0.0
second_05,drumstick,0.858897,-1.5,-1.0
second_05,gobbler,0.847149,1.5,-4.0
second_05,gold_nugget,0.797614,-2.0,2.0
second_05,wilson,0.907727,0.5,4.0
second_05,drumstick,0.849631,2.0,-1.0
second_05,gobbler,0.827774,1.5,1.0
second_05,gold_nugget,0.808727,-3.5,3.0
second_05,wilson,0.888792,1.0,2.0
second_05,gold_nugget,0.820985,3.0,4.0
second_05,gobbler,0.813485,3.5,-6.0
second_05,wilson,0.894085,-0.5,3.0
second_05,drumstick,0.84414,1.5,7.0
second_05,gobbler,0.800827,-0.5,16.0
second_05,wilson,0.872455,2.0,2.0
second_05,gobbler,0.825058,3.0,11.0
second_05,drumstick,0.694891,-1.5,-4.0
second_05,wilson,0.884768,0.5,4.0
second_05,drumstick,0.831231,1.0,2.0
second_05,gobbler,0.437414,-0.5,13.0
second_05,wilson,0.925673,-0.5,2.0
second_05,gobbler,0.848262,3.5,14.0
second_05,gold_nugget,0.814326,0.5,-1.0
second_05,drumstick,0.810996,1.0,10.0
second_05,wilson,0.91044,-3.0,4.0
second_05,drumstick,0.842267,6.5,6.0
second_05,gold_nugget,0.833863,1.0,1.0
second_05,gobbler,0.808295,-0.5,10.0
second_05,wilson,0.890917,0.0,2.0
second_05,gold_nugget,0.827076,2.0,6.0
second_05,drumstick,0.81843,6.5,2.0
second_05,gobbler,0.804323,-2.0,-8.0
second_05,wilson,0.894847,0.5,2.0
second_05,drumstick,0.847452,3.5,-1.0
second_05,gold_nugget,0.842812,2.0,-1.0
second_05,gobbler,0.791323,-2.5,-3.0
second_05,wilson,0.907039,1.0,3.0
second_05,drumstick,0.859083,4.0,4.0
second_05,gobbler,0.813989,-4.0,-5.0
second_05,gold_nugget,0.803411,-0.5,4.0
second_05,wilson,0.900037,1.0,3.0
second_05,gold_nugget,0.844156,-3.0,4.0
second_05,gobbler,0.810845,0.0,-1.0
second_05,wilson,0.907478,0.5,3.0
second_05,gobbler,0.814841,-4.0,8.0
second_05,gold_nugget,0.793485,0.0,2.0
second_05,wilson,0.896584,2.0,1.0
second_05,gold_nugget,0.832403,2.0,6.0
second_05,drumstick,0.830783,3.0,1.0
second_05,gobbler,0.821659,-5.0,-3.0
second_05,wilson,0.892354,1.5,5.0
second_05,drumstick,0.827416,-1.5,-2.0
second_05,gobbler,0.826031,11.5,25.0
second_05,gold_nugget,0.774547,0.0,-3.0
second_05,wilson,0.880376,1.0,5.0
second_05,gold_nugget,0.856155,3.0,0.0
second_05,drumstick,0.853438,1.0,4.0
second_05,gobbler,0.80753,6.0,5.0
second_05,wilson,0.895237,1.0,0.0
second_05,gobbler,0.8448,4.5,6.0
second_05,drumstick,0.830821,4.5,3.0
second_05,gold_nugget,0.823665,1.5,2.0
second_05,wilson,0.910998,0.5,3.0
second_05,gobbler,0.847138,4.0,-6.0
second_05,gold_nugget,0.839444,-5.0,5.0
second_05,drumstick,0.823715,-0.5,0.0
second_05,wilson,0.89066,1.5,4.0
second_05,gold_nugget,0.853897,3.0,-4.0
second_05,drumstick,0.813923,3.5,6.0
second_05,gobbler,0.781587,3.5,17.0
second_05,wilson,0.905873,3.0,3.0
second_05,drumstick,0.85797,4.0,2.0
second_05,gold_nugget,0.843479,2.5,3.0
second_05,gobbler,0.661546,-4.0,15.0
second_05,gobbler,0.63439,-3.0,14.0
second_05_v2,grass,0.874588,3.5,6.0
second_05_v2,wilson,0.848374,-2.0,4.0
second_05_v2,sapling,0.848,-0.5,4.0
second_05_v2,tree_evergreen_1,0.505128,6.0,3.0
second_05_v2,grass,0.876327,1.5,1.0
second_05_v2,sapling,0.862727,3.5,1.0
second_05_v2,wilson,0.850941,-2.0,10.0
second_05_v2,tree_evergreen_1,0.447746,3.5,5.0
second_05_v2,wilson,0.875365,-1.5,9.0
second_05_v2,grass,0.838357,2.0,6.0
second_05_v2,sapling,0.832599,-1.5,4.0
second_05_v2,tree_evergreen_1,0.313603,4.0,2.0
second_05_v2,grass,0.871825,-1.0,5.0
second_05_v2,flint,0.812579,-3.0,2.0
second_05_v2,grass_picked,0.807476,-2.5,3.0
second_05_v2,wilson,0.705404,0.5,2.0
second_05_v2,wilson,0.88998,0.0,5.0
second_05_v2,sapling,0.887061,-0.5,6.0
second_05_v2,grass,0.871929,0.5,0.0
second_05_v2,sapling,0.837308,8.5,-2.0
second_05_v2,tree_evergreen_2,0.834658,-1.5,4.0
second_05_v2,berry_bush,0.833444,-1.0,-1.0
second_05_v2,grass_picked,0.828665,-1.5,2.0
second_05_v2,tree_evergreen_2,0.8275,-1.0,9.0
second_05_v2,flint,0.810536,-1.5,3.0
second_05_v2,sapling,0.81048,2.5,0.0
second_05_v2,tree_evergreen_3,0.810373,1.5,5.0
second_05_v2,tree_evergreen_2,0.752494,-1.0,6.0
second_05_v2,grass,0.715825,2.5,4.0
second_05_v2,sapling,0.420004,2.0,5.0
second_05_v2,wilson,0.887097,-3.5,8.0
second_05_v2,sapling,0.880639,0.0,5.0
second_05_v2,sapling,0.873021,1.5,9.0
second_05_v2,grass,0.862152,3.0,4.0
second_05_v2,grass,0.861629,0.0,4.0
second_05_v2,grass,0.857733,2.0,3.0
second_05_v2,grass,0.850357,4.0,7.0
second_05_v2,tree_evergreen_2,0.823906,0.0,8.0
second_05_v2,tree_evergreen_1,0.823378,2.5,9.0
second_05_v2,grass,0.818842,-0.5,5.0
second_05_v2,flint,0.81093,0.5,1.0
second_05_v2,flint,0.803288,-1.0,6.0
second_05_v2,tree_evergreen_1,0.737274,0.5,4.0
second_05_v2,tree_evergreen_2,0.72287,3.0,9.0
second_05_v2,sapling,0.875028,3.0,5.0
second_05_v2,grass,0.865173,3.0,0.0
second_05_v2,grass,0.863261,1.0,7.0
second_05_v2,sapling_picked,0.863173,0.5,7.0
second_05_v2,sapling,0.86032,0.5,2.0
second_05_v2,grass,0.833659,-1.0,9.0
second_05_v2,flint,0.820176,0.5,3.0
second_05_v2,tree_evergreen_2,0.819936,-2.5,3.0
second_05_v2,tree_evergreen_1,0.819178,5.0,9.0
second_05_v2,wilson,0.811709,5.0,2.0
second_05_v2,flint,0.782557,-1.0,6.0
second_05_v2,flint,0.769666,-0.5,3.0
second_05_v2,grass,0.67875,2.0,5.0
second_05_v2,sapling,0.894225,-0.5,5.0
second_05_v2,grass,0.886316,3.5,2.0
second_05_v2,sapling,0.874249,-1.0,6.0
second_05_v2,sapling,0.867634,-1.0,3.0
second_05_v2,wilson,0.867524,2.0,2.0
second_05_v2,berry_bush,0.86375,3.0,7.0
second_05_v2,sapling_picked,0.853485,0.5,2.0
second_05_v2,carrot_planted,0.846556,3.0,1.0
second_05_v2,grass,0.827192,-0.5,3.0
second_05_v2,grass_picked,0.819121,0.0,6.0
second_05_v2,grass,0.817052,1.5,1.0
second_05_v2,flint,0.807595,0.0,1.0
second_05_v2,flint,0.797447,-1.5,1.0
second_05_v2,tree_evergreen_1,0.784217,3.5,3.0
second_05_v2,tree_evergreen_2,0.476728,4.0,2.0
second_05_v2,sapling,0.896172,-1.0,9.0
second_05_v2,grass,0.887086,0.0,9.0
second_05_v2,sapling_picked,0.870433,-4.5,7.0
second_05_v2,sapling,0.861512,-1.0,5.0
second_05_v2,grass,0.857145,-0.5,3.0
second_05_v2,tree_evergreen_1,0.849748,1.0,-6.0
second_05_v2,grass,0.83917,-0.5,5.0
second_05_v2,grass,0.827834,-2.0,6.0
second_05_v2,tree_evergreen_1,0.816902,0.5,-5.0
second_05_v2,flint,0.801197,-0.5,7.0
second_05_v2,tree_evergreen_2,0.781608,-1.0,2.0
second_05_v2,grass_picked,0.733971,-1.0,4.0
second_05_v2,tree_evergreen_3,0.716553,1.0,-5.0
second_05_v2,tree_evergreen_2,0.699094,3.0,3.0
second_05_v2,grass,0.890055,2.0,4.0
second_05_v2,sapling,0.871197,9.5,6.0
second_05_v2,grass,0.870447,2.5,5.0
second_05_v2,sapling_picked,0.864373,0.0,11.0
second_05_v2,grass,0.846164,0.0,5.0
second_05_v2,grass,0.844238,-1.0,2.0
second_05_v2,sapling_picked,0.838204,1.5,7.0
second_05_v2,tree_evergreen_1,0.83482,-2.0,2.0
second_05_v2,grass,0.828483,0.0,5.0
second_05_v2,flint,0.811239,-0.5,2.0
second_05_v2,tree_evergreen_3,0.777209,0.0,-5.0
second_05_v2,tree_evergreen_2,0.754726,-2.0,-3.0
second_05_v2,grass_picked,0.725775,-2.0,6.0
second_05_v2,tree_evergreen_2,0.711726,2.5,6.0
second_05_v2,tree_evergreen_1,0.580257,1.0,-2.0
second_05_v2,flint,0.172673,-6.0,7.0
second_05_v2,grass,0.882956,-1.0,7.0
second_05_v2,grass,0.8788,1.0,11.0
second_05_v2,sapling_picked,0.869048,2.5,2.0
second_05_v2,grass,0.863327,-0.5,1.0
second_05_v2,grass,0.853035,-3.0,8.0
second_05_v2,tree_evergreen_1,0.850203,1.5,-4.0
second_05_v2,grass,0.84983,-0.5,4.0
second_05_v2,sapling_picked,0.834183,0.5,0.0
second_05_v2,tree_evergreen_1,0.798573,2.0,1.0
second_05_v2,grass_picked,0.787503,-4.0,7.0
second_05_v2,flint,0.780342,-4.5,6.0
second_05_v2,tree_evergreen_2,0.764802,3.5,9.0
second_05_v2,flint,0.741164,1.0,10.0
second_05_v2,tree_evergreen_3,0.731,2.0,-4.0
second_05_v2,tree_evergreen_2,0.723558,-3.0,11.0
second_05_v2,grass,0.273901,-54.5,68.0
second_05_v2,flint,0.160472,-22.0,-66.0
second_05_v2,grass,0.895406,-0.5,4.0
second_05_v2,grass,0.88988,0.5,5.0
second_05_v2,grass,0.878031,1.0,3.0
second_05_v2,grass,0.874669,0.5,2.0
second_05_v2,grass,0.865839,2.0,3.0
second_05_v2,spider,0.796287,0.5,0.0
second_05_v2,wilson,0.785185,1.5,8.0
second_05_v2,spider,0.778234,0.5,3.0
second_05_v2,hound,0.775004,1.5,5.0
second_05_v2,grass,0.751827,3.5,3.0
second_05_v2,grass,0.235443,-5.5,6.0
second_05_v2,wilson,0.879482,0.5,9.0
second_05_v2,sapling_picked,0.873584,-1.0,3.0
second_05_v2,grass,0.873578,-2.0,4.0
second_05_v2,grass,0.871287,0.0,4.0
second_05_v2,sapling_picked,0.861815,-0.5,10.0
second_05_v2,grass,0.861063,-1.0,5.0
second_05_v2,sapling_picked,0.860704,2.5,3.0
second_05_v2,flint,0.850726,0.0,2.0
second_05_v2,tree_evergreen_1,0.84002,5.5,-1.0
second_05_v2,grass,0.80257,-2.5,10.0
second_05_v2,grass_picked,0.794597,-1.5,5.0
second_05_v2,grass,0.742847,0.0,5.0
second_05_v2,tree_evergreen_2,0.742276,4.5,-5.0
second_05_v2,tree_evergreen_3,0.718483,1.0,7.0
second_05_v2,tree_evergreen_1,0.427436,2.0,1.0
second_05_v2,grass,0.89611,1.5,5.0
second_05_v2,grass,0.885057,-0.5,0.0
second_05_v2,grass,0.883648,0.0,5.0
second_05_v2,sapling_picked,0.876695,-1.0,3.0
second_05_v2,sapling_picked,0.863847,2.0,5.0
second_05_v2,tree_evergreen_1,0.860909,2.0,5.0
second_05_v2,grass,0.859025,4.0,4.0
second_05_v2,grass,0.853853,2.0,6.0
second_05_v2,wilson,0.850286,-1.5,9.0
second_05_v2,flint,0.827548,-0.5,6.0
second_05_v2,tree_evergreen_2,0.814291,-4.5,-1.0
second_05_v2,grass_picked,0.808732,-3.0,4.0
second_05_v2,grass,0.785172,2.5,6.0
second_05_v2,flint,0.743252,0.0,2.0
second_05_v2,tree_evergreen_1,0.678882,5.0,10.0
second_05_v2,berry_bush,0.57661,0.0,3.0
second_05_v2,tree_evergreen_3,0.56846,-0.5,-1.0
second_05_v2,grass,0.408079,-42.0,71.0
second_05_v2,berry_bush,0.361826,-2.0,1.0
second_05_v2,grass,0.344137,2.0,6.0
second_05_v2,flint,0.14833,-6.0,0.0
second_05_v2,sapling,0.892402,1.0,1.0
second_05_v2,berry_bush_harvested,0.891363,1.0,3.0
second_05_v2,sapling,0.885291,4.0,5.0
second_05_v2,wilson,0.882069,-0.5,7.0
second_05_v2,sapling,0.882036,0.5,3.0
second_05_v2,grass,0.868407,1.0,3.0
second_05_v2,grass,0.850335,1.5,2.0
second_05_v2,tree_evergreen_1,0.83857,0.5,-1.0
second_05_v2,carrot_planted,0.828863,0.5,2.0
second_05_v2,carrot_planted,0.823684,2.0,9.0
second_05_v2,grass_picked,0.816633,-0.5,1.0
second_05_v2,carrot_planted,0.811038,2.5,2.0
second_05_v2,tree_evergreen_1,0.808456,-1.0,4.0
second_05_v2,flint,0.789813,-1.0,2.0
second_05_v2,grass_picked,0.745511,1.5,-2.0
second_05_v2,tree_evergreen_2,0.696837,-6.0,-2.0
second_05_v2,berry_bush,0.879434,-3.0,2.0
second_05_v2,sapling,0.876454,-0.5,0.0
second_05_v2,carrot_planted,0.872343,2.0,-4.0
second_05_v2,sapling_picked,0.861146,5.0,-1.0
second_05_v2,tree_evergreen_2,0.836987,-4.0,-1.0
second_05_v2,tree_evergreen_1,0.833217,3.5,5.0
second_05_v2,tree_evergreen_1,0.819396,2.0,-4.0
second_05_v2,wilson,0.817444,2.0,2.0
second_05_v2,carrot_planted,0.808212,0.5,0.0
second_05_v2,tree_evergreen_3,0.801087,-8.0,6.0
second_05_v2,carrot_planted,0.786229,-2.0,1.0
second_05_v2,tree_evergreen_2,0.774471,-0.5,1.0
second_05_v2,flint,0.765285,0.0,1.0
second_05_v2,grass_picked,0.534127,-2.5,-2.0
second_05_v2,wilson,0.883588,3.0,1.0
second_05_v2,carrot_planted,0.867541,-2.5,2.0
second_05_v2,sapling,0.864693,-0.5,4.0
second_05_v2,sapling_picked,0.861808,2.5,7.0
second_05_v2,berry_bush,0.85677,1.5,5.0
second_05_v2,tree_evergreen_2,0.83386,-0.5,2.0
second_05_v2,tree_evergreen_1,0.816072,3.0,15.0
second_05_v2,tree_evergreen_3,0.816009,0.0,4.0
second_05_v2,tree_evergreen_1,0.791777,1.0,7.0
second_05_v2,carrot_planted,0.780387,-1.5,8.0
second_05_v2,grass_picked,0.778411,0.5,0.0
second_05_v2,carrot_planted,0.759072,-0.5,6.0
second_05_v2,tree_evergreen_2,0.478943,-3.0,0.0
second_05_v2,sapling,0.886467,1.0,1.0
second_05_v2,grass,0.884883,2.0,1.0
second_05_v2,sapling_picked,0.877596,1.5,-1.0
second_05_v2,grass,0.867416,-2.0,3.0
second_05_v2,grass,0.865195,0.0,4.0
second_05_v2,grass,0.859596,2.0,4.0
second_05_v2,flint,0.856515,0.0,0.0
second_05_v2,rock1,0.856481,-1.0,5.0
second_05_v2,tree_evergreen_2,0.852736,3.0,0.0
second_05_v2,grass,0.850584,2.0,2.0
second_05_v2,tree_evergreen_1,0.840924,2.0,9.0
second_05_v2,carrot_planted,0.807333,0.5,1.0
second_05_v2,wilson,0.790995,2.5,-1.0
second_05_v2,tree_evergreen_3,0.779263,4.0,9.0
second_05_v2,tree_evergreen_2,0.775795,-2.0,7.0
second_05_v2,tree_evergreen_1,0.30019,-2.5,-7.0
second_05_v2,sapling,0.899712,2.0,6.0
second_05_v2,grass,0.881576,1.5,2.0
second_05_v2,grass,0.876678,2.5,2.0
second_05_v2,wilson,0.869722,0.5,1.0
second_05_v2,carrot_planted,0.867277,2.5,0.0
second_05_v2,grass,0.866998,0.5,1.0
second_05_v2,rock1,0.861133,3.0,3.0
second_05_v2,grass,0.857512,0.0,-1.0
second_05_v2,flint,0.85627,-2.0,2.0
second_05_v2,grass,0.850024,-0.5,2.0
second_05_v2,tree_evergreen_2,0.843438,4.5,7.0
second_05_v2,sapling_picked,0.842761,2.0,4.0
second_05_v2,tree_evergreen_1,0.840428,2.5,-4.0
second_05_v2,tree_evergreen_3,0.838265,-1.0,6.0
second_05_v2,tree_evergreen_2,0.749446,-1.0,8.0
second_05_v2,tree_evergreen_1,0.588518,4.5,10.0
second_05_v2,grass,0.880494,2.0,2.0
second_05_v2,grass,0.872836,1.0,0.0
second_05_v2,grass,0.859912,-1.5,3.0
second_05_v2,rock1,0.84402,6.5,7.0
second_05_v2,grass,0.797623,6.0,4.0
second_05_v2,rock1,0.739229,9.5,6.0
second_05_v2,grass,0.898453,2.0,1.0
second_05_v2,grass,0.896747,1.0,5.0
second_05_v2,grass,0.890566,0.5,6.0
second_05_v2,grass,0.885862,1.5,4.0
second_05_v2,grass,0.879859,1.5,4.0
second_05_v2,hound,0.827715,-0.5,1.0
second_05_v2,hound,0.821899,3.0,3.0
second_05_v2,wilson,0.792047,2.5,4.0
second_05_v2,spider,0.748127,1.0,7.0
second_05_v2,spider,0.738969,1.5,-1.0
second_05_v2,sapling,0.885078,-0.5,0.0
second_05_v2,berry_bush,0.869601,3.5,-1.0
second_05_v2,wilson,0.861982,3.0,4.0
second_05_v2,grass,0.857894,3.5,3.0
second_05_v2,tree_evergreen_2,0.820664,0.5,-8.0
second_05_v2,sapling,0.785019,-0.5,3.0
second_05_v2,grass,0.749815,1.5,5.0
second_05_v2,tree_evergreen_1,0.73544,5.5,8.0
second_05_v2,flint,0.175985,0.0,3.0
second_05_v2,sapling,0.887576,0.5,-1.0
second_05_v2,wilson,0.876155,-0.5,1.0
second_05_v2,grass,0.866276,1.5,1.0
second_05_v2,tree_evergreen_3,0.857805,-1.0,7.0
second_05_v2,sapling,0.857793,-0.5,1.0
second_05_v2,berry_bush,0.84946,1.5,-2.0
second_05_v2,tree_evergreen_1,0.848236,3.5,1.0
second_05_v2,tree_evergreen_1,0.829975,-0.5,2.0
second_05_v2,flint,0.814278,3.0,-3.0
second_05_v2,tree_evergreen_1,0.81413,3.5,8.0
second_05_v2,flint,0.788602,-3.0,2.0
second_05_v2,carrot_planted,0.760348,0.0,2.0
second_05_v2,flint,0.742225,-2.0,2.0
second_05_v2,sapling,0.889521,-1.5,3.0
second_05_v2,grass,0.867136,2.5,3.0
second_05_v2,berry_bush,0.860645,2.0,-1.0
second_05_v2,wilson,0.840526,3.5,-1.0
second_05_v2,flint,0.836558,-1.5,6.0
second_05_v2,carrot_planted,0.834359,-2.5,7.0
second_05_v2,tree_evergreen_1,0.830452,0.5,5.0
second_05_v2,flint,0.823775,-1.5,0.0
second_05_v2,tree_evergreen_1,0.819957,-3.0,3.0
second_05_v2,carrot_planted,0.818586,-0.5,2.0
second_05_v2,flint,0.793607,-1.5,5.0
second_05_v2,flint,0.768387,-6.0,0.0
second_05_v2,tree_evergreen_1,0.760558,-1.5,1.0
second_05_v2,grass_picked,0.741329,-1.0,-1.0
second_05_v2,tree_evergreen_2,0.654349,-0.5,3.0
second_05_v2,sapling_picked,0.862542,0.5,3.0
second_05_v2,flint,0.848391,1.5,9.0
second_05_v2,berry_bush,0.842468,3.0,-2.0
second_05_v2,tree_evergreen_1,0.833856,1.5,2.0
second_05_v2,carrot_planted,0.827234,1.5,3.0
second_05_v2,flint,0.815994,-5.0,0.0
second_05_v2,carrot_planted,0.813781,-2.0,3.0
second_05_v2,tree_evergreen_2,0.807004,-2.5,5.0
second_05_v2,flint,0.806875,1.0,3.0
second_05_v2,grass_picked,0.803433,-0.5,-1.0
second_05_v2,tree_evergreen_1,0.798564,1.0,4.0
second_05_v2,sapling,0.761883,13.5,-5.0
second_05_v2,grass_picked,0.714055,-1.5,4.0
second_05_v2,wilson,0.868344,0.5,3.0
second_05_v2,sapling_picked,0.867596,3.0,4.0
second_05_v2,carrot_planted,0.855705,-1.0,6.0
second_05_v2,tree_evergreen_1,0.834076,2.5,-6.0
second_05_v2,berry_bush_harvested,0.832174,2.5,-5.0
second_05_v2,flint,0.830459,-0.5,0.0
second_05_v2,flint,0.817515,-4.0,-1.0
second_05_v2,tree_evergreen_1,0.816802,1.0,3.0
second_05_v2,flint,0.80248,-3.0,2.0
second_05_v2,grass_picked,0.787483,-3.0,1.0
second_05_v2,carrot_planted,0.771708,-2.0,2.0
second_05_v2,tree_evergreen_2,0.739808,0.0,6.0
second_05_v2,grass_picked,0.601226,-2.0,6.0
second_05_v2,tree_evergreen_1,0.550929,-3.0,0.0
second_05_v2,sapling,0.881028,2.0,1.0
second_05_v2,tree_evergreen_3,0.870446,2.5,1.0
second_05_v2,sapling_picked,0.859979,2.0,-4.0
second_05_v2,carrot_planted,0.84885,0.0,0.0
second_05_v2,tree_evergreen_2,0.837672,-2.5,-4.0
second_05_v2,carrot_planted,0.8329,0.5,0.0
second_05_v2,tree_evergreen_1,0.828808,1.0,4.0
second_05_v2,flint,0.827285,-1.0,3.0
second_05_v2,wilson,0.81961,-2.0,0.0
second_05_v2,grass_picked,0.7923,-1.5,-7.0
second_05_v2,tree_evergreen_1,0.784123,1.5,4.0
second_05_v2,tree_evergreen_2,0.729409,-1.0,6.0
second_05_v2,sapling_picked,0.858614,-0.5,1.0
second_05_v2,sapling_picked,0.85715,3.5,-2.0
second_05_v2,tree_evergreen_2,0.850213,-1.0,-7.0
second_05_v2,tree_evergreen_1,0.846853,1.0,0.0
second_05_v2,berry_bush_harvested,0.844009,2.0,-3.0
second_05_v2,tree_evergreen_2,0.842405,-3.5,3.0
second_05_v2,tree_evergreen_1,0.837593,0.5,-3.0
second_05_v2,grass_picked,0.821607,-2.0,5.0
second_05_v2,carrot_planted,0.82154,-0.5,5.0
second_05_v2,carrot_planted,0.818396,2.5,2.0
second_05_v2,wilson,0.811909,-6.5,2.0
second_05_v2,sapling_picked,0.882408,1.5,4.0
second_05_v2,wilson,0.855816,-3.5,-5.0
second_05_v2,berry_bush_harvested,0.851634,2.0,-2.0
second_05_v2,sapling_picked,0.844518,1.5,8.0
second_05_v2,tree_evergreen_2,0.842767,1.5,10.0
second_05_v2,carrot_planted,0.83439,0.0,7.0
second_05_v2,tree_evergreen_1,0.831745,-1.5,0.0
second_05_v2,tree_evergreen_2,0.821552,-0.5,-5.0
second_05_v2,grass_picked,0.79786,-0.5,1.0
second_05_v2,tree_evergreen_1,0.788387,-5.0,5.0
second_05_v2,carrot_planted,0.121324,1.5,5.0
second_05_v2,wilson,0.873944,2.5,-6.0
second_05_v2,sapling_picked,0.867639,0.5,-2.0
second_05_v2,tree_evergreen_1,0.84295,0.0,4.0
second_05_v2,carrot_planted,0.834574,-2.0,6.0
second_05_v2,tree_evergreen_1,0.824034,-0.5,2.0
second_05_v2,tree_evergreen_1,0.804445,-5.0,0.0
second_05_v2,grass_picked,0.781343,-4.0,9.0
second_05_v2,carrot_planted,0.532096,-2.5,4.0
second_05_v2,sapling_picked,0.425446,2.0,22.0
second_05_v2,tree_evergreen_2,0.292386,8.0,3.0
second_05_v2,tree_evergreen_1,0.852919,0.0,1.0
second_05_v2,tree_evergreen_1,0.843343,-4.5,5.0
second_05_v2,sapling_picked,0.842947,0.5,-1.0
second_05_v2,tree_evergreen_1,0.834842,-4.0,6.0
second_05_v2,grass_picked,0.825121,-3.5,2.0
second_05_v2,carrot_planted,0.824528,-0.5,5.0
second_05_v2,carrot_planted,0.809948,0.0,3.0
second_05_v2,grass_picked,0.722288,-2.0,5.0
second_05_v2,sapling_picked,0.678352,5.5,4.0
second_05_v2,wilson,0.897385,0.0,9.0
second_05_v2,grass,0.889662,1.5,1.0
second_05_v2,grass,0.88697,0.0,1.0
second_05_v2,grass,0.886681,0.5,4.0
second_05_v2,grass,0.886004,0.0,1.0
second_05_v2,grass,0.883587,0.5,4.0
second_05_v2,hound,0.776938,0.0,6.0
second_05_v2,spider,0.739129,-0.5,0.0
second_05_v2,hound,0.699686,-3.0,4.0
second_05_v2,grass,0.895893,0.5,0.0
second_05_v2,grass,0.891475,1.5,4.0
second_05_v2,grass,0.890758,1.5,1.0
second_05_v2,grass,0.887047,1.5,1.0
second_05_v2,grass,0.884342,2.0,-1.0
second_05_v2,wilson,0.879906,0.5,2.0
second_05_v2,hound,0.799622,-0.5,-2.0
second_05_v2,hound,0.789794,3.0,3.0
second_05_v2,spider,0.773758,-1.0,0.0
second_05_v2,spider,0.687941,2.0,0.0
second_05_v2,wilson,0.873552,1.5,8.0
second_05_v2,grass,0.869508,2.5,2.0
second_05_v2,tree_evergreen_3,0.842687,-4.0,4.0
second_05_v2,grass,0.842128,1.5,2.0
second_05_v2,tree_evergreen_1,0.826508,0.5,-4.0
second_05_v2,carrot_planted,0.799598,0.0,0.0
second_05_v2,grass_picked,0.758266,2.0,1.0
second_05_v2,carrot_planted,0.656011,-1.5,8.0
second_05_v2,carrot_planted,0.554466,2.0,4.0
second_05_v2,flint,0.155746,2.0,-5.0
second_05_v2,grass,0.893596,-0.5,5.0
second_05_v2,grass,0.886107,0.5,2.0
second_05_v2,wilson,0.877239,-0.5,5.0
second_05_v2,grass,0.87722,3.0,3.0
second_05_v2,grass,0.867162,0.0,4.0
second_05_v2,grass,0.858992,-0.5,2.0
second_05_v2,hound,0.831679,2.5,3.0
second_05_v2,spider,0.79986,2.5,2.0
second_05_v2,hound,0.748331,-0.5,10.0
second_05_v2,spider,0.722022,2.5,5.0
second_05_v2,hound,0.615236,9.5,-11.0
second_05_v2,wilson,0.882563,0.0,4.0
second_05_v2,grass,0.87294,1.5,1.0
second_05_v2,carrot_planted,0.849376,0.5,1.0
second_05_v2,grass,0.84323,-0.5,0.0
second_05_v2,tree_evergreen_1,0.843178,-3.0,2.0
second_05_v2,tree_evergreen_3,0.835488,-1.5,-1.0
second_05_v2,carrot_planted,0.806583,1.5,0.0
second_05_v2,grass_picked,0.639418,2.5,2.0
second_05_v2,carrot_planted,0.347557,0.5,2.0
second_05_v2,wilson,0.887211,-2.0,1.0
second_05_v2,berry_bush_harvested,0.880117,1.0,1.0
second_05_v2,grass,0.850963,0.5,3.0
second_05_v2,grass,0.849698,0.5,1.0
second_05_v2,tree_evergreen_1,0.843328,1.5,3.0
second_05_v2,carrot_planted,0.837893,2.0,1.0
second_05_v2,carrot_planted,0.829223,3.0,6.0
second_05_v2,carrot_planted,0.817877,1.0,0.0
second_05_v2,tree_evergreen_3,0.632629,-3.5,4.0
second_05_v2,grass_picked,0.446724,-0.5,-2.0
second_05_v2,grass,0.89103,0.5,4.0
second_05_v2,grass,0.884687,2.0,3.0
second_05_v2,grass,0.877435,1.5,3.0
second_05_v2,wilson,0.867784,1.5,2.0
second_05_v2,spider,0.792938,-3.5,7.0
second_05_v2,spider,0.787358,2.5,6.0
second_05_v2,grass,0.768158,3.0,-8.0
second_05_v2,hound,0.723956,-19.5,8.0
second_05_v2,hound,0.719265,6.0,-3.0
second_05_v2,hound,0.607776,0.5,13.0
second_05_v2,hound,0.112329,42.0,6.0
second_05_v2,berry_bush_harvested,0.905151,1.5,0.0
second_05_v2,grass,0.87156,-0.5,2.0
second_05_v2,wilson,0.837742,1.5,3.0
second_05_v2,grass_picked,0.789363,2.0,-2.0
second_05_v2,carrot_planted,0.69395,1.0,0.0
second_05_v2,grass,0.872274,2.0,3.0
second_05_v2,berry_bush_harvested,0.866159,4.0,0.0
second_05_v2,carrot_planted,0.844932,-0.5,1.0
second_05_v2,tree_evergreen_1,0.839419,-2.0,14.0
second_05_v2,wilson,0.808136,8.0,13.0
second_05_v2,carrot_planted,0.786407,0.5,2.0
second_05_v2,sapling,0.886677,1.5,2.0
second_05_v2,berry_bush,0.881108,2.0,2.0
second_05_v2,grass,0.876125,0.0,2.0
second_05_v2,sapling,0.874791,0.5,3.0
second_05_v2,sapling,0.862951,-0.5,4.0
second_05_v2,tree_evergreen_1,0.835551,1.0,3.0
second_05_v2,tree_evergreen_1,0.832031,-1.5,5.0
second_05_v2,tree_evergreen_1,0.82875,-1.5,0.0
second_05_v2,tree_evergreen_1,0.824993,-0.5,10.0
second_05_v2,tree_evergreen_2,0.707239,-2.5,2.0
second_05_v2,tree_evergreen_2,0.706405,1.5,0.0
second_05_v2,grass,0.643305,-0.5,2.0
second_05_v2,grass,0.176786,95.5,29.0
second_05_v2,sapling,0.890391,1.5,3.0
second_05_v2,wilson,0.884837,1.0,4.0
second_05_v2,grass,0.883412,1.5,2.0
second_05_v2,sapling,0.878179,1.5,3.0
second_05_v2,grass,0.875547,1.5,1.0
second_05_v2,grass,0.867972,3.0,0.0
second_05_v2,grass,0.864352,1.5,1.0
second_05_v2,tree_evergreen_2,0.856443,-2.5,-1.0
second_05_v2,grass,0.850782,2.0,1.0
second_05_v2,tree_evergreen_1,0.836094,-2.5,0.0
second_05_v2,tree_evergreen_1,0.796375,-2.0,1.0
second_05_v2,tree_evergreen_3,0.684373,1.0,-4.0
second_05_v2,tree_evergreen_2,0.601774,0.0,-1.0
second_05_v2,tree_evergreen_3,0.579007,1.0,-2.0
second_05_v2,sapling,0.887965,1.5,4.0
second_05_v2,grass,0.883091,0.5,3.0
second_05_v2,sapling,0.872857,0.0,1.0
second_05_v2,grass,0.871429,0.5,4.0
second_05_v2,grass,0.86695,0.5,1.0
second_05_v2,grass,0.862639,0.5,1.0
second_05_v2,tree_evergreen_3,0.857513,1.0,4.0
second_05_v2,tree_evergreen_2,0.852048,-1.5,11.0
second_05_v2,tree_evergreen_1,0.849893,4.5,1.0
second_05_v2,grass,0.843922,0.5,3.0
second_05_v2,tree_evergreen_3,0.803235,1.0,2.0
second_05_v2,wilson,0.796606,-1.0,6.0
second_05_v2,tree_evergreen_2,0.320168,-1.5,7.0
second_05_v2,grass,0.880511,0.5,1.0
second_05_v2,grass,0.879082,1.0,1.0
second_05_v2,sapling,0.874968,2.0,4.0
second_05_v2,sapling,0.87088,0.0,2.0
second_05_v2,grass,0.862039,1.0,2.0
second_05_v2,tree_evergreen_1,0.860698,1.5,4.0
second_05_v2,grass,0.850325,-0.5,1.0
second_05_v2,tree_evergreen_3,0.846248,6.0,2.0
second_05_v2,grass,0.844395,2.0,-2.0
second_05_v2,tree_evergreen_2,0.831851,6.0,-1.0
second_05_v2,tree_evergreen_3,0.759271,-1.0,-6.0
second_05_v2,wilson,0.731532,-11.5,-3.0
second_05_v2,grass,0.889008,1.5,1.0
second_05_v2,grass,0.875994,-0.5,2.0
second_05_v2,grass,0.869232,1.0,1.0
second_05_v2,berry_bush_harvested,0.856188,1.5,1.0
second_05_v2,tree_evergreen_3,0.841495,3.5,-4.0
second_05_v2,sapling,0.830441,2.5,7.0
second_05_v2,grass,0.816236,0.5,2.0
second_05_v2,tree_evergreen_3,0.804452,-3.0,9.0
second_05_v2,tree_evergreen_2,0.767862,-2.0,-6.0
second_05_v2,tree_evergreen_3,0.702236,0.5,5.0
second_05_v2,sapling,0.646191,-1.0,4.0
second_05_v2,tree_evergreen_1,0.638716,2.0,-3.0
second_05_v2,sapling_picked,0.867366,1.0,4.0
second_05_v2,grass,0.860323,2.5,0.0
second_05_v2,wilson,0.859685,4.5,0.0
second_05_v2,grass,0.85697,0.5,1.0
second_05_v2,tree_evergreen_3,0.84713,-4.0,-4.0
second_05_v2,sapling,0.842358,-1.0,5.0
second_05_v2,tree_evergreen_3,0.795617,-0.5,6.0
second_05_v2,tree_evergreen_3,0.793879,-3.5,-2.0
second_05_v2,tree_evergreen_2,0.761129,1.0,3.0
second_05_v2,grass,0.861905,2.0,0.0
second_05_v2,sapling_picked,0.856832,3.0,1.0
second_05_v2,tree_evergreen_3,0.843569,-1.0,0.0
second_05_v2,grass_picked,0.842454,1.0,3.0
second_05_v2,grass,0.840125,3.0,2.0
second_05_v2,sapling,0.82592,-1.0,4.0
second_05_v2,tree_evergreen_3,0.82583,4.5,6.0
second_05_v2,tree_evergreen_3,0.80711,-4.5,-10.0
second_05_v2,wilson,0.801696,2.0,0.0
second_05_v2,tree_evergreen_2,0.382788,-3.0,-3.0
second_05_v2,grass,0.878364,1.5,1.0
second_05_v2,sapling_picked,0.874054,0.5,2.0
second_05_v2,grass,0.87194,-1.0,2.0
second_05_v2,grass,0.86025,0.5,3.0
second_05_v2,tree_evergreen_2,0.845059,2.5,1.0
second_05_v2,sapling_picked,0.839426,1.5,1.0
second_05_v2,tree_evergreen_3,0.832006,0.5,-8.0
second_05_v2,tree_evergreen_1,0.806998,1.5,-2.0
second_05_v2,tree_evergreen_3,0.804927,-3.5,2.0
second_05_v2,tree_evergreen_3,0.761175,6.0,1.0
second_05_v2,grass_picked,0.730419,1.0,2.0
second_05_v2,tree_evergreen_2,0.689993,3.5,4.0
second_05_v2,grass,0.871396,1.5,0.0
second_05_v2,sapling_picked,0.869819,1.5,4.0
second_05_v2,grass,0.868293,0.5,2.0
second_05_v2,tree_evergreen_3,0.860473,0.0,-1.0
second_05_v2,wilson,0.85597,-2.0,5.0
second_05_v2,tree_evergreen_2,0.850279,1.5,-1.0
second_05_v2,sapling_picked,0.848624,0.5,0.0
second_05_v2,tree_evergreen_1,0.847977,-3.0,3.0
second_05_v2,grass,0.84524,1.5,4.0
second_05_v2,tree_evergreen_3,0.815318,1.0,8.0
second_05_v2,tree_evergreen_3,0.780284,0.5,4.0
second_05_v2,grass_picked,0.699462,0.5,3.0
second_05_v2,tree_evergreen_2,0.685424,2.0,5.0
second_05_v2,grass_picked,0.59745,-0.5,5.0
second_05_v2,grass_picked,0.102769,-10.5,1.0
second_05_v2,berry_bush_harvested,0.895072,0.5,2.0
second_05_v2,grass,0.87862,0.5,3.0
second_05_v2,sapling_picked,0.864787,0.5,3.0
second_05_v2,sapling_picked,0.847184,0.5,2.0
second_05_v2,sapling_picked,0.835436,5.0,5.0
second_05_v2,tree_evergreen_2,0.825022,-0.5,-3.0
second_05_v2,tree_evergreen_3,0.819906,0.5,-7.0
second_05_v2,tree_evergreen_1,0.818756,3.5,0.0
second_05_v2,grass_picked,0.816357,0.5,1.0
second_05_v2,grass_picked,0.815002,-1.0,3.0
second_05_v2,grass_picked,0.795798,1.0,3.0
second_05_v2,tree_evergreen_2,0.761688,1.5,3.0
second_05_v2,wilson,0.752609,14.0,7.0
second_05_v2,tree_evergreen_1,0.712426,3.0,5.0
second_05_v2,tree_evergreen_1,0.708462,-0.5,6.0
second_05_v2,tree_evergreen_3,0.523056,1.0,1.0
second_05_v2,grass_picked,0.445878,0.0,4.0
second_05_v2,grass_picked,0.308184,-2.5,4.0
second_05_v2,grass,0.892114,0.5,2.0
second_05_v2,grass,0.887038,0.5,1.0
second_05_v2,wilson,0.873353,0.5,10.0
second_05_v2,grass,0.86101,-0.5,4.0
second_05_v2,sapling,0.835676,0.5,3.0
second_05_v2,grass,0.83428,0.5,3.0
second_05_v2,hound,0.818014,1.0,5.0
second_05_v2,grass,0.811914,0.5,2.0
second_05_v2,spider,0.512079,-1.5,9.0
second_05_v2,spider,0.441876,-38.5,47.0
second_05_v2,hound,0.375802,13.5,6.0
second_05_v2,spider,0.252138,-24.5,42.0
second_05_v2,spider,0.2503,-6.5,18.0
second_05_v2,spider,0.176249,-21.5,24.0
second_05_v2,spider,0.13732,-33.5,31.0
second_05_v2,hound,0.122901,-10.5,7.0
second_05_v2,grass,0.894565,0.5,3.0
second_05_v2,grass,0.892499,0.5,3.0
second_05_v2,sapling,0.882171,-0.5,2.0
second_05_v2,grass,0.88125,3.0,2.0
second_05_v2,sapling,0.877815,1.5,2.0
second_05_v2,wilson,0.863175,0.5,0.0
second_05_v2,tree_evergreen_3,0.836772,1.5,-2.0
second_05_v2,tree_evergreen_1,0.827512,-3.0,10.0
second_05_v2,tree_evergreen_1,0.780038,-3.0,1.0
second_05_v2,tree_evergreen_2,0.570327,-3.0,2.0
second_05_v2,grass,0.894979,1.0,-1.0
second_05_v2,grass,0.878739,0.5,2.0
second_05_v2,wilson,0.875035,-1.0,6.0
second_05_v2,grass,0.873939,-1.0,3.0
second_05_v2,grass,0.853056,-2.0,2.0
second_05_v2,hound,0.849701,0.0,2.0
second_05_v2,grass,0.846801,2.0,1.0
second_05_v2,hound,0.846605,2.0,7.0
second_05_v2,sapling,0.783572,0.0,3.0
second_05_v2,spider,0.5829,-4.0,0.0
second_05_v2,spider,0.562452,1.0,5.0
second_05_v2,spider,0.295682,25.0,-9.0
second_05_v2,spider,0.195187,-6.0,10.0
second_05_v2,sapling_picked,0.854929,1.5,-3.0
second_05_v2,sapling_picked,0.841925,-2.5,4.0
second_05_v2,wilson,0.831286,-1.5,-1.0
second_05_v2,tree_evergreen_1,0.821488,-4.0,5.0
second_05_v2,tree_evergreen_1,0.817461,-4.0,8.0
second_05_v2,grass_picked,0.801954,1.5,1.0
second_05_v2,tree_evergreen_3,0.794227,1.0,1.0
second_05_v2,tree_evergreen_3,0.734252,1.5,4.0
second_05_v2,sapling_picked,0.857814,2.0,-1.0
second_05_v2,wilson,0.842618,-4.0,4.0
second_05_v2,tree_evergreen_1,0.806162,-4.0,2.0
second_05_v2,sapling_picked,0.783592,-0.5,4.0
second_05_v2,tree_evergreen_3,0.780516,-7.0,4.0
second_05_v2,grass_picked,0.734384,0.5,1.0
second_05_v2,tree_evergreen_1,0.703313,1.0,1.0
second_05_v2,tree_evergreen_3,0.699341,4.5,-11.0
second_05_v2,grass,0.880608,-0.5,1.0
second_05_v2,grass,0.878691,0.5,2.0
second_05_v2,wilson,0.87369,0.5,5.0
second_05_v2,sapling,0.870922,-1.0,1.0
second_05_v2,sapling_picked,0.835065,1.0,2.0
second_05_v2,tree_evergreen_1,0.806608,-1.0,3.0
second_05_v2,grass,0.450958,0.0,20.0
second_05_v2,tree_evergreen_2,0.203288,3.5,6.0
second_05_v2,grass,0.148625,-3.0,5.0
second_05_v2,grass,0.883561,0.5,1.0
second_05_v2,grass,0.882546,1.0,1.0
second_05_v2,grass,0.879166,-0.5,2.0
second_05_v2,grass,0.869906,0.5,2.0
second_05_v2,sapling,0.869076,0.5,2.0
second_05_v2,grass,0.861243,2.5,4.0
second_05_v2,wilson,0.858168,2.0,7.0
second_05_v2,tree_evergreen_3,0.7735,-4.5,-3.0
second_05_v2,tree_evergreen_2,0.709281,-3.5,0.0
second_05_v2,grass,0.562221,2.5,30.0
second_05_v2,grass,0.887554,1.5,2.0
second_05_v2,grass,0.882653,1.0,-5.0
second_05_v2,grass,0.879016,3.0,0.0
second_05_v2,grass,0.873053,1.5,3.0
second_05_v2,grass,0.866953,0.5,2.0
second_05_v2,grass,0.86056,2.5,3.0
second_05_v2,wilson,0.858378,-0.5,5.0
second_05_v2,sapling,0.84845,1.5,3.0
second_05_v2,tree_evergreen_2,0.54333,2.0,-2.0
second_05_v2,tree_evergreen_3,0.421307,-7.5,2.0
second_05_v2,grass,0.897677,1.0,2.0
second_05_v2,grass,0.867398,1.0,3.0
second_05_v2,wilson,0.865685,3.0,7.0
second_05_v2,grass,0.821687,-1.5,1.0
second_05_v2,grass,0.738252,3.5,15.0
second_05_v2,tree_evergreen_3,0.604042,-3.5,-3.0
second_05_v2,tree_evergreen_2,0.196966,-5.5,-1.0
second_05_v2,wilson,0.886159,2.0,5.0
second_05_v2,grass,0.883872,0.5,3.0
second_05_v2,grass,0.871724,1.5,2.0
second_05_v2,grass,0.863995,-1.5,2.0
second_05_v2,grass_picked,0.863694,-0.5,3.0
second_05_v2,sapling_picked,0.848627,-0.5,3.0
second_05_v2,grass,0.745775,1.0,-1.0
second_05_v2,grass,0.730118,3.0,8.0
second_05_v2,grass,0.727365,4.0,0.0
second_05_v2,grass,0.24837,5.0,6.0
second_05_v2,tree_evergreen_2,0.150887,3.0,-3.0
second_05_v2,wilson,0.883007,2.5,4.0
second_05_v2,grass,0.86338,0.5,3.0
second_05_v2,grass,0.860053,1.5,4.0
second_05_v2,grass,0.84935,0.5,1.0
second_05_v2,grass_picked,0.793382,-0.5,-1.0
second_05_v2,grass,0.784921,0.5,2.0
second_05_v2,grass,0.757309,2.0,3.0
second_05_v2,grass_picked,0.75435,1.5,0.0
second_05_v2,grass,0.203581,5.5,37.0
second_05_v2,grass,0.14477,-0.5,53.0
second_05_v2,grass,0.872426,-0.5,-7.0
second_05_v2,grass,0.857187,-0.5,4.0
second_05_v2,grass,0.855859,1.5,-3.0
second_05_v2,wilson,0.848081,-1.5,6.0
second_05_v2,grass,0.838746,0.5,1.0
second_05_v2,grass_picked,0.808243,-1.5,5.0
second_05_v2,grass,0.79102,0.5,-1.0
second_05_v2,grass_picked,0.765006,0.0,3.0
second_05_v2,grass,0.882951,1.5,1.0
second_05_v2,grass,0.878128,0.5,2.0
second_05_v2,grass,0.87432,0.5,2.0
second_05_v2,grass,0.873815,1.5,2.0
second_05_v2,wilson,0.864819,-0.5,4.0
second_05_v2,grass,0.851951,1.5,2.0
second_05_v2,grass,0.8866,0.0,3.0
second_05_v2,grass,0.885011,-0.5,2.0
second_05_v2,wilson,0.879998,1.5,5.0
second_05_v2,grass,0.878189,1.5,4.0
second_05_v2,grass,0.859724,0.5,4.0
second_05_v2,grass,0.878065,-0.5,2.0
second_05_v2,grass,0.872528,1.0,6.0
second_05_v2,wilson,0.861838,2.5,3.0
second_05_v2,grass,0.845689,0.5,-5.0
second_05_v2,grass,0.887875,4.5,2.0
second_05_v2,sapling,0.885589,0.5,4.0
second_05_v2,grass,0.885,-1.5,2.0
second_05_v2,grass,0.882361,2.0,1.0
second_05_v2,wilson,0.842488,0.5,0.0
second_05_v2,spider,0.833707,2.0,2.0
second_05_v2,wilson,0.889095,-0.5,9.0
second_05_v2,grass,0.878671,0.5,4.0
second_05_v2,grass,0.873602,0.5,4.0
second_05_v2,grass,0.868172,1.5,2.0
second_05_v2,grass,0.850438,-0.5,2.0
second_05_v2,grass,0.892943,-0.5,3.0
second_05_v2,grass,0.890903,1.0,2.0
second_05_v2,grass,0.869032,3.0,2.0
second_05_v2,wilson,0.863315,1.5,-1.0
second_05_v2,grass,0.894731,2.0,3.0
second_05_v2,grass,0.886907,1.5,3.0
second_05_v2,grass,0.882082,3.5,2.0
second_05_v2,grass,0.881199,0.5,1.0
second_05_v2,wilson,0.867206,-2.0,7.0
second_05_v2,grass,0.860852,1.5,1.0
second_05_v2,grass,0.852282,1.0,3.0
second_05_v2,grass,0.897031,0.0,0.0
second_05_v2,grass,0.896353,2.0,2.0
second_05_v2,grass,0.887433,0.5,1.0
second_05_v2,grass,0.884816,1.5,4.0
second_05_v2,wilson,0.884786,-2.5,8.0
second_05_v2,grass,0.882124,-0.5,0.0
second_05_v2,grass,0.869056,1.5,4.0
second_05_v2,grass,0.867812,1.0,0.0
second_05_v2,grass,0.890606,0.5,1.0
second_05_v2,grass,0.88649,3.0,3.0
second_05_v2,grass,0.880199,1.0,3.0
second_05_v2,grass,0.880124,1.0,0.0
second_05_v2,grass,0.877802,1.0,3.0
second_05_v2,grass,0.86813,2.5,4.0
second_05_v2,grass,0.86462,1.0,1.0
second_05_v2,wilson,0.8462,3.0,0.0
second_05_v2,grass,0.8362,1.0,2.0
second_05_v2,grass,0.899953,2.0,3.0
second_05_v2,wilson,0.878773,-0.5,0.0
second_05_v2,grass,0.878105,0.5,1.0
second_05_v2,grass,0.871565,-1.0,4.0
second_05_v2,grass,0.870942,4.0,4.0
second_05_v2,grass,0.358418,58.0,61.0
second_05_v2,wilson,0.85899,3.0,-1.0
second_05_v2,wilson,0.857064,1.5,3.0
second_05_v2,sapling,0.891422,0.5,3.0
second_05_v2,tree_evergreen_2,0.863546,-4.0,0.0
second_05_v2,sapling,0.861324,0.0,2.0
second_05_v2,tree_evergreen_3,0.826498,-0.5,7.0
second_05_v2,tree_evergreen_1,0.724866,0.5,2.0
second_05_v2,carrot_planted,0.493612,2.0,4.0
second_05_v2,sapling,0.882367,2.5,1.0
second_05_v2,tree_evergreen_3,0.850685,-2.5,0.0
second_05_v2,sapling,0.847578,1.0,3.0
second_05_v2,flint,0.843993,0.0,3.0
second_05_v2,tree_evergreen_1,0.836273,-1.0,3.0
second_05_v2,sapling,0.825961,1.5,10.0
second_05_v2,tree_evergreen_2,0.82409,1.5,2.0
second_05_v2,tree_evergreen_1,0.822604,1.5,8.0
second_05_v2,carrot_planted,0.80854,0.0,2.0
second_05_v2,tree_evergreen_2,0.80722,2.0,1.0
second_05_v2,sapling,0.892213,3.0,2.0
second_05_v2,wilson,0.888887,2.5,4.0
second_05_v2,sapling,0.875736,2.0,13.0
second_05_v2,tree_evergreen_3,0.872299,-0.5,7.0
second_05_v2,sapling_picked,0.862122,1.0,-1.0
second_05_v2,tree_evergreen_1,0.8497,-3.0,-2.0
second_05_v2,flint,0.845058,1.0,2.0
second_05_v2,tree_evergreen_1,0.842501,1.5,-1.0
second_05_v2,carrot_planted,0.821174,3.0,3.0
second_05_v2,tree_evergreen_2,0.788321,3.5,-7.0
second_05_v2,tree_evergreen_2,0.736072,3.5,1.0
second_05_v2,flint,0.735989,-4.0,9.0
second_05_v2,sapling_picked,0.860253,0.5,0.0
second_05_v2,wilson,0.851931,2.5,3.0
second_05_v2,sapling,0.813022,3.0,4.0
second_05_v2,tree_evergreen_3,0.795765,-1.0,-4.0
second_05_v2,sapling,0.795037,0.0,2.0
second_05_v2,tree_evergreen_2,0.791524,1.0,1.0
second_05_v2,flint,0.787278,1.5,1.0
second_05_v2,tree_evergreen_2,0.753696,-4.0,-6.0
second_05_v2,tree_evergreen_1,0.537563,1.5,-2.0
second_05_v2,sapling_picked,0.860977,0.5,3.0
second_05_v2,sapling_picked,0.846613,4.0,-2.0
second_05_v2,wilson,0.840076,0.5,9.0
second_05_v2,grass,0.828981,0.5,3.0
second_05_v2,tree_evergreen_2,0.794126,-3.0,-4.0
second_05_v2,sapling,0.642687,2.5,-2.0
second_05_v2,flint,0.466831,-3.5,1.0
second_05_v2,sapling_picked,0.870353,1.5,1.0
second_05_v2,tree_evergreen_2,0.845664,-1.5,2.0
second_05_v2,grass,0.830688,2.0,4.0
second_05_v2,wilson,0.819238,3.0,2.0
second_05_v2,sapling_picked,0.79096,-2.0,4.0
second_05_v2,wilson,0.868536,0.0,0.0
second_05_v2,sapling_picked,0.433876,-3.0,5.0
second_05_v2,wilson,0.889319,-1.5,3.0
second_05_v2,wilson,0.867155,-1.5,1.0
second_05_v2,wilson,0.858605,-4.5,-1.0
second_05_v2,wilson,0.856028,2.0,4.0
second_05_v2,rock1,0.859291,0.5,-4.0
second_05_v2,tree_evergreen_1,0.842237,1.0,-4.0
second_05_v2,wilson,0.81077,-1.0,-4.0
second_05_v2,tree_evergreen_3,0.706718,-3.5,3.0
second_05_v2,tree_evergreen_2,0.58456,3.0,1.0
second_05_v2,wilson,0.875034,0.5,5.0
second_05_v2,rock1,0.871293,0.0,2.0
second_05_v2,grass,0.868762,1.5,2.0
second_05_v2,tree_evergreen_1,0.829492,-3.5,0.0
second_05_v2,tree_evergreen_3,0.780855,0.0,-2.0
second_05_v2,tree_evergreen_2,0.702198,1.0,1.0
second_05_v2,grass,0.860012,0.5,1.0
second_05_v2,wilson,0.850494,0.5,3.0
second_05_v2,tree_evergreen_1,0.755648,-1.5,-1.0
second_05_v2,wilson,0.878949,1.0,4.0
second_05_v2,sapling,0.891218,2.5,3.0
second_05_v2,wilson,0.876837,-2.5,4.0
second_05_v2,sapling,0.87535,3.0,5.0
second_05_v2,sapling,0.868712,1.5,3.0
second_05_v2,sapling,0.875837,0.5,1.0
second_05_v2,wilson,0.861902,5.0,7.0
second_05_v2,grass,0.888725,2.0,5.0
second_05_v2,wilson,0.867766,1.5,5.0
second_05_v2,sapling,0.900633,0.0,2.0
second_05_v2,wilson,0.881531,0.0,4.0
second_05_v2,grass,0.881166,2.0,2.0
second_05_v2,grass,0.878288,1.0,3.0
second_05_v2,grass,0.877583,0.5,2.0
second_05_v2,grass,0.881471,2.0,-1.0
second_05_v2,wilson,0.880568,1.5,4.0
second_05_v2,grass,0.888887,1.5,2.0
second_05_v2,wilson,0.886614,0.5,4.0
second_05_v2,grass,0.891331,0.5,0.0
second_05_v2,grass,0.882351,0.5,3.0
second_05_v2,wilson,0.87228,-0.5,3.0
second_05_v2,grass,0.884281,0.5,3.0
second_05_v2,wilson,0.860661,2.5,3.0
second_05_v2,grass,0.897095,0.0,0.0
second_05_v2,wilson,0.882153,1.5,2.0
second_05_v2,grass,0.895047,1.5,1.0
second_05_v2,wilson,0.879449,2.5,3.0
second_05_v2,grass,0.840641,1.5,0.0
second_05_v2,grass,0.790615,2.5,3.0
second_05_v2,grass,0.883382,2.0,0.0
second_05_v2,wilson,0.875858,-0.5,-6.0
second_05_v2,grass,0.873432,2.0,2.0
second_05_v2,grass,0.870191,-0.5,5.0
second_05_v2,grass,0.866666,4.0,2.0
second_05_v2,grass,0.904936,0.5,2.0
second_05_v2,grass,0.897211,0.5,3.0
second_05_v2,grass,0.894739,1.5,1.0
second_05_v2,grass,0.881426,2.0,3.0
second_05_v2,wilson,0.853513,3.5,5.0
second_05_v2,grass,0.887785,1.5,4.0
second_05_v2,grass,0.875313,0.0,0.0
second_05_v2,grass,0.874733,3.5,4.0
second_05_v2,wilson,0.872665,-1.5,2.0
second_05_v2,grass,0.905451,0.5,2.0
second_05_v2,grass,0.892347,2.0,2.0
second_05_v2,grass,0.877667,1.5,2.0
second_05_v2,wilson,0.851031,-3.0,6.0
second_05_v2,wilson,0.849887,-3.5,8.0
second_05_v2,grass,0.894959,0.5,2.0
second_05_v2,grass,0.883634,1.5,2.0
second_05_v2,wilson,0.866008,1.0,4.0
second_05_v2,grass,0.895015,0.5,3.0
second_05_v2,grass,0.892339,1.5,2.0
second_05_v2,grass,0.887792,1.0,2.0
second_05_v2,grass,0.886327,2.0,1.0
second_05_v2,rock2,0.877521,1.0,1.0
second_05_v2,wilson,0.861563,-7.0,10.0
second_05_v2,grass,0.888879,2.0,2.0
second_05_v2,grass,0.885595,1.0,2.0
second_05_v2,rock2,0.885451,-1.0,3.0
second_05_v2,wilson,0.86954,1.0,6.0
second_05_v2,tallbird,0.7281,2.5,-28.0
second_05_v2,grass,0.698927,2.0,4.0
second_05_v2,grass,0.905672,0.5,3.0
second_05_v2,grass,0.897725,0.5,3.0
second_05_v2,wilson,0.887081,-1.0,-1.0
second_05_v2,grass,0.879498,-0.5,1.0
second_05_v2,rock2,0.867958,0.5,-4.0
second_05_v2,tallbird,0.538824,-1.5,-12.0
second_05_v2,grass,0.90326,1.0,2.0
second_05_v2,grass,0.890832,0.5,4.0
second_05_v2,wilson,0.857878,-1.5,-3.0
second_05_v2,wilson,0.895387,5.5,6.0
second_05_v2,grass,0.885656,0.5,2.0
second_05_v2,grass,0.879939,1.5,4.0
second_05_v2,grass,0.874263,0.5,4.0
second_05_v2,sapling,0.867875,2.0,5.0
second_05_v2,grass,0.863597,-0.5,0.0
second_05_v2,grass,0.861768,3.5,3.0
second_05_v2,grass,0.832622,-1.0,8.0
second_05_v2,tree_evergreen_1,0.775472,-4.0,7.0
second_05_v2,tree_evergreen_1,0.717918,-0.5,2.0
second_05_v2,tree_evergreen_1,0.640879,3.5,7.0
second_05_v2,tree_evergreen_3,0.344363,-8.0,2.0
second_05_v2,grass,0.898493,2.0,4.0
second_05_v2,grass,0.85055,1.5,1.0
second_05_v2,grass,0.850339,0.5,1.0
second_05_v2,sapling,0.841987,4.5,4.0
second_05_v2,wilson,0.833134,0.5,2.0
second_05_v2,hound,0.719145,1.0,-4.0
second_05_v2,grass,0.613393,0.0,-5.0
second_05_v2,spider,0.103927,-13.5,4.0
second_05_v2,grass,0.891253,0.5,2.0
second_05_v2,grass,0.883299,0.5,1.0
second_05_v2,grass,0.876257,0.5,2.0
second_05_v2,wilson,0.876156,4.5,2.0
second_05_v2,grass,0.900508,3.0,2.0
second_05_v2,grass,0.878564,0.5,3.0
second_05_v2,wilson,0.876902,2.0,0.0
second_05_v2,grass,0.851895,1.5,2.0
second_05_v2,grass,0.901732,1.0,4.0
second_05_v2,grass,0.895793,2.5,1.0
second_05_v2,wilson,0.878369,2.5,10.0
second_05_v2,grass,0.871224,-0.5,3.0
second_05_v2,grass,0.891413,1.5,2.0
second_05_v2,wilson,0.874514,4.5,4.0
second_05_v2,grass,0.895539,2.0,3.0
second_05_v2,wilson,0.869061,1.0,8.0
second_05_v2,grass,0.894344,1.5,1.0
second_05_v2,wilson,0.874799,4.5,5.0
second_05_v2,grass,0.906527,0.5,4.0
second_05_v2,grass,0.859334,2.0,2.0
second_05_v2,grass,0.850437,2.0,3.0
second_05_v2,wilson,0.840285,0.5,2.0
second_05_v2,sapling,0.832756,5.0,3.0
second_05_v2,spider,0.684419,2.5,5.0
second_05_v2,hound,0.655993,4.5,17.0
second_05_v2,grass,0.591849,0.0,3.0
second_05_v2,hound,0.278082,26.5,8.0
second_05_v2,hound,0.173225,5.0,1.0
second_05_v2,grass,0.88744,1.0,3.0
second_05_v2,grass,0.884991,-0.5,1.0
second_05_v2,grass,0.882268,0.0,1.0
second_05_v2,wilson,0.867552,4.0,1.0
second_05_v2,grass,0.848637,1.0,0.0
second_05_v2,grass,0.755628,0.5,-1.0
second_05_v2,grass,0.913763,0.5,3.0
second_05_v2,grass,0.900598,1.5,2.0
second_05_v2,grass,0.887648,2.0,3.0
second_05_v2,wilson,0.860835,0.0,3.0
second_05_v2,grass,0.850346,0.0,3.0
second_05_v2,grass,0.90532,1.5,4.0
second_05_v2,grass,0.89895,2.0,4.0
second_05_v2,grass,0.895955,0.5,2.0
second_05_v2,grass,0.873577,0.5,3.0
second_05_v2,wilson,0.869721,-1.0,8.0
second_05_v2,grass,0.85018,0.5,5.0
second_05_v2,grass,0.90551,1.0,0.0
second_05_v2,grass,0.888201,1.5,0.0
second_05_v2,grass,0.881248,3.0,0.0
second_05_v2,wilson,0.851358,4.0,6.0
second_05_v2,wilson,0.889796,-1.5,9.0
second_05_v2,grass,0.897113,3.0,4.0
second_05_v2,grass,0.852102,2.5,1.0
second_05_v2,grass,0.844456,1.5,3.0
second_05_v2,sapling,0.832409,2.5,0.0
second_05_v2,hound,0.742745,2.5,-5.0
second_05_v2,grass,0.724739,-0.5,7.0
second_05_v2,hound,0.665738,-1.0,-2.0
second_05_v2,wilson,0.49255,6.0,7.0
second_05_v2,spider,0.472355,9.0,-2.0
second_05_v2,grass,0.90393,0.5,2.0
second_05_v2,grass,0.895287,2.5,3.0
second_05_v2,wilson,0.866064,1.0,6.0
second_05_v2,grass,0.78047,1.5,5.0
second_05_v2,grass,0.900534,1.0,5.0
second_05_v2,wilson,0.893994,0.0,3.0
second_05_v2,grass,0.888881,0.5,1.0
second_05_v2,grass,0.876036,2.0,2.0
second_05_v2,wilson,0.873681,0.0,2.0
second_05_v2,flint,0.788175,-0.5,3.0
second_05_v2,rock2,0.619768,-1.5,7.0
second_05_v2,grass,0.889863,-1.5,6.0
second_05_v2,grass,0.866357,2.0,2.0
second_05_v2,wilson,0.849715,0.5,0.0
second_05_v2,grass,0.846976,1.0,-1.0
second_05_v2,flint,0.802291,-2.5,7.0
second_05_v2,grass,0.896154,0.5,3.0
second_05_v2,wilson,0.891289,2.0,5.0
second_05_v2,grass,0.904105,0.5,2.0
second_05_v2,grass,0.897095,1.0,1.0
second_05_v2,wilson,0.858795,2.0,4.0
second_05_v2,grass,0.891507,1.5,5.0
second_05_v2,wilson,0.8796,0.5,6.0
second_05_v2,sapling,0.863801,-1.5,3.0
second_05_v2,grass,0.863321,2.0,3.0
second_05_v2,grass,0.848475,-0.5,7.0
second_05_v2,grass,0.837991,2.5,6.0
second_05_v2,spider,0.709217,0.0,3.0
second_05_v2,hound,0.673117,1.5,3.0
second_05_v2,hound,0.481894,7.0,5.0
second_05_v2,grass,0.888941,0.0,2.0
second_05_v2,wilson,0.814674,-2.0,3.0
second_05_v2,sapling_picked,0.802244,2.0,5.0
second_05_v2,tree_evergreen_2,0.310956,0.0,0.0
second_05_v2,wilson,0.879295,1.5,3.0
second_05_v2,sapling_picked,0.178485,-6.5,2.0
second_05_v2,tree_evergreen_2,0.1155,-0.5,11.0
second_05_v2,sapling,0.888566,1.0,0.0
second_05_v2,wilson,0.860119,2.5,4.0
second_05_v2,wilson,0.874243,-0.5,3.0
second_05_v2,sapling,0.90585,1.0,2.0
second_05_v2,grass,0.890811,1.5,3.0
second_05_v2,sapling,0.888798,1.5,4.0
second_05_v2,grass,0.884927,1.0,2.0
second_05_v2,grass,0.873999,-0.5,1.0
second_05_v2,berry_bush_harvested,0.872156,3.0,7.0
second_05_v2,wilson,0.861642,-1.0,1.0
second_05_v2,tree_evergreen_3,0.390084,1.0,1.0
second_05_v2,tree_evergreen_2,0.190841,-3.0,1.0
second_05_v2,grass,0.875006,1.0,5.0
second_05_v2,grass,0.87085,1.5,2.0
second_05_v2,sapling,0.858815,0.5,-1.0
second_05_v2,sapling,0.85163,1.5,0.0
second_05_v2,berry_bush_harvested,0.831325,3.0,1.0
second_05_v2,sapling,0.794768,17.0,6.0
second_05_v2,tree_evergreen_1,0.393226,4.5,11.0
second_05_v2,sapling,0.888744,0.0,5.0
second_05_v2,grass,0.879772,0.5,2.0
second_05_v2,wilson,0.85478,0.5,2.0
second_05_v2,sapling,0.848648,2.0,4.0
second_05_v2,grass,0.8281,1.0,6.0
second_05_v2,sapling_picked,0.815674,2.0,3.0
second_05_v2,grass_picked,0.59795,0.5,0.0
second_05_v2,tree_evergreen_2,0.452359,5.0,19.0
second_05_v2,tree_evergreen_2,0.407894,4.0,-2.0
second_05_v2,tree_evergreen_3,0.368626,2.5,6.0
second_05_v2,sapling_picked,0.350654,1.5,1.0
second_05_v2,sapling,0.891066,1.0,4.0
second_05_v2,grass,0.860593,1.0,-1.0
second_05_v2,sapling_picked,0.843649,2.5,2.0
second_05_v2,tree_evergreen_3,0.686557,4.5,8.0
second_05_v2,tree_evergreen_2,0.581188,-4.0,-2.0
second_05_v2,sapling_picked,0.475156,1.5,0.0
second_05_v2,tree_evergreen_2,0.370901,1.5,6.0
second_05_v2,grass_picked,0.335187,-1.5,-1.0
second_05_v2,grass,0.90638,0.5,1.0
second_05_v2,grass,0.887759,-1.5,3.0
second_05_v2,sapling,0.883224,0.0,3.0
second_05_v2,grass,0.845852,0.0,2.0
second_05_v2,wilson,0.834828,1.0,5.0
second_05_v2,grass,0.820101,-2.0,-3.0
second_05_v2,grass,0.750404,0.5,9.0
second_05_v2,tree_evergreen_3,0.637852,4.0,0.0
second_05_v2,grass,0.503837,-7.5,-2.0
second_05_v2,grass,0.347085,9.0,10.0
second_05_v2,sapling,0.900953,2.0,3.0
second_05_v2,grass,0.875069,-0.5,5.0
second_05_v2,grass,0.873481,2.0,2.0
second_05_v2,grass,0.87082,1.0,8.0
second_05_v2,wilson,0.861973,1.5,3.0
second_05_v2,grass,0.795544,2.5,-1.0
second_05_v2,tree_evergreen_1,0.768704,1.5,6.0
second_05_v2,tree_evergreen_3,0.652764,3.0,-1.0
second_05_v2,tree_evergreen_3,0.329056,2.5,-4.0
second_05_v2,grass,0.892254,0.5,2.0
second_05_v2,sapling,0.891055,-0.5,1.0
second_05_v2,grass,0.878198,1.5,6.0
second_05_v2,wilson,0.821572,4.0,8.0
second_05_v2,tree_evergreen_3,0.795738,0.5,0.0
second_05_v2,tree_evergreen_1,0.634475,2.5,-1.0
second_05_v2,grass,0.473604,-71.5,-58.0
second_05_v2,tree_evergreen_3,0.212584,-1.0,9.0
second_05_v2,grass,0.887786,1.5,1.0
second_05_v2,grass,0.876347,1.5,1.0
second_05_v2,sapling,0.864529,-0.5,2.0
second_05_v2,grass,0.858221,1.5,0.0
second_05_v2,tree_evergreen_1,0.780635,3.0,6.0
second_05_v2,wilson,0.685339,-0.5,2.0
second_05_v2,tree_evergreen_3,0.605055,0.0,4.0
second_05_v2,grass,0.88522,0.5,3.0
second_05_v2,sapling,0.871103,1.5,2.0
second_05_v2,grass,0.859211,1.5,7.0
second_05_v2,wilson,0.845755,2.5,0.0
second_05_v2,berry_bush_harvested,0.829588,1.0,4.0
second_05_v2,tree_evergreen_3,0.495953,0.0,6.0
second_05_v2,tree_evergreen_1,0.270761,1.5,8.0
second_05_v2,grass,0.887801,-0.5,5.0
second_05_v2,grass,0.877404,1.0,5.0
second_05_v2,wilson,0.871225,1.0,4.0
second_05_v2,berry_bush_harvested,0.847923,4.0,3.0
second_05_v2,sapling_picked,0.847214,1.0,2.0
second_05_v2,tree_evergreen_3,0.773919,-1.0,1.0
second_05_v2,tree_evergreen_3,0.495022,0.5,-1.0
second_05_v2,grass,0.476134,-62.5,-53.0
second_05_v2,tree_evergreen_1,0.335649,2.5,2.0
second_05_v2,grass,0.877867,0.5,2.0
second_05_v2,wilson,0.865401,-5.5,5.0
second_05_v2,grass,0.853387,0.0,3.0
second_05_v2,sapling_picked,0.836075,1.0,0.0
second_05_v2,grass,0.805958,-3.0,-2.0
second_05_v2,grass_picked,0.801184,1.0,0.0
second_05_v2,tree_evergreen_3,0.706467,0.0,4.0
second_05_v2,tree_evergreen_3,0.617377,4.5,3.0
second_05_v2,tree_evergreen_1,0.220356,-2.0,6.0
second_05_v2,grass,0.874161,-1.0,6.0
second_05_v2,wilson,0.862953,-1.5,3.0
second_05_v2,grass,0.897428,1.5,4.0
second_05_v2,grass,0.888123,1.0,4.0
second_05_v2,grass,0.887705,2.5,0.0
second_05_v2,grass,0.881403,0.5,2.0
second_05_v2,wilson,0.878805,1.5,0.0
second_05_v2,sapling,0.873381,3.5,1.0
second_05_v2,hound,0.834712,-1.5,2.0
second_05_v2,hound,0.751563,0.0,1.0
second_05_v2,hound,0.172215,-7.0,-21.0
second_05_v2,grass,0.896217,1.5,3.0
second_05_v2,grass,0.894191,1.5,2.0
second_05_v2,grass,0.891059,0.5,3.0
second_05_v2,grass,0.885829,0.5,1.0
second_05_v2,wilson,0.855896,1.0,6.0
second_05_v2,grass,0.879,4.5,3.0
second_05_v2,wilson,0.872468,1.0,4.0
second_05_v2,clock_bishop,0.784196,4.5,10.0
second_05_v2,wilson,0.871187,8.0,12.0
second_05_v2,flint,0.327601,-2.5,4.0
second_05_v2,sapling,0.893527,-1.0,2.0
second_05_v2,sapling,0.880592,1.5,5.0
second_05_v2,wilson,0.842652,-1.0,6.0
second_05_v2,wilson,0.805863,2.5,12.0
second_05_v2,wilson,0.868076,2.0,4.0
second_05_v2,flint,0.806411,-2.5,-4.0
second_05_v2,wilson,0.854875,0.0,2.0
second_05_v2,rock2,0.833423,11.5,-1.0
second_05_v2,flint,0.815884,-2.0,1.0
second_05_v2,flint,0.792273,-2.0,4.0
second_05_v2,flint,0.204985,5.5,3.0
second_05_v2,flint,0.822465,1.5,0.0
second_05_v2,wilson,0.549667,8.0,4.0
second_05_v2,flint,0.5342,-2.0,10.0
second_05_v2,wilson,0.759752,-3.0,3.0
second_05_v2,wilson,0.788036,7.5,6.0
second_05_v2,grass,0.863451,2.5,3.0
second_05_v2,hound,0.849483,1.0,3.0
second_05_v2,wilson,0.831543,1.5,0.0
second_05_v2,hound,0.761864,-0.5,6.0
second_05_v2,wilson,0.774041,2.0,11.0
second_05_v2,wilson,0.823374,2.5,4.0
second_05_v2,wilson,0.797698,2.0,1.0
second_05_v2,wilson,0.802125,2.0,1.0
second_05_v2,wilson,0.614122,-3.0,11.0
second_05_v2,grass,0.87022,0.5,3.0
second_05_v2,grass,0.867557,1.5,8.0
second_05_v2,wilson,0.855202,7.0,10.0
second_05_v2,grass,0.844414,-0.5,4.0
second_05_v2,hound,0.827602,-1.0,7.0
second_05_v2,hound,0.795046,-1.5,4.0
second_05_v2,wilson,0.79638,1.5,5.0
second_05_v2,wilson,0.794388,-2.0,6.0
second_05_v2,wilson,0.789473,2.0,5.0
second_05_v2,wilson,0.775802,-0.5,10.0
second_05_v2,wilson,0.773596,-10.0,14.0
second_05_v2,wilson,0.789651,1.0,-1.0
second_05_v2,wilson,0.779154,6.5,8.0
second_05_v2,wilson,0.806629,5.0,10.0
second_05_v2,wilson,0.833426,2.5,-1.0
second_05_v2,wilson,0.814119,2.5,8.0
second_05_v2,wilson,0.843872,2.0,1.0
second_05_v2,wilson,0.821058,0.5,-3.0
second_05_v2,flint,0.70522,1.5,0.0
second_05_v2,rock1,0.563457,5.0,-1.0
second_05_v2,wilson,0.735535,2.5,2.0
second_05_v2,wilson,0.785607,5.5,0.0
second_05_v2,rock2,0.856813,2.0,0.0
second_05_v2,wilson,0.836162,5.0,-4.0
second_05_v2,wilson,0.826929,-1.5,2.0
second_05_v2,wilson,0.845658,1.0,8.0
second_05_v2,wilson,0.848545,0.0,4.0
second_05_v2,rock2,0.845879,2.0,9.0
second_05_v2,wilson,0.845243,0.5,3.0
second_05_v2,flint,0.725441,2.0,-2.0
second_05_v2,sapling,0.912378,3.0,0.0
second_05_v2,grass,0.892288,1.5,2.0
second_05_v2,grass,0.889877,1.0,3.0
second_05_v2,sapling,0.889876,1.0,-1.0
second_05_v2,grass,0.885746,1.5,2.0
second_05_v2,grass,0.88367,1.5,0.0
second_05_v2,grass,0.852888,-0.5,6.0
second_05_v2,wilson,0.849981,-3.0,8.0
second_05_v2,hound,0.69788,-3.5,4.0
second_05_v2,spider,0.569342,-4.5,4.0
second_05_v2,spider,0.480945,10.0,11.0
second_05_v2,spider,0.222506,12.5,12.0
second_05_v2,spider,0.128529,-3.0,5.0
second_05_v2,wilson,0.831147,-0.5,2.0
second_05_v2,flint,0.77563,0.5,1.0
second_05_v2,wilson,0.872775,2.5,3.0
second_05_v2,flint,0.803282,2.0,1.0
second_05_v2,wilson,0.881905,3.5,2.0
second_05_v2,rock2,0.851469,3.0,-1.0
second_05_v2,flint,0.740808,-3.5,6.0
second_05_v2,rock1,0.860019,-0.5,-4.0
second_05_v2,wilson,0.770478,10.0,9.0
second_05_v2,rock1,0.863014,-1.5,-5.0
second_05_v2,wilson,0.763751,4.0,8.0
second_05_v2,wilson,0.865723,1.5,5.0
second_05_v2,rock1,0.864878,-1.5,1.0
second_05_v2,wilson,0.864303,0.5,3.0
second_05_v2,rock1,0.860555,4.0,6.0
second_05_v2,rock2,0.856492,1.5,4.0
second_05_v2,gold_nugget,0.709233,3.0,-1.0
second_05_v2,wilson,0.871133,0.5,6.0
second_05_v2,rock1,0.865492,3.0,5.0
second_05_v2,rocks,0.568112,1.5,-38.0
second_05_v2,rocks,0.539824,-1.5,6.0
second_05_v2,rocks,0.370614,-0.5,-27.0
second_05_v2,rock1,0.88258,3.0,-5.0
second_05_v2,rock1,0.875611,-1.0,2.0
second_05_v2,wilson,0.871684,3.0,3.0
second_05_v2,rock2,0.871167,-2.5,8.0
second_05_v2,rock2,0.865911,1.0,2.0
second_05_v2,rock1,0.86239,-0.5,3.0
second_05_v2,rock2,0.852481,1.0,6.0
second_05_v2,rock1,0.817534,-3.0,2.0
second_05_v2,flint,0.646646,0.5,3.0
second_05_v2,sapling,0.911229,1.5,3.0
second_05_v2,sapling,0.907728,0.5,3.0
second_05_v2,sapling,0.899565,1.5,4.0
second_05_v2,grass,0.894689,1.5,1.0
second_05_v2,grass,0.889705,0.5,3.0
second_05_v2,sapling,0.88582,-0.5,0.0
second_05_v2,grass,0.877021,0.5,5.0
second_05_v2,grass,0.869955,3.5,8.0
second_05_v2,wilson,0.8308,-6.0,4.0
second_05_v2,spider,0.687013,2.5,3.0
second_05_v2,hound,0.656736,-5.5,11.0
second_05_v2,hound,0.647964,6.5,10.0
second_05_v2,spider,0.573827,7.5,8.0
second_05_v2,sapling,0.213714,7.5,3.0
second_05_v2,wilson,0.885393,0.5,0.0
second_05_v2,rock1,0.878832,-3.0,4.0
second_05_v2,rock1,0.863767,1.0,3.0
second_05_v2,flint,0.814461,0.5,1.0
second_05_v2,flint,0.763834,1.0,1.0
second_05_v2,rock2,0.882223,2.0,-2.0
second_05_v2,wilson,0.867074,4.0,1.0
second_05_v2,spider_nest1,0.86509,2.0,0.0
second_05_v2,rock2,0.853965,3.0,-2.0
second_05_v2,rock1,0.837417,1.0,-4.0
second_05_v2,rock1,0.816043,4.0,2.0
second_05_v2,gold_nugget,0.664052,1.0,0.0
second_05_v2,gold_nugget,0.107471,-1.5,6.0
second_05_v2,rock2,0.888309,5.0,4.0
second_05_v2,wilson,0.881371,1.0,4.0
second_05_v2,rock1,0.873545,5.5,5.0
second_05_v2,spider_nest1,0.866331,2.5,5.0
second_05_v2,rock1,0.859068,3.5,7.0
second_05_v2,rock2,0.835736,0.0,-5.0
second_05_v2,gold_nugget,0.799578,1.5,6.0
second_05_v2,rock2,0.785167,4.0,3.0
second_05_v2,rocks,0.731949,-2.0,2.0
second_05_v2,rock2,0.893211,3.0,0.0
second_05_v2,rock1,0.868701,2.5,-2.0
second_05_v2,rock1,0.866941,1.5,3.0
second_05_v2,wilson,0.865927,2.0,-2.0
second_05_v2,rock1,0.84068,2.5,3.0
second_05_v2,rocks,0.81194,2.5,1.0
second_05_v2,spider_nest1,0.805347,-2.0,-5.0
second_05_v2,rocks,0.802105,-0.5,2.0
second_05_v2,rocks,0.746167,1.5,2.0
second_05_v2,gold_nugget,0.38342,1.0,3.0
second_05_v2,flint,0.271167,-6.0,1.0
second_05_v2,rock1,0.872849,-1.5,-1.0
second_05_v2,spider_nest2,0.871551,5.0,1.0
second_05_v2,wilson,0.866698,1.0,2.0
second_05_v2,rocks,0.837507,-1.0,-1.0
second_05_v2,spider_nest1,0.832479,2.0,6.0
second_05_v2,rocks,0.828841,1.5,3.0
second_05_v2,rocks,0.817213,3.5,6.0
second_05_v2,rocks,0.681929,-5.0,5.0
second_05_v2,spider_nest1,0.628882,3.0,0.0
second_05_v2,gold_nugget,0.60413,-0.5,2.0
second_05_v2,gold_nugget,0.329089,-3.0,7.0
second_05_v2,spider_nest2,0.895068,-3.0,0.0
second_05_v2,wilson,0.869953,2.0,4.0
second_05_v2,rock1,0.853272,2.0,0.0
second_05_v2,rock2,0.849088,-1.0,2.0
second_05_v2,rocks,0.813929,-1.0,2.0
second_05_v2,spider_nest1,0.799627,1.0,1.0
second_05_v2,rocks,0.772469,-1.5,1.0
second_05_v2,spider_nest1,0.762868,2.0,0.0
second_05_v2,rocks,0.737268,1.0,1.0
second_05_v2,gold_nugget,0.690787,2.0,3.0
second_05_v2,spider_nest2,0.680635,3.5,-4.0
second_05_v2,gold_nugget,0.443977,-3.0,6.0
second_05_v2,spider,0.290216,1.0,2.0
second_05_v2,spider,0.167752,3.0,1.0
second_05_v2,wilson,0.884975,-0.5,2.0
second_05_v2,grass,0.88318,0.5,-1.0
second_05_v2,berry_bush,0.873691,1.5,0.0
second_05_v2,rocks,0.816351,0.0,3.0
second_05_v2,spider_nest2,0.743157,2.0,-2.0
second_05_v2,tree_evergreen_2,0.48748,-0.5,7.0
second_05_v2,wilson,0.876925,0.5,-1.0
second_05_v2,rock2,0.873749,1.5,-1.0
second_05_v2,tree_evergreen_1,0.672572,-1.5,2.0
second_05_v2,gold_nugget,0.606019,-1.0,4.0
second_05_v2,sapling,0.879263,2.5,2.0
second_05_v2,grass,0.876461,1.5,3.0
second_05_v2,grass,0.86678,3.0,1.0
second_05_v2,grass,0.861252,0.5,2.0
second_05_v2,grass,0.855801,0.5,14.0
second_05_v2,grass,0.846878,1.0,5.0
second_05_v2,wilson,0.835647,-0.5,6.0
second_05_v2,grass,0.787033,0.0,3.0
second_05_v2,grass,0.782474,0.0,1.0
second_05_v2,spider,0.648866,6.5,3.0
second_05_v2,hound,0.633843,-7.0,12.0
second_05_v2,hound,0.611139,4.0,3.0
second_05_v2,spider,0.364403,8.0,9.0
second_05_v2,spider,0.239328,0.0,10.0
second_05_v2,spider,0.118921,-8.0,7.0
second_05_v2,spider,0.117134,29.0,9.0
second_05_v2,sapling,0.896113,-2.0,4.0
second_05_v2,wilson,0.846866,-1.5,8.0
second_05_v2,grass,0.833096,-3.0,8.0
second_05_v2,hound,0.759051,-6.0,17.0
second_05_v2,grass,0.757725,2.0,2.0
second_05_v2,grass,0.685854,-0.5,3.0
second_05_v2,spider,0.675106,0.5,1.0
second_05_v2,spider,0.604126,4.0,-1.0
second_05_v2,grass,0.505689,-2.5,4.0
second_05_v2,grass,0.487616,-1.0,4.0
second_05_v2,spider,0.426135,-16.0,18.0
second_05_v2,wilson,0.784732,2.0,13.0
second_05_v2,grass,0.744725,2.5,5.0
second_05_v2,wilson,0.844218,-1.5,5.0
second_05_v2,grass,0.773992,0.0,-1.0
second_05_v2,spider,0.721549,5.5,4.0
second_05_v2,grass,0.718762,3.5,10.0
second_05_v2,sapling,0.796522,-5.0,3.0
second_05_v2,grass,0.777186,-0.5,4.0
second_05_v2,spider,0.701679,3.5,3.0
second_05_v2,sapling,0.877034,-0.5,4.0
second_05_v2,wilson,0.811771,2.5,9.0
second_05_v2,wilson,0.750002,2.5,7.0
second_05_v2,hound,0.371291,6.0,5.0
second_05_v2,wilson,0.81838,3.5,11.0
second_05_v2,hound,0.641152,18.0,-9.0
second_05_v2,wilson,0.858257,-2.5,5.0
second_05_v2,wilson,0.764238,-5.0,0.0
second_05_v2,wilson,0.725739,-1.5,4.0
second_05_v2,hound,0.608089,-5.5,-10.0
second_05_v2,wilson,0.776679,2.5,6.0
second_05_v2,wilson,0.814607,-4.5,2.0
second_05_v2,sapling,0.899665,-0.5,4.0
second_05_v2,grass,0.848383,0.5,4.0
second_05_v2,wilson,0.814911,0.0,1.0
second_05_v2,grass,0.754016,1.0,3.0
second_05_v2,hound,0.713516,-0.5,8.0
second_05_v2,hound,0.148807,2.5,-1.0
second_05_v2,sapling,0.897882,1.5,3.0
second_05_v2,hound,0.869861,2.0,6.0
second_05_v2,grass,0.796899,-1.5,4.0
second_05_v2,grass,0.784026,2.0,16.0
second_05_v2,wilson,0.763995,1.0,13.0
second_05_v2,hound,0.68633,11.5,-5.0
second_05_v2,wilson,0.805248,4.5,7.0
second_05_v2,grass,0.836441,0.0,3.0
second_05_v2,wilson,0.766579,-4.5,5.0
second_05_v2,hound,0.58557,-3.5,0.0
second_05_v2,hound,0.236693,79.5,-52.0
second_05_v2,hound,0.166311,10.5,-12.0
second_05_v2,hound,0.142935,-17.5,-9.0
second_05_v2,wilson,0.734222,-2.0,5.0
second_05_v2,hound,0.732345,-15.5,10.0
second_05_v2,hound,0.686971,0.0,7.0
second_05_v2,grass,0.789609,3.0,2.0
second_05_v2,wilson,0.784705,7.0,4.0
second_05_v2,grass,0.760742,5.0,8.0
second_05_v2,hound,0.358111,13.0,14.0
second_05_v2,hound,0.101664,34.0,13.0
second_05_v2,wilson,0.646462,1.0,8.0
second_05_v2,hound,0.629138,1.5,18.0
second_05_v2,hound,0.114522,-56.5,-1.0
second_05_v2,wilson,0.818285,-1.0,4.0
second_05_v2,grass,0.788749,-1.5,-7.0
second_05_v2,wilson,0.8162,-3.5,1.0
second_05_v2,wilson,0.622987,1.5,3.0
second_05_v2,hound,0.359344,3.5,30.0
second_05_v2,hound,0.547336,-6.0,19.0
second_05_v2,grass,0.859689,-1.0,0.0
second_05_v2,wilson,0.812657,1.5,7.0
second_05_v2,sapling,0.801419,-0.5,-1.0
second_05_v2,hound,0.770181,5.5,-1.0
second_05_v2,grass,0.767754,5.0,7.0
second_05_v2,hound,0.612223,3.0,7.0
second_05_v2,grass,0.579661,2.0,0.0
second_05_v2,grass,0.871977,0.5,2.0
second_05_v2,sapling,0.866897,0.0,3.0
second_05_v2,grass,0.858237,-0.5,5.0
second_05_v2,wilson,0.853535,0.5,-1.0
second_05_v2,hound,0.803373,1.5,3.0
second_05_v2,grass,0.797353,2.5,0.0
second_05_v2,hound,0.72315,-2.5,-4.0
second_05_v2,grass,0.854402,0.0,3.0
second_05_v2,wilson,0.849028,-1.5,-1.0
second_05_v2,grass,0.832932,0.5,1.0
second_05_v2,hound,0.378149,5.0,5.0
second_05_v2,hound,0.300272,-24.0,-12.0
second_05_v2,hound,0.266687,-9.0,1.0
second_05_v2,hound,0.223608,-1.0,0.0
second_05_v2,wilson,0.861297,0.5,2.0
second_05_v2,grass,0.834317,6.0,0.0
second_05_v2,hound,0.760062,3.0,-8.0
second_05_v2,hound,0.759224,14.0,-6.0
second_05_v2,wilson,0.863279,0.5,8.0
second_05_v2,grass,0.847217,-0.5,7.0
second_05_v2,grass,0.845588,2.0,2.0
second_05_v2,hound,0.820229,-0.5,6.0
second_05_v2,grass,0.769995,0.0,0.0
second_05_v2,hound,0.75912,12.5,7.0
second_05_v2,sapling,0.328471,-1.0,5.0
second_05_v2,sapling,0.241047,5.5,-2.0
second_05_v2,sapling,0.879956,3.5,8.0
second_05_v2,hound,0.866938,0.5,4.0
second_05_v2,grass,0.862691,0.0,7.0
second_05_v2,grass,0.857257,0.0,2.0
second_05_v2,grass,0.823986,2.0,2.0
second_05_v2,wilson,0.811967,0.5,6.0
second_05_v2,grass,0.794792,2.5,7.0
second_05_v2,hound,0.785818,4.5,-1.0
second_05_v2,sapling,0.480743,-11.0,4.0
second_05_v2,sapling,0.875834,2.5,2.0
second_05_v2,hound,0.859546,-2.5,2.0
second_05_v2,grass,0.845063,0.5,6.0
second_05_v2,hound,0.838312,0.5,4.0
second_05_v2,grass,0.834838,3.5,2.0
second_05_v2,grass,0.829171,-1.0,3.0
second_05_v2,grass,0.824845,-0.5,10.0
second_05_v2,grass,0.819945,1.5,1.0
second_05_v2,sapling,0.505113,-8.5,15.0
second_05_v2,sapling,0.881314,0.5,8.0
second_05_v2,grass,0.857982,-0.5,3.0
second_05_v2,grass,0.85589,0.5,2.0
second_05_v2,grass,0.846351,-1.0,-1.0
second_05_v2,wilson,0.833328,1.5,6.0
second_05_v2,grass,0.830425,1.0,0.0
second_05_v2,hound,0.79866,1.5,4.0
second_05_v2,grass,0.790635,3.5,7.0
second_05_v2,hound,0.756016,3.0,1.0
second_05_v2,carrot_planted,0.753203,0.5,2.0
second_05_v2,grass,0.746281,2.5,2.0
second_05_v2,sapling,0.561518,0.0,-4.0
second_05_v2,sapling,0.902323,1.0,2.0
second_05_v2,wilson,0.88912,0.5,6.0
second_05_v2,grass,0.857851,0.5,0.0
second_05_v2,grass,0.856305,1.0,1.0
second_05_v2,grass,0.854619,0.5,0.0
second_05_v2,grass,0.85201,-0.5,2.0
second_05_v2,carrot_planted,0.821522,2.0,6.0
second_05_v2,hound,0.808354,9.5,-8.0
second_05_v2,hound,0.73702,-1.5,3.0
second_05_v2,sapling,0.887416,-1.0,4.0
second_05_v2,grass,0.877961,0.5,3.0
second_05_v2,grass,0.873882,1.5,3.0
second_05_v2,wilson,0.870888,3.0,3.0
second_05_v2,hound,0.787935,1.5,10.0
second_05_v2,hound,0.773728,0.5,0.0
second_05_v2,grass,0.892957,0.0,4.0
second_05_v2,sapling,0.880899,0.0,3.0
second_05_v2,grass,0.870141,1.5,2.0
second_05_v2,wilson,0.86418,1.5,3.0
second_05_v2,grass,0.814564,0.5,3.0
second_05_v2,hound,0.80449,-5.0,6.0
second_05_v2,hound,0.791059,1.5,21.0
second_05_v2,grass,0.870883,0.5,1.0
second_05_v2,sapling,0.862983,1.5,3.0
second_05_v2,grass,0.857714,2.5,1.0
second_05_v2,wilson,0.831975,-0.5,7.0
second_05_v2,hound,0.726265,0.5,1.0
second_05_v2,hound,0.393503,10.5,0.0
second_05_v2,grass,0.879276,2.5,2.0
second_05_v2,wilson,0.867483,2.0,6.0
second_05_v2,spider,0.803382,-0.5,3.0
second_05_v2,hound,0.772959,-1.5,7.0
second_05_v2,grass,0.669184,0.0,6.0
second_05_v2,hound,0.66697,-5.5,1.0
second_05_v2,spider,0.657011,-4.0,2.0
second_05_v2,grass,0.88443,0.5,2.0
second_05_v2,grass,0.880158,0.5,2.0
second_05_v2,sapling,0.867972,1.0,4.0
second_05_v2,wilson,0.84314,1.5,-2.0
second_05_v2,hound,0.774906,-9.0,4.0
second_05_v2,grass,0.729082,1.0,2.0
second_05_v2,spider,0.724504,0.5,5.0
second_05_v2,spider,0.642617,1.0,3.0
second_05_v2,hound,0.585771,4.5,-11.0
second_05_v2,grass,0.893537,0.5,3.0
second_05_v2,grass,0.885747,2.5,2.0
second_05_v2,wilson,0.883367,0.5,5.0
second_05_v2,grass,0.879428,0.5,0.0
second_05_v2,grass,0.879159,0.5,1.0
second_05_v2,grass,0.870747,0.5,2.0
second_05_v2,sapling,0.869791,1.0,2.0
second_05_v2,hound,0.735848,-12.5,32.0
second_05_v2,spider,0.660021,0.5,1.0
second_05_v2,hound,0.63585,1.5,-5.0
second_05_v2,spider,0.128312,-0.5,3.0
second_05_v2,sapling,0.888508,0.5,1.0
second_05_v2,grass,0.873958,0.5,3.0
second_05_v2,wilson,0.861723,-4.5,1.0
second_05_v2,grass,0.841367,0.5,2.0
second_05_v2,spider,0.569644,-3.0,0.0
second_05_v2,spider,0.372279,-14.0,-3.0
second_05_v2,hound,0.339613,33.0,2.0
second_05_v2,hound,0.316519,5.0,2.0
second_05_v2,hound,0.13507,-20.0,5.0
second_05_v2,spider,0.134811,-1.5,2.0
second_05_v2,hound,0.133496,40.0,-1.0
second_05_v2,grass,0.888964,1.5,2.0
second_05_v2,grass,0.884426,1.0,1.0
second_05_v2,grass,0.879367,2.0,1.0
second_05_v2,grass,0.878579,0.5,1.0
second_05_v2,sapling,0.878202,5.0,3.0
second_05_v2,wilson,0.875634,-4.5,20.0
second_05_v2,grass,0.865985,2.0,0.0
second_05_v2,spider,0.809766,0.0,6.0
second_05_v2,hound,0.766412,0.0,3.0
second_05_v2,spider,0.599562,-5.5,-2.0
second_05_v2,hound,0.583462,-17.5,11.0
second_05_v2,hound,0.179095,-8.5,6.0
second_05_v2,spider,0.136932,-2.5,2.0
second_05_v2,grass,0.879936,0.5,3.0
second_05_v2,grass,0.873273,0.5,2.0
second_05_v2,wilson,0.861509,0.5,5.0
second_05_v2,hound,0.77004,0.5,3.0
second_05_v2,spider,0.758973,-2.5,2.0
second_05_v2,hound,0.752017,2.0,0.0
second_05_v2,grass,0.888845,1.5,3.0
second_05_v2,grass,0.886442,0.5,2.0
second_05_v2,sapling,0.880127,0.0,3.0
second_05_v2,wilson,0.864632,1.0,4.0
second_05_v2,hound,0.670931,-2.5,-3.0
second_05_v2,spider,0.601398,7.5,7.0
second_05_v2,hound,0.313159,1.5,8.0
second_05_v2,spider,0.295573,-1.5,28.0
second_05_v2,sapling,0.896469,0.5,5.0
second_05_v2,grass,0.890197,1.5,2.0
second_05_v2,grass,0.874612,0.5,2.0
second_05_v2,grass,0.862813,0.5,1.0
second_05_v2,grass,0.856905,1.0,1.0
second_05_v2,wilson,0.829733,-2.0,-6.0
second_05_v2,hound,0.798061,-2.0,-4.0
second_05_v2,hound,0.775859,1.5,0.0
second_05_v2,spider,0.557289,17.5,2.0
second_05_v2,sapling,0.904093,3.0,4.0
second_05_v2,grass,0.87714,-0.5,1.0
second_05_v2,grass,0.875211,1.5,3.0
second_05_v2,grass,0.871176,1.5,2.0
second_05_v2,grass,0.860625,0.0,4.0
second_05_v2,wilson,0.839162,-1.0,3.0
second_05_v2,hound,0.686747,0.5,-2.0
second_05_v2,hound,0.440582,-10.0,-9.0
second_05_v2,sapling,0.896312,2.5,4.0
second_05_v2,grass,0.878926,1.5,-1.0
second_05_v2,grass,0.877494,0.0,1.0
second_05_v2,grass,0.876926,0.0,1.0
second_05_v2,grass,0.87622,2.5,3.0
second_05_v2,hound,0.834181,6.5,13.0
second_05_v2,wilson,0.827825,4.0,5.0
second_05_v2,hound,0.792337,-0.5,7.0
second_05_v2,spider,0.582999,-3.0,-1.0
second_05_v2,spider,0.250328,-8.0,12.0
second_05_v2,sapling,0.899567,1.5,2.0
second_05_v2,grass,0.883946,1.5,3.0
second_05_v2,grass,0.88313,0.5,0.0
second_05_v2,grass,0.879981,0.5,3.0
second_05_v2,grass,0.851124,0.5,1.0
second_05_v2,wilson,0.76696,0.0,3.0
second_05_v2,spider,0.627411,0.0,5.0
second_05_v2,spider,0.215443,-52.0,23.0
second_05_v2,spider,0.199213,-26.0,12.0
second_05_v2,spider,0.168433,27.0,19.0
second_05_v2,sapling,0.888132,1.5,3.0
second_05_v2,grass,0.884872,1.0,2.0
second_05_v2,grass,0.882585,1.5,1.0
second_05_v2,grass,0.880757,0.5,4.0
second_05_v2,wilson,0.768864,4.0,-1.0
second_05_v2,spider,0.610088,-3.5,2.0
second_05_v2,grass,0.563851,0.5,0.0
second_05_v2,sapling,0.898539,-1.0,1.0
second_05_v2,grass,0.890606,0.5,4.0
second_05_v2,grass,0.879364,1.0,1.0
second_05_v2,wilson,0.87557,0.5,3.0
second_05_v2,sapling,0.868867,4.0,1.0
second_05_v2,grass,0.860172,2.0,0.0
second_05_v2,grass,0.831052,-1.5,2.0
second_05_v2,wilson,0.828115,0.0,7.0
second_05_v2,spider,0.732759,1.0,2.0
second_05_v2,hound,0.638835,-15.0,-17.0
second_05_v2,spider,0.506914,-0.5,2.0
second_05_v2,hound,0.45312,3.0,5.0
second_05_v2,spider,0.414078,24.5,-17.0
second_05_v2,sapling,0.889511,-0.5,3.0
second_05_v2,grass,0.885339,0.0,3.0
second_05_v2,grass,0.825472,-0.5,2.0
second_05_v2,wilson,0.814898,0.5,10.0
second_05_v2,hound,0.705041,2.5,6.0
second_05_v2,grass,0.656834,-0.5,11.0
second_05_v2,hound,0.626673,4.5,6.0
second_05_v2,spider,0.440633,4.5,-4.0
second_05_v2,hound,0.140014,5.5,6.0
second_05_v2,sapling,0.899875,2.0,4.0
second_05_v2,grass,0.896577,0.5,3.0
second_05_v2,grass,0.889487,0.5,2.0
second_05_v2,grass,0.879103,0.5,3.0
second_05_v2,wilson,0.855677,0.5,5.0
second_05_v2,spider,0.840439,0.0,7.0
second_05_v2,hound,0.820785,1.5,3.0
second_05_v2,spider,0.814683,2.0,5.0
second_05_v2,hound,0.750926,4.5,6.0
second_05_v2,grass,0.899438,0.5,1.0
second_05_v2,sapling,0.892973,-0.5,2.0
second_05_v2,grass,0.882764,2.0,3.0
second_05_v2,grass,0.880302,0.5,4.0
second_05_v2,grass,0.878001,1.5,3.0
second_05_v2,wilson,0.85594,1.0,7.0
second_05_v2,grass,0.84959,0.0,5.0
second_05_v2,spider,0.814276,-0.5,3.0
second_05_v2,spider,0.713052,2.5,1.0
second_05_v2,hound,0.624189,-16.0,0.0
second_05_v2,hound,0.327332,0.5,29.0
second_05_v2,hound,0.181766,-6.5,60.0
second_05_v2,hound,0.127361,-15.5,40.0
second_05_v2,grass,0.891355,0.5,1.0
second_05_v2,sapling,0.886994,-0.5,1.0
second_05_v2,wilson,0.848599,-3.0,7.0
second_05_v2,spider,0.811391,1.0,6.0
second_05_v2,hound,0.743004,-11.0,-6.0
second_05_v2,spider,0.419999,-2.5,5.0
second_05_v2,hound,0.218759,35.0,4.0
second_05_v2,hound,0.172042,-22.0,5.0
second_05_v2,hound,0.133676,-9.0,4.0
second_05_v2,grass,0.88642,2.0,3.0
second_05_v2,wilson,0.875414,1.0,6.0
second_05_v2,spider,0.714297,4.0,4.0
second_05_v2,hound,0.638873,-12.0,16.0
second_05_v2,grass,0.618074,-1.5,1.0
second_05_v2,hound,0.416459,-1.0,19.0
second_05_v2,spider,0.167489,-71.0,23.0
second_05_v2,sapling,0.874306,1.0,3.0
second_05_v2,grass,0.836578,2.0,4.0
second_05_v2,wilson,0.833436,2.5,4.0
second_05_v2,hound,0.729561,3.5,34.0
second_05_v2,hound,0.671366,0.5,7.0
second_05_v2,spider,0.647583,1.5,7.0
second_05_v2,hound,0.107173,9.5,-31.0
second_05_v2,grass,0.897207,1.0,1.0
second_05_v2,sapling,0.892597,2.5,6.0
second_05_v2,hound,0.858601,2.0,-1.0
second_05_v2,grass,0.856181,0.5,4.0
second_05_v2,wilson,0.821866,2.0,10.0
second_05_v2,hound,0.723437,-5.5,-7.0
second_05_v2,spider,0.564424,-3.0,6.0
second_05_v2,grass,0.881613,2.5,-3.0
second_05_v2,sapling,0.863049,-1.0,2.0
second_05_v2,wilson,0.858703,4.0,10.0
second_05_v2,grass,0.855766,1.0,5.0
second_05_v2,hound,0.809754,16.5,3.0
second_05_v2,sapling,0.896141,0.5,4.0
second_05_v2,grass,0.894209,1.5,3.0
second_05_v2,grass,0.870614,3.0,6.0
second_05_v2,wilson,0.864848,1.0,7.0
second_05_v2,hound,0.8185,0.5,0.0
second_05_v2,hound,0.784243,-0.5,-3.0
second_05_v2,grass,0.894804,0.5,2.0
second_05_v2,sapling,0.891878,2.5,2.0
second_05_v2,grass,0.873482,2.0,4.0
second_05_v2,wilson,0.837552,2.0,5.0
second_05_v2,hound,0.796687,2.0,6.0
second_05_v2,hound,0.782772,0.5,0.0
second_05_v2,sapling,0.907719,1.5,4.0
second_05_v2,grass,0.882209,0.5,3.0
second_05_v2,grass,0.876772,0.0,2.0
second_05_v2,wilson,0.840863,0.5,4.0
second_05_v2,hound,0.684931,-7.0,-17.0
second_05_v2,hound,0.576563,2.5,13.0
second_05_v2,hound,0.540951,-7.0,55.0
second_05_v2,hound,0.4049,-6.0,-13.0
second_05_v2,grass,0.894402,0.5,0.0
second_05_v2,sapling,0.890452,-0.5,0.0
second_05_v2,grass,0.86879,0.5,2.0
second_05_v2,wilson,0.833141,-0.5,5.0
second_05_v2,hound,0.764748,0.0,-7.0
second_05_v2,grass,0.880594,1.5,1.0
second_05_v2,grass,0.874108,0.5,3.0
second_05_v2,wilson,0.854127,1.5,3.0
second_05_v2,hound,0.751352,1.0,1.0
second_05_v2,grass,0.887176,0.5,2.0
second_05_v2,sapling,0.867761,1.5,2.0
second_05_v2,wilson,0.857178,-1.5,6.0
second_05_v2,hound,0.671773,0.0,-5.0
second_05_v2,wilson,0.21606,-34.5,-50.0
second_05_v2,grass,0.893913,0.0,3.0
second_05_v2,grass,0.893642,0.0,1.0
second_05_v2,grass,0.883046,1.0,3.0
second_05_v2,wilson,0.842858,-1.5,4.0
second_05_v2,grass,0.881784,0.5,3.0
second_05_v2,grass,0.877021,-0.5,1.0
second_05_v2,grass,0.873824,-0.5,1.0
second_05_v2,grass,0.869659,0.5,4.0
second_05_v2,sapling,0.869657,3.0,4.0
second_05_v2,wilson,0.766575,-3.0,7.0
second_05_v2,grass,0.88962,1.5,1.0
second_05_v2,grass,0.883003,2.0,0.0
second_05_v2,grass,0.877077,0.0,2.0
second_05_v2,wilson,0.840114,1.5,7.0
second_05_v2,grass,0.877924,2.0,0.0
second_05_v2,wilson,0.843079,-1.5,3.0
second_05_v2,wilson,0.877892,-0.5,4.0
second_05_v2,pig_head,0.839766,3.5,2.0
second_05_v2,pig_skin,0.719004,0.5,2.0
second_05_v2,pig_head,0.381427,3.0,9.0
second_05_v2,wilson,0.890521,0.5,0.0
second_05_v2,pig_head,0.839889,3.0,17.0
second_05_v2,pig_skin,0.805346,1.0,5.0
second_05_v2,pig_head,0.77003,3.0,3.0
second_05_v2,wilson,0.849622,-3.0,-1.0
second_05_v2,pig_head,0.814389,2.5,-7.0
second_05_v2,pig_skin,0.80578,2.0,8.0
second_05_v2,pig_head,0.665274,2.5,20.0
second_05_v2,wilson,0.870665,1.5,3.0
second_05_v2,pig_head,0.841209,4.5,3.0
second_05_v2,pig_head,0.828923,4.5,14.0
second_05_v2,wilson,0.85775,0.0,2.0
second_05_v2,pig_head,0.82847,-0.5,9.0
second_05_v2,pig_head,0.780327,4.5,-1.0
second_05_v2,pig_skin,0.763448,0.5,3.0
second_05_v2,pig_skin,0.717784,1.0,-5.0
second_05_v2,wilson,0.87097,-1.5,2.0
second_05_v2,pig_head,0.797028,0.0,2.0
second_05_v2,pig_skin,0.770129,-2.0,1.0
second_05_v2,pig_skin,0.768232,0.0,-1.0
second_05_v2,pig_skin,0.148542,-2.0,0.0
second_05_v2,wilson,0.892768,0.5,3.0
second_05_v2,pig_head,0.805756,2.0,9.0
second_05_v2,pig_skin,0.740669,2.0,2.0
second_05_v2,pig_skin,0.635674,3.5,2.0
second_05_v2,wilson,0.8737,0.0,0.0
second_05_v2,pig_head,0.837658,-1.5,22.0
second_05_v2,pig_head,0.836647,4.0,6.0
second_05_v2,pig_skin,0.765347,0.5,6.0
second_05_v2,pig_skin,0.470548,1.5,8.0
second_05_v2,wilson,0.881266,0.5,2.0
second_05_v2,pig_head,0.840124,0.5,4.0
second_05_v2,pig_head,0.78165,-0.5,2.0
second_05_v2,pig_skin,0.748724,2.0,0.0
second_05_v2,pig_skin,0.607284,-2.0,-2.0
second_05_v2,wilson,0.86174,-1.5,0.0
second_05_v2,pig_head,0.849991,2.5,12.0
second_05_v2,pig_skin,0.748982,4.0,3.0
second_05_v2,wilson,0.87944,-0.5,2.0
second_05_v2,pig_head,0.847908,3.5,5.0
second_05_v2,pig_head,0.828022,4.5,-6.0
second_05_v2,pig_skin,0.591004,1.5,8.0
second_05_v2,pig_skin,0.146146,-3.5,9.0
second_05_v2,wilson,0.890711,-0.5,4.0
second_05_v2,pig_skin,0.780484,-2.0,5.0
second_05_v2,pig_skin,0.751006,9.5,2.0
second_05_v2,pig_head,0.619932,-3.0,0.0
second_05_v2,wilson,0.889838,0.5,5.0
second_05_v2,pig_head,0.835966,2.0,-2.0
second_05_v2,pig_skin,0.752706,5.0,3.0
second_05_v2,pig_skin,0.722654,-3.5,5.0
second_05_v2,wilson,0.877594,-0.5,0.0
second_05_v2,pig_head,0.843578,2.0,5.0
second_05_v2,pig_skin,0.77529,3.5,-1.0
second_05_v2,pig_head,0.76496,-1.5,5.0
second_05_v2,pig_skin,0.740868,7.0,3.0
second_05_v2,wilson,0.880205,-0.5,-1.0
second_05_v2,pig_head,0.802006,2.0,15.0
second_05_v2,pig_skin,0.763477,-1.5,2.0
second_05_v2,pig_skin,0.69672,3.0,3.0
second_05_v2,pig_head,0.437327,3.5,2.0
second_05_v2,wilson,0.856748,-0.5,6.0
second_05_v2,pig_head,0.848042,1.5,-2.0
second_05_v2,pig_skin,0.771784,-3.0,0.0
second_05_v2,pig_skin,0.713916,-3.5,-3.0
second_05_v2,pig_head,0.843224,2.0,1.0
second_05_v2,wilson,0.830075,1.0,-4.0
second_05_v2,pig_head,0.801205,2.0,0.0
second_05_v2,pig_skin,0.797371,1.5,5.0
second_05_v2,pig_skin,0.589892,-1.5,8.0
second_05_v2,wilson,0.876602,2.0,0.0
second_05_v2,pig_head,0.850831,-5.0,8.0
second_05_v2,pig_head,0.812393,1.0,10.0
second_05_v2,pig_skin,0.783382,-3.0,5.0
second_05_v2,wilson,0.861757,0.5,3.0
second_05_v2,pig_head,0.841236,2.0,5.0
second_05_v2,pig_head,0.834269,-3.5,-10.0
second_05_v2,pig_skin,0.804009,1.5,-1.0
second_05_v2,pig_skin,0.413694,-2.0,9.0
second_05_v2,wilson,0.858962,-0.5,3.0
second_05_v2,pig_head,0.830358,3.0,2.0
second_05_v2,pig_head,0.8085,-2.0,11.0
second_05_v2,pig_skin,0.784045,3.5,2.0
second_05_v2,pig_skin,0.730728,4.5,11.0
second_05_v2,wilson,0.868338,0.5,1.0
second_05_v2,pig_head,0.851682,-2.0,0.0
second_05_v2,pig_head,0.811532,2.0,4.0
second_05_v2,pig_skin,0.787835,1.5,-1.0
second_05_v2,wilson,0.872406,0.5,3.0
second_05_v2,pig_head,0.835135,-2.0,6.0
second_05_v2,pig_head,0.83163,-3.0,-2.0
second_05_v2,pig_skin,0.81199,2.5,2.0
second_05_v2,pig_skin,0.380359,11.5,-3.0
second_05_v2,wilson,0.867657,2.5,0.0
second_05_v2,pig_head,0.843846,1.0,16.0
second_05_v2,pig_head,0.820059,-1.0,5.0
second_05_v2,pig_skin,0.796089,-3.0,-1.0
second_05_v2,pig_skin,0.748785,0.5,7.0
second_05_v2,wilson,0.871724,0.5,0.0
second_05_v2,pig_head,0.83971,0.0,8.0
second_05_v2,pig_head,0.821335,1.5,7.0
second_05_v2,pig_skin,0.778276,-1.0,1.0
second_05_v2,pig_skin,0.717777,-2.0,10.0
second_05_v2,wilson,0.892376,1.0,3.0
second_05_v2,pig_head,0.858607,-1.5,0.0
second_05_v2,pig_head,0.832893,4.0,13.0
second_05_v2,pig_skin,0.819541,1.0,1.0
second_05_v2,pig_skin,0.702682,0.0,5.0
second_05_v2,wilson,0.89021,0.5,4.0
second_05_v2,pig_head,0.845416,5.5,13.0
second_05_v2,pig_skin,0.794818,-1.5,6.0
second_05_v2,pig_head,0.634215,0.0,-4.0
second_05_v2,wilson,0.875204,0.5,0.0
second_05_v2,pig_head,0.81919,4.5,1.0
second_05_v2,pig_skin,0.79186,0.0,9.0
second_05_v2,wilson,0.872577,0.0,3.0
second_05_v2,pig_head,0.842617,-2.5,-5.0
second_05_v2,pig_skin,0.776787,1.5,-3.0
second_05_v2,pig_head,0.36676,0.5,-1.0
second_05_v2,wilson,0.870542,0.5,2.0
second_05_v2,pig_head,0.859321,3.5,-4.0
second_05_v2,pig_head,0.856303,1.0,-1.0
second_05_v2,pig_skin,0.79166,1.5,-1.0
second_05_v2,wilson,0.853552,1.0,4.0
second_05_v2,pig_head,0.851546,2.0,10.0
second_05_v2,pig_head,0.815299,0.5,16.0
second_05_v2,pig_skin,0.772738,3.5,1.0
second_05_v2,wilson,0.866433,1.0,4.0
second_05_v2,pig_head,0.846572,5.5,-10.0
second_05_v2,pig_head,0.837202,1.5,0.0
second_05_v2,pig_skin,0.836551,4.0,3.0
second_05_v2,wilson,0.855089,0.5,1.0
second_05_v2,pig_head,0.845172,0.5,7.0
second_05_v2,pig_head,0.840977,-0.5,7.0
second_05_v2,pig_skin,0.779287,-3.5,3.0
second_05_v2,pig_skin,0.703602,-1.5,-2.0
second_05_v2,wilson,0.853883,1.5,2.0
second_05_v2,pig_head,0.818858,1.5,-2.0
second_05_v2,pig_head,0.818277,2.0,-5.0
second_05_v2,pig_skin,0.79012,3.5,-1.0
second_05_v2,pig_skin,0.740082,-4.0,-3.0
second_05_v2,wilson,0.88579,1.0,2.0
second_05_v2,pig_head,0.839924,1.0,0.0
second_05_v2,pig_head,0.836351,1.0,-2.0
second_05_v2,pig_skin,0.770736,2.0,7.0
second_05_v2,wilson,0.888315,2.5,5.0
second_05_v2,pig_head,0.852131,0.0,4.0
second_05_v2,pig_head,0.77548,-1.0,0.0
second_05_v2,pig_skin,0.76942,-0.5,0.0
second_05_v2,wilson,0.887381,2.0,4.0
second_05_v2,pig_head,0.849961,-0.5,2.0
second_05_v2,pig_head,0.814818,0.5,0.0
second_05_v2,pig_skin,0.79463,4.0,1.0
second_05_v2,wilson,0.885051,2.0,5.0
second_05_v2,pig_head,0.822161,-0.5,0.0
second_05_v2,pig_skin,0.773913,1.5,5.0
second_05_v2,wilson,0.873963,1.0,8.0
second_05_v2,pig_head,0.841011,0.0,6.0
second_05_v2,pig_head,0.838516,2.5,8.0
second_05_v2,pig_skin,0.809599,5.5,1.0
second_05_v2,pig_head,0.863366,3.5,11.0
second_05_v2,wilson,0.861713,2.0,3.0
second_05_v2,pig_head,0.845755,0.0,7.0
second_05_v2,pig_skin,0.794624,-1.0,0.0
second_05_v2,wilson,0.870116,-0.5,3.0
second_05_v2,pig_head,0.83335,0.0,2.0
second_05_v2,pig_head,0.816602,1.0,-1.0
second_05_v2,pig_skin,0.797324,0.0,6.0
second_05_v2,pig_skin,0.686838,-6.0,-1.0
second_05_v2,pig_head,0.852393,-2.0,4.0
second_05_v2,wilson,0.83615,0.5,4.0
second_05_v2,pig_head,0.822142,2.5,0.0
second_05_v2,pig_skin,0.805222,-0.5,7.0
second_05_v2,wilson,0.855507,0.5,1.0
second_05_v2,pig_head,0.812601,-1.5,10.0
second_05_v2,pig_skin,0.780646,3.0,0.0
second_05_v2,pig_skin,0.496032,-11.0,1.0
second_05_v2,wilson,0.866829,2.0,3.0
second_05_v2,pig_head,0.842808,2.5,3.0
second_05_v2,pig_skin,0.726754,0.5,-3.0
second_05_v2,pig_skin,0.693838,2.0,2.0
second_05_v2,wilson,0.891186,0.0,7.0
second_05_v2,pig_head,0.852969,1.5,5.0
second_05_v2,pig_skin,0.7963,2.0,0.0
second_05_v2,pig_skin,0.72595,-0.5,8.0
second_05_v2,wilson,0.89613,1.0,4.0
second_05_v2,pig_head,0.848873,0.0,2.0
second_05_v2,pig_skin,0.789399,1.0,4.0
second_05_v2,pig_skin,0.679483,-5.5,1.0
second_05_v2,wilson,0.90503,0.0,3.0
second_05_v2,pig_head,0.86059,3.0,-4.0
second_05_v2,pig_head,0.847353,0.5,19.0
second_05_v2,pig_skin,0.794772,0.5,0.0
second_05_v2,pig_skin,0.740143,2.0,-1.0
second_05_v2,wilson,0.891214,2.0,1.0
second_05_v2,pig_head,0.830116,0.5,6.0
second_05_v2,pig_head,0.82272,-2.5,-17.0
second_05_v2,pig_skin,0.787274,6.0,9.0
second_05_v2,wilson,0.877414,0.5,3.0
second_05_v2,pig_head,0.844493,-0.5,4.0
second_05_v2,pig_skin,0.798147,-0.5,0.0
second_05_v2,wilson,0.860839,2.5,10.0
second_05_v2,pig_head,0.849221,3.0,0.0
second_05_v2,pig_head,0.846427,3.0,5.0
second_05_v2,pig_skin,0.817211,-1.5,7.0
second_05_v2,pig_head,0.877633,2.0,0.0
second_05_v2,wilson,0.83448,0.5,5.0
second_05_v2,pig_head,0.830043,4.5,10.0
second_05_v2,pig_skin,0.822446,-6.5,-4.0
second_05_v2,spider_nest1,0.89923,-1.0,2.0
second_05_v2,berry_bush,0.881632,0.5,1.0
second_05_v2,wilson,0.856977,0.0,3.0
second_05_v2,berry_bush,0.836348,5.0,-1.0
second_05_v2,drumstick,0.832395,0.0,-1.0
second_05_v2,meat,0.79193,4.5,1.0
second_05_v2,rocks,0.781505,1.5,-1.0
second_05_v2,spider_nest2,0.74757,-1.5,-6.0
second_05_v2,berry_bush,0.87686,1.0,0.0
second_05_v2,wilson,0.856985,2.5,5.0
second_05_v2,berry_bush,0.853277,1.0,-1.0
second_05_v2,meat,0.842056,-2.0,3.0
second_05_v2,spider_nest1,0.836581,-0.5,-1.0
second_05_v2,drumstick,0.824039,1.5,2.0
second_05_v2,rocks,0.775884,-0.5,0.0
second_05_v2,spider_nest2,0.7483,-2.0,6.0
second_05_v2,spider_nest1,0.901683,2.5,0.0
second_05_v2,berry_bush,0.881281,1.5,2.0
second_05_v2,wilson,0.87904,2.5,-2.0
second_05_v2,meat,0.818662,2.5,0.0
second_05_v2,spider_nest2,0.735637,-3.5,1.0
second_05_v2,berry_bush,0.89826,0.5,2.0
second_05_v2,spider_nest1,0.894348,1.0,4.0
second_05_v2,wilson,0.880642,3.0,2.0
second_05_v2,meat,0.819827,-1.0,4.0
second_05_v2,spider_nest2,0.737547,-1.5,0.0
second_05_v2,berry_bush,0.890921,1.0,2.0
second_05_v2,wilson,0.888319,-0.5,2.0
second_05_v2,spider_nest1,0.867164,1.5,1.0
second_05_v2,meat,0.811204,3.0,-1.0
second_05_v2,spider_nest2,0.728352,2.5,12.0
second_05_v2,spider_nest1,0.889781,0.5,1.0
second_05_v2,berry_bush,0.880459,-0.5,3.0
second_05_v2,wilson,0.870301,0.0,4.0
second_05_v2,meat,0.788708,1.5,5.0
second_05_v2,spider_nest2,0.749031,1.5,2.0
second_05_v2,spider_nest1,0.904991,1.5,-1.0
second_05_v2,wilson,0.886182,0.5,6.0
second_05_v2,berry_bush,0.879715,1.0,0.0
second_05_v2,meat,0.804978,1.0,5.0
second_05_v2,spider_nest2,0.704861,1.5,5.0
second_05_v2,spider_nest1,0.91564,2.0,4.0
second_05_v2,wilson,0.885832,-0.5,2.0
second_05_v2,meat,0.806976,-2.5,6.0
second_05_v2,rocks,0.785374,3.0,3.0
second_05_v2,spider_nest2,0.751179,-1.0,-2.0
second_05_v2,drumstick,0.284851,-2.0,5.0
second_05_v2,spider_nest1,0.873568,1.5,3.0
second_05_v2,wilson,0.834565,2.0,2.0
second_05_v2,berry_bush,0.784197,5.0,1.0
second_05_v2,rocks,0.775538,-2.0,5.0
second_05_v2,spider_nest2,0.332927,1.0,7.0
second_05_v2,spider_nest2,0.910653,0.5,2.0
second_05_v2,wilson,0.884624,1.5,5.0
second_05_v2,rocks,0.825082,0.0,11.0
second_05_v2,spider_nest2,0.910084,-2.0,0.0
second_05_v2,wilson,0.886171,2.5,2.0
second_05_v2,rocks,0.813459,2.5,3.0
second_05_v2,spider_nest1,0.778778,-0.5,2.0
second_05_v2,wilson,0.870721,-0.5,2.0
second_05_v2,spider_nest3,0.861088,-1.0,-4.0
second_05_v2,rocks,0.817607,2.0,8.0
second_05_v2,meat,0.813251,2.0,8.0
second_05_v2,berry_bush,0.786952,-2.0,-8.0
second_05_v2,spider_nest3,0.860924,0.0,-1.0
second_05_v2,wilson,0.845108,0.5,7.0
second_05_v2,berry_bush,0.83953,1.5,-8.0
second_05_v2,rocks,0.833593,0.0,3.0
second_05_v2,meat,0.815037,0.5,3.0
second_05_v2,drumstick,0.120898,1.0,3.0
second_05_v2,spider_nest3,0.868919,3.5,0.0
second_05_v2,wilson,0.86339,2.0,1.0
second_05_v2,berry_bush,0.861135,1.5,-8.0
second_05_v2,berry_bush,0.854338,0.5,5.0
second_05_v2,spider_nest2,0.829036,-3.0,4.0
second_05_v2,drumstick,0.813205,0.5,-4.0
second_05_v2,rocks,0.751046,-0.5,6.0
second_05_v2,wilson,0.893977,0.5,4.0
second_05_v2,spider_nest3,0.878263,1.0,-2.0
second_05_v2,berry_bush,0.870987,0.0,2.0
second_05_v2,spider_nest1,0.861907,2.5,2.0
second_05_v2,spider_nest2,0.855104,-1.5,3.0
second_05_v2,berry_bush,0.831472,4.0,-1.0
second_05_v2,drumstick,0.811769,3.0,2.0
second_05_v2,rocks,0.777166,-4.0,3.0
second_05_v2,wilson,0.883134,0.5,0.0
second_05_v2,berry_bush,0.850528,5.0,-3.0
second_05_v2,meat,0.845216,-0.5,0.0
second_05_v2,berry_bush,0.844502,0.0,1.0
second_05_v2,spider_nest1,0.114384,-3.5,-4.0
second_05_v2,wilson,0.879247,0.5,4.0
second_05_v2,berry_bush,0.865369,2.5,0.0
second_05_v2,berry_bush,0.855345,-0.5,-1.0
second_05_v2,spider_nest1,0.843904,3.0,4.0
second_05_v2,meat,0.837061,1.0,2.0
second_05_v2,wilson,0.886722,1.0,2.0
second_05_v2,spider_nest1,0.885632,2.5,1.0
second_05_v2,berry_bush,0.869743,1.0,-2.0
second_05_v2,berry_bush,0.875812,0.5,2.0
second_05_v2,wilson,0.870041,2.0,1.0
second_05_v2,spider_nest1,0.784734,1.5,3.0
second_05_v2,wilson,0.879713,0.0,4.0
second_05_v2,spider_nest1,0.446987,-3.0,-4.0
second_05_v2,wilson,0.866654,0.0,1.0
second_05_v2,spider_nest1,0.177864,-3.0,0.0
second_05_v2,wilson,0.873916,1.5,3.0
second_05_v2,wilson,0.87455,0.5,5.0
second_05_v2,wilson,0.864972,0.5,1.0
second_05_v2,spider_nest1,0.926752,0.5,4.0
second_05_v2,wilson,0.892537,0.0,4.0
second_05_v2,meat,0.806737,-1.5,1.0
second_05_v2,berry_bush,0.763144,2.5,3.0
second_05_v2,spider_nest2,0.7436,5.0,7.0
second_05_v2,spider_nest1,0.89449,2.5,4.0
second_05_v2,berry_bush,0.885368,0.5,1.0
second_05_v2,wilson,0.876708,0.5,4.0
second_05_v2,berry_bush,0.821014,2.0,-9.0
second_05_v2,rocks,0.81701,2.5,5.0
second_05_v2,meat,0.81419,2.0,3.0
second_05_v2,spider_nest2,0.748332,0.5,2.0
second_05_v2,spider_nest3,0.60058,1.5,7.0
second_05_v2,spider_nest1,0.894792,1.0,0.0
second_05_v2,berry_bush,0.88914,1.0,1.0
second_05_v2,wilson,0.881302,1.0,5.0
second_05_v2,meat,0.824532,-2.0,2.0
second_05_v2,berry_bush,0.813189,3.0,-2.0
second_05_v2,drumstick,0.788251,0.0,-2.0
second_05_v2,rocks,0.779562,3.0,6.0
second_05_v2,spider_nest2,0.750476,4.5,2.0
second_05_v2,berry_bush,0.886273,1.5,0.0
second_05_v2,wilson,0.877298,2.0,1.0
second_05_v2,spider_nest1,0.861775,1.5,2.0
second_05_v2,meat,0.810685,1.0,4.0
second_05_v2,drumstick,0.807909,1.0,1.0
second_05_v2,berry_bush,0.382398,-2.5,14.0
second_05_v2,spider_nest1,0.906673,1.5,0.0
second_05_v2,wilson,0.899684,1.0,2.0
second_05_v2,berry_bush,0.869678,1.0,2.0
second_05_v2,spider_nest2,0.86084,0.0,2.0
second_05_v2,berry_bush,0.82827,0.0,-10.0
second_05_v2,drumstick,0.81651,3.0,2.0
second_05_v2,rocks,0.773614,-1.5,1.0
second_05_v2,meat,0.761808,2.0,4.0
second_05_v2,wilson,0.898702,1.5,4.0
second_05_v2,spider_nest1,0.896042,1.5,2.0
second_05_v2,berry_bush,0.882241,0.5,1.0
second_05_v2,spider_nest3,0.861755,-4.0,0.0
second_05_v2,berry_bush,0.828885,-4.0,-8.0
second_05_v2,meat,0.817225,0.0,2.0
second_05_v2,spider_nest2,0.79921,0.5,3.0
second_05_v2,drumstick,0.781961,0.0,2.0
second_05_v2,rocks,0.776796,3.5,-3.0
second_05_v2,rocks,0.348232,-41.5,-31.0
second_05_v2,wilson,0.856763,2.5,4.0
second_05_v2,spider_nest3,0.843857,0.5,4.0
second_05_v2,berry_bush,0.8424,0.5,1.0
second_05_v2,berry_bush,0.80042,3.0,3.0
second_05_v2,meat,0.795712,1.0,3.0
second_05_v2,drumstick,0.793159,0.0,-5.0
second_05_v2,rocks,0.772299,0.5,7.0
second_05_v2,spider_nest1,0.760173,3.0,3.0
second_05_v2,spider_nest1,0.881192,1.0,4.0
second_05_v2,berry_bush,0.872146,-1.5,2.0
second_05_v2,wilson,0.864772,2.5,2.0
second_05_v2,spider_nest3,0.860536,-5.0,-1.0
second_05_v2,berry_bush,0.831553,1.5,5.0
second_05_v2,drumstick,0.807001,-1.5,-2.0
second_05_v2,rocks,0.787078,1.5,1.0
second_05_v2,meat,0.759504,-1.5,-1.0
second_05_v2,wilson,0.867005,-0.5,3.0
second_05_v2,spider_nest3,0.85764,-4.0,-2.0
second_05_v2,berry_bush,0.852025,2.5,0.0
second_05_v2,berry_bush,0.837252,-1.5,-2.0
second_05_v2,spider_nest1,0.820131,0.5,0.0
second_05_v2,meat,0.812519,-1.5,1.0
second_05_v2,drumstick,0.784561,0.0,6.0
second_05_v2,rocks,0.765144,-1.5,4.0
second_05_v2,spider_nest3,0.863692,-5.5,1.0
second_05_v2,wilson,0.85288,1.0,7.0
second_05_v2,berry_bush,0.850099,7.5,-7.0
second_05_v2,spider_nest1,0.843495,2.5,-2.0
second_05_v2,berry_bush,0.835789,2.5,1.0
second_05_v2,meat,0.827756,-0.5,-1.0
second_05_v2,drumstick,0.805748,-0.5,-3.0
second_05_v2,rocks,0.74226,-0.5,4.0
second_05_v2,spider_nest3,0.882359,3.0,1.0
second_05_v2,wilson,0.879966,1.0,0.0
second_05_v2,berry_bush,0.850623,-0.5,0.0
second_05_v2,berry_bush,0.834922,4.5,1.0
second_05_v2,drumstick,0.817111,2.5,3.0
second_05_v2,rocks,0.807914,0.0,2.0
second_05_v2,spider_nest1,0.783992,0.5,3.0
second_05_v2,wilson,0.874697,2.0,2.0
second_05_v2,spider_nest3,0.870111,-1.5,2.0
second_05_v2,berry_bush,0.866437,-0.5,-1.0
second_05_v2,spider_nest1,0.844044,3.5,2.0
second_05_v2,berry_bush,0.815902,-0.5,-5.0
second_05_v2,drumstick,0.810675,1.5,-7.0
second_05_v2,rocks,0.785598,-0.5,5.0
second_05_v2,wilson,0.895382,3.0,1.0
second_05_v2,berry_bush,0.877957,0.5,3.0
second_05_v2,meat,0.828479,2.0,2.0
second_05_v2,spider_nest3,0.807989,-5.5,-4.0
second_05_v2,berry_bush,0.531294,6.0,12.0
second_05_v2,berry_bush,0.868031,-1.5,-2.0
second_05_v2,wilson,0.857042,1.5,3.0
second_05_v2,spider_nest3,0.855473,-2.0,2.0
second_05_v2,drumstick,0.833985,0.0,11.0
second_05_v2,meat,0.8274,0.0,0.0
second_05_v2,berry_bush,0.634513,-1.0,-7.0
second_05_v2,berry_bush,0.893775,0.5,2.0
second_05_v2,wilson,0.870986,2.5,2.0
second_05_v2,spider_nest3,0.866295,0.5,-2.0
second_05_v2,meat,0.825778,1.5,2.0
second_05_v2,berry_bush,0.751932,-6.0,-14.0
second_05_v2,drumstick,0.654135,-0.5,-1.0
second_05_v2,spider_nest3,0.887623,2.5,-4.0
second_05_v2,wilson,0.87777,-0.5,1.0
second_05_v2,berry_bush,0.852517,0.5,-1.0
second_05_v2,berry_bush,0.804018,2.5,2.0
second_05_v2,spider_nest1,0.797594,0.0,2.0
second_05_v2,meat,0.785949,3.5,0.0
second_05_v2,drumstick,0.77806,1.0,-2.0
second_05_v2,rocks,0.579295,0.5,2.0
second_05_v2,wilson,0.879022,0.5,1.0
second_05_v2,spider_nest3,0.873663,-2.5,-2.0
second_05_v2,berry_bush,0.870494,-1.0,2.0
second_05_v2,spider_nest1,0.862673,-0.5,3.0
second_05_v2,berry_bush,0.858989,0.5,2.0
second_05_v2,meat,0.834412,2.0,1.0
second_05_v2,drumstick,0.775513,1.0,-3.0
second_05_v2,rocks,0.775292,1.0,8.0
second_05_v2,spider_nest1,0.908321,0.5,2.0
second_05_v2,wilson,0.891892,1.5,-1.0
second_05_v2,spider_nest3,0.872689,-4.0,4.0
second_05_v2,berry_bush,0.850939,2.0,3.0
second_05_v2,meat,0.821019,2.0,6.0
second_05_v2,drumstick,0.809639,1.5,-4.0
second_05_v2,rocks,0.796629,0.5,3.0
second_05_v2,berry_bush,0.794824,-1.5,-5.0
second_05_v2,spider_nest2,0.390112,2.0,-9.0
second_05_v2,berry_bush,0.877044,0.0,1.0
second_05_v2,spider_nest1,0.875891,-0.5,1.0
second_05_v2,wilson,0.868404,0.0,1.0
second_05_v2,spider_nest2,0.825235,4.0,1.0
second_05_v2,drumstick,0.798644,0.0,-2.0
second_05_v2,berry_bush,0.798466,2.5,3.0
second_05_v2,rocks,0.793111,1.5,4.0
second_05_v2,meat,0.760709,2.0,0.0
second_05_v2,spider_nest3,0.592308,4.0,3.0
second_05_v2,wilson,0.882852,1.5,0.0
second_05_v2,berry_bush,0.86064,2.0,-1.0
second_05_v2,spider_nest1,0.857285,-1.0,2.0
second_05_v2,berry_bush,0.839569,1.5,-2.0
second_05_v2,drumstick,0.818744,-0.5,1.0
second_05_v2,meat,0.794261,2.0,1.0
second_05_v2,rocks,0.748559,-0.5,5.0
second_05_v2,spider_nest2,0.73236,-1.5,4.0
second_05_v2,spider_nest3,0.723291,2.0,2.0
second_05_v2,wilson,0.892749,0.5,6.0
second_05_v2,spider_nest3,0.871103,-2.5,-3.0
second_05_v2,berry_bush,0.868628,-0.5,1.0
second_05_v2,meat,0.828023,2.5,0.0
second_05_v2,berry_bush,0.817183,4.5,0.0
second_05_v2,spider_nest1,0.798465,3.0,8.0
second_05_v2,drumstick,0.796741,0.0,10.0
second_05_v2,rocks,0.775754,2.0,3.0
second_05_v2,wilson,0.862746,0.5,1.0
second_05_v2,meat,0.849213,1.5,2.0
second_05_v2,berry_bush,0.840604,-3.0,-6.0
second_05_v2,spider_nest3,0.829954,1.0,-7.0
second_05_v2,rocks,0.814245,0.5,7.0
second_05_v2,drumstick,0.797707,4.0,7.0
second_05_v2,wilson,0.888497,1.5,4.0
second_05_v2,berry_bush,0.873514,-0.5,0.0
second_05_v2,spider_nest2,0.868391,1.0,3.0
second_05_v2,meat,0.846549,4.0,6.0
second_05_v2,spider_nest3,0.838217,4.0,1.0
second_05_v2,drumstick,0.833891,5.0,-1.0
second_05_v2,berry_bush,0.807423,-4.0,-10.0
second_05_v2,rocks,0.757596,-5.0,2.0
second_05_v2,berry_bush,0.877118,0.5,5.0
second_05_v2,wilson,0.859116,1.0,2.0
second_05_v2,meat,0.84219,0.0,1.0
second_05_v2,berry_bush,0.834368,2.0,-9.0
second_05_v2,spider_nest3,0.821026,1.0,1.0
second_05_v2,drumstick,0.798779,3.0,4.0
second_05_v2,wilson,0.863452,2.0,3.0
second_05_v2,berry_bush,0.857761,1.0,-7.0
second_05_v2,spider_nest3,0.8477,2.0,0.0
second_05_v2,spider_nest1,0.846988,1.5,3.0
second_05_v2,meat,0.80389,1.5,1.0
second_05_v2,wilson,0.893876,0.0,3.0
second_05_v2,berry_bush,0.86773,2.0,2.0
second_05_v2,spider_nest3,0.867031,4.0,-1.0
second_05_v2,meat,0.847542,0.0,1.0
second_05_v2,berry_bush,0.819079,4.0,-8.0
second_05_v2,rocks,0.78768,0.5,6.0
second_05_v2,drumstick,0.784953,0.5,6.0
second_05_v2,wilson,0.87988,0.5,1.0
second_05_v2,spider_nest3,0.862666,1.0,4.0
second_05_v2,rocks,0.83227,2.5,6.0
second_05_v2,berry_bush,0.816574,2.5,-3.0
second_05_v2,meat,0.814467,-0.5,3.0
second_05_v2,drumstick,0.747875,-0.5,10.0
second_05_v2,wilson,0.879014,1.0,3.0
second_05_v2,spider_nest3,0.868012,-7.5,2.0
second_05_v2,rocks,0.825832,-0.5,6.0
second_05_v2,meat,0.823177,-3.0,1.0
second_05_v2,berry_bush,0.821247,-5.5,-12.0
second_05_v2,wilson,0.880733,0.5,3.0
second_05_v2,spider_nest3,0.865455,2.5,-1.0
second_05_v2,berry_bush,0.794396,-2.0,-8.0
second_05_v2,meat,0.776519,0.5,-1.0
second_05_v2,rocks,0.775305,0.5,4.0
second_05_v2,berry_bush,0.158429,-4.0,1.0
second_05_v2,spider_nest3,0.880531,-2.5,1.0
second_05_v2,spider_nest2,0.878669,-0.5,3.0
second_05_v2,wilson,0.870361,0.0,3.0
second_05_v2,rocks,0.797708,0.0,0.0
second_05_v2,meat,0.651779,0.5,3.0
second_05_v2,drumstick,0.417152,2.5,0.0
second_05_v2,spider_nest3,0.873746,-2.0,2.0
second_05_v2,spider_nest2,0.867216,-0.5,-1.0
second_05_v2,wilson,0.864382,-1.0,2.0
second_05_v2,drumstick,0.820251,-1.0,3.0
second_05_v2,rocks,0.814242,-0.5,5.0
second_05_v2,meat,0.802314,-3.0,8.0
second_05_v2,spider_nest2,0.892739,-1.5,0.0
second_05_v2,spider_nest3,0.875758,0.0,3.0
second_05_v2,wilson,0.862309,-0.5,6.0
second_05_v2,rocks,0.768384,1.5,2.0
second_05_v2,meat,0.63785,5.5,5.0
second_05_v2,drumstick,0.549397,-1.0,4.0
second_05_v2,wilson,0.87707,3.0,3.0
second_05_v2,spider_nest2,0.864849,6.0,-2.0
second_05_v2,spider_nest1,0.851647,0.5,1.0
second_05_v2,spider_nest3,0.808293,2.5,1.0
second_05_v2,rocks,0.79246,1.0,-3.0
second_05_v2,berry_bush,0.757188,3.5,3.0
second_05_v2,spider_nest2,0.87314,2.5,4.0
second_05_v2,wilson,0.870559,1.0,5.0
second_05_v2,rocks,0.839196,-3.0,0.0
second_05_v2,spider_nest2,0.919378,1.5,1.0
second_05_v2,wilson,0.887509,1.5,0.0
second_05_v2,rocks,0.814372,-0.5,5.0
second_05_v2,spider_nest2,0.895036,-2.0,2.0
second_05_v2,wilson,0.885862,1.5,4.0
second_05_v2,rocks,0.815654,3.5,3.0
second_05_v2,spider_nest2,0.901259,2.5,1.0
second_05_v2,wilson,0.879336,-0.5,2.0
second_05_v2,spider_nest1,0.871283,1.5,1.0
second_05_v2,rocks,0.824899,2.5,2.0
second_05_v2,berry_bush,0.732314,6.0,-1.0
second_05_v2,spider_nest1,0.872885,1.5,1.0
second_05_v2,wilson,0.870317,1.0,1.0
second_05_v2,spider_nest2,0.866756,1.5,1.0
second_05_v2,rocks,0.843926,0.5,1.0
second_05_v2,berry_bush,0.792878,4.0,7.0
second_05_v2,spider_nest1,0.914377,1.5,0.0
second_05_v2,wilson,0.880063,1.5,1.0
second_05_v2,rocks,0.81334,1.5,1.0
second_05_v2,meat,0.811343,0.5,5.0
second_05_v2,spider_nest2,0.738865,-3.5,-4.0
second_05_v2,spider_nest1,0.911501,0.5,2.0
second_05_v2,wilson,0.85822,0.5,5.0
second_05_v2,rocks,0.821275,0.5,7.0
second_05_v2,meat,0.817063,2.5,8.0
second_05_v2,spider_nest2,0.758803,7.5,6.0
second_05_v2,drumstick,0.684963,3.5,2.0
second_05_v2,berry_bush,0.878625,1.0,3.0
second_05_v2,wilson,0.870678,-0.5,2.0
second_05_v2,meat,0.82003,-0.5,1.0
second_05_v2,drumstick,0.764799,0.5,6.0
second_05_v2,spider_nest1,0.758492,1.5,2.0
second_05_v2,spider_nest2,0.888669,1.5,5.0
second_05_v2,spider_nest1,0.884157,2.5,1.0
second_05_v2,berry_bush,0.866526,-1.0,1.0
second_05_v2,wilson,0.858424,-1.0,2.0
second_05_v2,berry_bush,0.826506,3.5,9.0
second_05_v2,rocks,0.799314,2.0,5.0
second_05_v2,drumstick,0.791488,1.0,6.0
second_05_v2,meat,0.716137,0.0,-5.0
second_05_v2,spider_nest3,0.682218,10.0,-2.0
second_05_v2,spider_nest1,0.903226,0.5,3.0
second_05_v2,wilson,0.884494,1.5,10.0
second_05_v2,berry_bush,0.865118,-0.5,1.0
second_05_v2,spider_nest2,0.843848,-3.0,6.0
second_05_v2,spider_nest3,0.831778,9.0,-2.0
second_05_v2,drumstick,0.815181,0.5,-5.0
second_05_v2,rocks,0.781552,1.5,6.0
second_05_v2,meat,0.740615,1.0,3.0
second_05_v2,berry_bush,0.726551,-3.5,-3.0
second_05_v2,spider_nest1,0.914362,1.5,2.0
second_05_v2,spider_nest2,0.886646,0.0,5.0
second_05_v2,berry_bush,0.880193,0.5,0.0
second_05_v2,wilson,0.871915,1.0,0.0
second_05_v2,meat,0.848046,2.0,9.0
second_05_v2,spider_nest3,0.809387,5.0,6.0
second_05_v2,drumstick,0.806507,1.0,3.0
second_05_v2,berry_bush,0.800128,-1.0,-3.0
second_05_v2,rocks,0.796133,-1.0,5.0
second_05_v2,spider_nest1,0.881752,1.0,0.0
second_05_v2,spider_nest2,0.88065,0.0,3.0
second_05_v2,wilson,0.874642,1.5,3.0
second_05_v2,berry_bush,0.85344,0.5,3.0
second_05_v2,drumstick,0.820325,2.5,-4.0
second_05_v2,spider_nest3,0.815305,4.5,-3.0
second_05_v2,rocks,0.788001,0.5,5.0
second_05_v2,berry_bush,0.774984,-6.5,6.0
second_05_v2,meat,0.602269,0.0,2.0
second_05_v2,spider_nest1,0.898752,1.5,1.0
second_05_v2,wilson,0.867871,0.0,3.0
second_05_v2,berry_bush,0.854888,-0.5,-1.0
second_05_v2,spider_nest2,0.849702,-1.5,2.0
second_05_v2,meat,0.833274,0.5,-1.0
second_05_v2,drumstick,0.808406,2.0,1.0
second_05_v2,berry_bush,0.794927,-0.5,0.0
second_05_v2,spider_nest3,0.784186,6.5,-1.0
second_05_v2,rocks,0.765065,-1.0,2.0
second_05_v2,spider_nest1,0.901786,2.5,1.0
second_05_v2,spider_nest2,0.895899,-1.5,3.0
second_05_v2,wilson,0.866526,0.0,3.0
second_05_v2,berry_bush,0.85385,-0.5,0.0
second_05_v2,meat,0.830191,0.5,-1.0
second_05_v2,drumstick,0.801246,2.5,3.0
second_05_v2,berry_bush,0.787895,-2.0,1.0
second_05_v2,rocks,0.778628,-1.5,1.0
second_05_v2,spider_nest3,0.692194,10.0,0.0
second_05_v2,spider_warrior,0.873152,2.5,3.0
second_05_v2,wilson,0.867259,4.5,3.0
second_05_v2,spider_warrior,0.81377,0.0,-8.0
second_05_v2,frog,0.805678,-0.5,11.0
second_05_v2,tallbird,0.467124,4.0,-14.0
second_05_v2,frog,0.854172,1.5,2.0
second_05_v2,spider_warrior,0.851308,1.5,5.0
second_05_v2,wilson,0.850924,1.5,4.0
second_05_v2,spider_warrior,0.849292,5.0,4.0
second_05_v2,tallbird,0.725423,-1.0,13.0
second_05_v2,wilson,0.858,-2.0,5.0
second_05_v2,spider_warrior,0.852526,0.5,2.0
second_05_v2,spider_warrior,0.83338,-3.5,1.0
second_05_v2,frog,0.824572,-2.0,7.0
second_05_v2,tallbird,0.818466,-4.5,2.0
second_05_v2,frog,0.793868,1.0,1.0
second_05_v2,wilson,0.874158,1.5,5.0
second_05_v2,tallbird,0.860322,3.5,2.0
second_05_v2,frog,0.783383,-0.5,5.0
second_05_v2,spider_warrior,0.771514,-4.0,9.0
second_05_v2,frog,0.63226,-1.0,4.0
second_05_v2,wilson,0.849428,-6.0,3.0
second_05_v2,tallbird,0.847391,5.5,10.0
second_05_v2,frog,0.829516,1.0,3.0
second_05_v2,spider_warrior,0.819679,-5.0,7.0
second_05_v2,frog,0.813465,2.5,5.0
second_05_v2,wilson,0.848806,5.0,3.0
second_05_v2,spider_warrior,0.804404,1.0,7.0
second_05_v2,frog,0.732732,1.0,-1.0
second_05_v2,frog,0.505339,-1.0,2.0
second_05_v2,wilson,0.848427,-1.5,0.0
second_05_v2,frog,0.823397,1.5,-1.0
second_05_v2,spider_warrior,0.78236,-3.0,7.0
second_05_v2,frog,0.761227,-0.5,6.0
second_05_v2,wilson,0.865572,0.0,8.0
second_05_v2,frog,0.821472,0.5,4.0
second_05_v2,frog,0.812886,3.0,2.0
second_05_v2,spider_warrior,0.794489,2.5,8.0
second_05_v2,wilson,0.856707,-0.5,9.0
second_05_v2,tallbird,0.838191,1.0,3.0
second_05_v2,frog,0.837397,-0.5,2.0
second_05_v2,spider_warrior,0.804258,-1.0,0.0
second_05_v2,frog,0.75271,1.0,2.0
second_05_v2,spider_warrior,0.751719,-4.0,2.0
second_05_v2,wilson,0.874604,-6.0,3.0
second_05_v2,frog,0.826293,0.0,6.0
second_05_v2,frog,0.818037,1.5,-3.0
second_05_v2,tallbird,0.796978,0.5,6.0
second_05_v2,spider_warrior,0.795965,-1.5,-2.0
second_05_v2,spider_warrior,0.78929,-2.0,-1.0
second_05_v2,wilson,0.866153,-1.5,3.0
second_05_v2,frog,0.821536,1.0,9.0
second_05_v2,spider_warrior,0.818476,0.0,5.0
second_05_v2,tallbird,0.803889,-1.5,2.0
second_05_v2,spider_warrior,0.65884,3.0,8.0
second_05_v2,frog,0.60524,-1.5,3.0
second_05_v2,wilson,0.870276,-0.5,7.0
second_05_v2,tallbird,0.799876,-1.5,5.0
second_05_v2,spider_warrior,0.775963,-6.5,27.0
second_05_v2,frog,0.765829,-4.0,5.0
second_05_v2,frog,0.689701,0.0,6.0
second_05_v2,wilson,0.875633,3.0,5.0
second_05_v2,spider_warrior,0.856577,2.0,6.0
second_05_v2,frog,0.331393,4.0,-1.0
second_05_v2,wilson,0.855965,0.5,2.0
second_05_v2,tallbird,0.82403,7.0,3.0
second_05_v2,frog,0.819827,1.5,0.0
second_05_v2,spider_warrior,0.796979,-9.5,1.0
second_05_v2,wilson,0.878629,0.5,4.0
second_05_v2,spider_warrior,0.860072,-1.5,-2.0
second_05_v2,tallbird,0.838462,2.0,5.0
second_05_v2,frog,0.825291,1.5,5.0
second_05_v2,frog,0.696011,-1.0,1.0
second_05_v2,wilson,0.881403,-1.0,-4.0
second_05_v2,spider_warrior,0.851582,4.5,3.0
second_05_v2,tallbird,0.838749,0.0,8.0
second_05_v2,frog,0.648565,0.0,0.0
second_05_v2,spider_warrior,0.28379,18.5,10.0
second_05_v2,wilson,0.882484,0.5,-6.0
second_05_v2,tallbird,0.833064,8.0,1.0
second_05_v2,spider_warrior,0.782188,1.5,3.0
second_05_v2,frog,0.749094,-0.5,7.0
second_05_v2,wilson,0.876312,5.5,0.0
second_05_v2,tallbird,0.793741,-2.5,55.0
second_05_v2,frog,0.739596,1.5,4.0
second_05_v2,spider_warrior,0.637606,-0.5,0.0
second_05_v2,wilson,0.872668,3.0,7.0
second_05_v2,tallbird,0.598074,1.0,0.0
second_05_v2,wilson,0.863935,-0.5,5.0
second_05_v2,tallbird,0.799121,-2.5,2.0
second_05_v2,spider_warrior,0.713578,-2.5,5.0
second_05_v2,spider_warrior,0.178173,9.5,-5.0
second_05_v2,wilson,0.871682,1.5,1.0
second_05_v2,tallbird,0.80732,7.0,-5.0
second_05_v2,spider_warrior,0.525303,2.5,9.0
second_05_v2,wilson,0.876842,1.5,2.0
second_05_v2,tallbird,0.824272,-5.0,5.0
second_05_v2,wilson,0.880343,-2.5,6.0
second_05_v2,tallbird,0.853087,1.0,-3.0
second_05_v2,spider_warrior,0.83999,1.5,1.0
second_05_v2,frog,0.264044,-0.5,2.0
second_05_v2,spider_warrior,0.818199,-1.5,-1.0
second_05_v2,tallbird,0.81429,2.0,8.0
second_05_v2,frog,0.726023,-3.5,2.0
second_05_v2,wilson,0.875929,-2.5,2.0
second_05_v2,spider_warrior,0.809264,4.0,6.0
second_05_v2,tallbird,0.787841,0.5,6.0
second_05_v2,wilson,0.860036,-2.0,-3.0
second_05_v2,tallbird,0.84829,1.0,1.0
second_05_v2,spider_warrior,0.828004,-1.5,4.0
second_05_v2,frog,0.783065,-1.5,5.0
second_05_v2,wilson,0.877666,3.0,6.0
second_05_v2,tallbird,0.846616,2.5,4.0
second_05_v2,frog,0.84004,1.5,5.0
second_05_v2,spider_warrior,0.80648,3.0,5.0
second_05_v2,tallbird,0.861904,5.0,3.0
second_05_v2,wilson,0.84734,5.5,16.0
second_05_v2,frog,0.832414,0.0,5.0
second_05_v2,spider_warrior,0.740082,9.0,-1.0
second_05_v2,wilson,0.867865,0.0,-1.0
second_05_v2,tallbird,0.757467,1.5,-6.0
second_05_v2,wilson,0.85816,-1.0,-7.0
second_05_v2,tallbird,0.849551,-5.0,8.0
second_05_v2,frog,0.791477,0.5,2.0
second_05_v2,spider_warrior,0.677308,0.0,14.0
second_05_v2,spider_warrior,0.29794,0.0,43.0
second_05_v2,wilson,0.854396,-1.0,6.0
second_05_v2,tallbird,0.848789,-1.5,8.0
second_05_v2,frog,0.819247,1.0,-2.0
second_05_v2,spider_warrior,0.801464,0.5,0.0
second_05_v2,wilson,0.896195,3.5,-13.0
second_05_v2,frog,0.835525,2.0,-2.0
second_05_v2,spider_warrior,0.818618,-1.0,3.0
second_05_v2,tallbird,0.811523,-9.0,1.0
second_05_v2,wilson,0.878207,2.5,2.0
second_05_v2,spider_warrior,0.861921,3.5,-2.0
second_05_v2,tallbird,0.851587,2.0,12.0
second_05_v2,frog,0.825723,-1.5,2.0
second_05_v2,wilson,0.867178,-1.0,-7.0
second_05_v2,tallbird,0.805099,3.0,5.0
second_05_v2,spider_warrior,0.785853,7.0,-9.0
second_05_v2,tallbird,0.881992,10.0,0.0
second_05_v2,wilson,0.879636,1.5,0.0
second_05_v2,spider_warrior,0.804144,-1.5,-3.0
second_05_v2,frog,0.72902,0.5,3.0
second_05_v2,wilson,0.857624,3.0,5.0
second_05_v2,frog,0.831991,4.0,1.0
second_05_v2,spider_warrior,0.810286,2.5,2.0
second_05_v2,tallbird,0.754764,10.0,-6.0
second_05_v2,tallbird,0.564647,50.0,0.0
second_05_v2,tallbird,0.269204,5.0,-8.0
second_05_v2,tallbird,0.143721,-31.0,-22.0
second_05_v2,wilson,0.862084,-1.5,1.0
second_05_v2,spider_warrior,0.820728,4.0,2.0
second_05_v2,tallbird,0.818396,4.5,-4.0
second_05_v2,wilson,0.871958,0.0,1.0
second_05_v2,frog,0.808708,-1.5,5.0
second_05_v2,spider_warrior,0.768074,1.0,4.0
second_05_v2,tallbird,0.761047,0.5,-11.0
second_05_v2,wilson,0.88154,1.5,1.0
second_05_v2,spider_warrior,0.82567,6.5,-3.0
second_05_v2,tallbird,0.821015,-7.5,1.0
second_05_v2,frog,0.28161,1.5,-2.0
second_05_v2,wilson,0.853523,1.0,6.0
second_05_v2,spider_warrior,0.792358,-4.0,2.0
second_05_v2,frog,0.781451,3.0,-2.0
second_05_v2,tallbird,0.777368,1.0,15.0
second_05_v2,wilson,0.848112,1.0,-7.0
second_05_v2,tallbird,0.835964,2.5,4.0
second_05_v2,frog,0.69084,2.5,3.0
second_05_v2,wilson,0.880248,1.5,-1.0
second_05_v2,tallbird,0.795902,-8.5,30.0
second_05_v2,frog,0.756225,-0.5,1.0
second_05_v2,spider_warrior,0.686062,-2.5,6.0
second_05_v2,wilson,0.89001,-1.5,-7.0
second_05_v2,tallbird,0.809992,-9.0,0.0
second_05_v2,spider_warrior,0.583881,-3.0,45.0
second_05_v2,frog,0.322966,2.0,2.0
second_05_v2,spider_warrior,0.242809,1.0,10.0
second_05_v2,spider_warrior,0.797234,2.5,7.0
second_05_v2,wilson,0.516882,-3.5,16.0
second_05_v2,wilson,0.120585,-24.5,4.0
second_05_v2,wilson,0.874972,3.0,1.0
second_05_v2,honey,0.8561,1.5,4.0
second_05_v2,frog_legs,0.839365,-2.0,4.0
second_05_v2,meat,0.836635,-1.5,1.0
second_05_v2,log,0.807767,-1.5,3.0
second_05_v2,seeds,0.791593,-1.5,2.0
second_05_v2,monster_meat,0.775381,1.5,1.0
second_05_v2,morsel,0.732657,-2.5,4.0
second_05_v2,seeds,0.629973,0.0,6.0
second_05_v2,fish,0.576691,0.0,9.0
second_05_v2,wilson,0.875643,-1.5,3.0
second_05_v2,honey,0.875454,0.0,7.0
second_05_v2,frog_legs,0.832632,1.5,6.0
second_05_v2,meat,0.830581,0.5,2.0
second_05_v2,seeds,0.790609,1.0,3.0
second_05_v2,monster_meat,0.77755,0.0,1.0
second_05_v2,log,0.740915,0.5,6.0
second_05_v2,morsel,0.687944,-1.0,3.0
second_05_v2,fish,0.61583,3.0,-5.0
second_05_v2,seeds,0.44627,-4.5,6.0
second_05_v2,spider_nest3,0.894989,10.5,-9.0
second_05_v2,honey,0.883652,1.5,-1.0
second_05_v2,wilson,0.865323,0.5,-5.0
second_05_v2,frog_legs,0.837132,3.5,2.0
second_05_v2,meat,0.808083,0.5,1.0
second_05_v2,log,0.799821,-0.5,3.0
second_05_v2,seeds,0.784238,2.0,1.0
second_05_v2,monster_meat,0.782501,1.0,1.0
second_05_v2,seeds,0.681671,-1.5,5.0
second_05_v2,morsel,0.651971,-1.5,2.0
second_05_v2,fish,0.213376,3.5,3.0
second_05_v2,spider_nest3,0.890245,7.0,-4.0
second_05_v2,wilson,0.874371,-0.5,-4.0
second_05_v2,frog_legs,0.856962,1.5,3.0
second_05_v2,honey,0.848132,-1.0,-1.0
second_05_v2,seeds,0.802848,2.0,1.0
second_05_v2,meat,0.79789,0.5,0.0
second_05_v2,log,0.780548,2.5,2.0
second_05_v2,monster_meat,0.764436,0.5,2.0
second_05_v2,seeds,0.759205,-2.0,4.0
second_05_v2,fish,0.75341,-2.0,1.0
second_05_v2,morsel,0.703512,-0.5,1.0
second_05_v2,spider_nest3,0.890526,8.0,-13.0
second_05_v2,wilson,0.868192,0.0,-1.0
second_05_v2,frog_legs,0.85057,2.0,2.0
second_05_v2,honey,0.836003,-0.5,3.0
second_05_v2,meat,0.797333,-1.0,-2.0
second_05_v2,seeds,0.788898,-4.0,5.0
second_05_v2,seeds,0.783133,-0.5,3.0
second_05_v2,monster_meat,0.77334,1.5,2.0
second_05_v2,fish,0.734627,-1.0,3.0
second_05_v2,log,0.714476,1.0,0.0
second_05_v2,morsel,0.687069,-1.0,4.0
second_05_v2,wilson,0.891605,-3.0,3.0
second_05_v2,spider_nest3,0.866892,-4.0,-3.0
second_05_v2,log,0.845991,1.0,5.0
second_05_v2,meat,0.836694,-1.0,2.0
second_05_v2,frog_legs,0.835277,1.0,6.0
second_05_v2,seeds,0.822859,1.5,3.0
second_05_v2,honey,0.816206,1.0,1.0
second_05_v2,seeds,0.79265,1.5,5.0
second_05_v2,monster_meat,0.78268,3.5,-3.0
second_05_v2,fish,0.761624,0.5,-2.0
second_05_v2,morsel,0.726727,3.0,1.0
second_05_v2,wilson,0.889393,0.5,4.0
second_05_v2,spider_nest3,0.849527,1.0,-2.0
second_05_v2,meat,0.824899,0.5,1.0
second_05_v2,honey,0.802543,2.0,4.0
second_05_v2,morsel,0.793326,2.0,-2.0
second_05_v2,monster_meat,0.783884,0.0,0.0
second_05_v2,seeds,0.777176,0.5,7.0
second_05_v2,log,0.76122,3.5,-5.0
second_05_v2,seeds,0.745693,-2.0,2.0
second_05_v2,fish,0.648393,0.5,7.0
second_05_v2,frog_legs,0.60656,3.0,2.0
second_05_v2,wilson,0.883873,0.5,2.0
second_05_v2,log,0.868641,-1.0,2.0
second_05_v2,spider_nest3,0.855939,-0.5,0.0
second_05_v2,frog_legs,0.844797,0.0,9.0
second_05_v2,honey,0.829795,-2.0,6.0
second_05_v2,seeds,0.829208,0.5,2.0
second_05_v2,meat,0.818316,0.5,0.0
second_05_v2,morsel,0.814636,-1.0,3.0
second_05_v2,monster_meat,0.805198,0.5,3.0
second_05_v2,seeds,0.745538,-3.5,-2.0
second_05_v2,fish,0.685135,2.5,0.0
second_05_v2,wilson,0.880973,-1.5,13.0
second_05_v2,frog_legs,0.87193,2.0,-2.0
second_05_v2,log,0.854515,3.5,-2.0
second_05_v2,honey,0.854238,-2.0,0.0
second_05_v2,spider_nest3,0.85215,-0.5,-5.0
second_05_v2,seeds,0.823336,2.5,5.0
second_05_v2,seeds,0.819735,1.5,1.0
second_05_v2,morsel,0.789623,0.5,-3.0
second_05_v2,meat,0.778674,2.0,0.0
second_05_v2,monster_meat,0.595865,7.0,-2.0
second_05_v2,fish,0.54273,0.5,2.0
second_05_v2,wilson,0.867886,1.5,3.0
second_05_v2,frog_legs,0.85904,2.5,3.0
second_05_v2,spider_nest3,0.855417,-0.5,-12.0
second_05_v2,morsel,0.848865,0.5,0.0
second_05_v2,meat,0.845217,-1.5,0.0
second_05_v2,honey,0.822502,-2.0,6.0
second_05_v2,log,0.82121,5.0,3.0
second_05_v2,seeds,0.790545,-0.5,-2.0
second_05_v2,monster_meat,0.789838,3.0,1.0
second_05_v2,seeds,0.76389,3.5,2.0
second_05_v2,fish,0.662067,1.0,2.0
second_05_v2,wilson,0.84977,2.0,10.0
second_05_v2,frog_legs,0.842981,3.0,1.0
second_05_v2,honey,0.830485,0.5,3.0
second_05_v2,meat,0.825743,-1.5,0.0
second_05_v2,log,0.815199,1.0,7.0
second_05_v2,monster_meat,0.803155,2.5,2.0
second_05_v2,seeds,0.795372,-2.5,1.0
second_05_v2,fish,0.78178,1.0,-1.0
second_05_v2,seeds,0.766256,0.0,2.0
second_05_v2,morsel,0.697105,5.0,1.0
second_05_v2,wilson,0.892835,3.5,2.0
second_05_v2,spider_nest3,0.880231,-4.0,-5.0
second_05_v2,honey,0.854326,1.0,5.0
second_05_v2,monster_meat,0.835894,4.5,2.0
second_05_v2,seeds,0.817048,1.0,1.0
second_05_v2,log,0.815026,0.5,5.0
second_05_v2,morsel,0.805296,0.0,2.0
second_05_v2,meat,0.804796,0.5,1.0
second_05_v2,fish,0.790928,4.0,-2.0
second_05_v2,seeds,0.694568,3.0,2.0
second_05_v2,frog_legs,0.582668,1.5,4.0
second_05_v2,frog_legs,0.87405,0.0,-1.0
second_05_v2,spider_nest3,0.869027,0.0,-4.0
second_05_v2,wilson,0.864815,-1.0,2.0
second_05_v2,honey,0.856766,1.5,7.0
second_05_v2,seeds,0.820953,3.0,1.0
second_05_v2,seeds,0.820621,2.5,1.0
second_05_v2,meat,0.807702,-1.5,4.0
second_05_v2,log,0.789287,1.5,2.0
second_05_v2,fish,0.786304,2.0,7.0
second_05_v2,monster_meat,0.784373,3.5,0.0
second_05_v2,morsel,0.772017,0.5,1.0
second_05_v2,spider_nest3,0.880211,9.0,-8.0
second_05_v2,wilson,0.87952,0.5,4.0
second_05_v2,seeds,0.824718,-2.0,6.0
second_05_v2,honey,0.822505,-1.5,5.0
second_05_v2,seeds,0.820154,-1.5,0.0
second_05_v2,frog_legs,0.813388,-2.5,5.0
second_05_v2,meat,0.812172,-3.5,0.0
second_05_v2,log,0.80282,4.0,1.0
second_05_v2,monster_meat,0.785059,2.0,0.0
second_05_v2,fish,0.755724,7.0,3.0
second_05_v2,morsel,0.506292,1.5,-2.0
second_05_v2,spider_nest3,0.885022,-0.5,-4.0
second_05_v2,wilson,0.873137,-3.0,5.0
second_05_v2,frog_legs,0.852987,2.5,2.0
second_05_v2,honey,0.843603,1.0,4.0
second_05_v2,seeds,0.84004,2.0,-3.0
second_05_v2,seeds,0.832134,2.0,-2.0
second_05_v2,log,0.82736,0.5,3.0
second_05_v2,monster_meat,0.801076,3.5,1.0
second_05_v2,meat,0.784448,1.0,2.0
second_05_v2,fish,0.762288,4.0,1.0
second_05_v2,morsel,0.727705,1.0,1.0
second_05_v2,spider_nest3,0.878566,-5.0,-2.0
second_05_v2,wilson,0.873306,0.0,-1.0
second_05_v2,honey,0.837714,2.0,-2.0
second_05_v2,meat,0.797342,-0.5,-1.0
second_05_v2,frog_legs,0.774224,0.5,0.0
second_05_v2,fish,0.635386,6.0,4.0
second_05_v2,monster_meat,0.599572,1.5,1.0
second_05_v2,log,0.591984,0.5,3.0
second_05_v2,seeds,0.579599,-10.0,3.0
second_05_v2,morsel,0.159451,-1.5,2.0
second_05_v2,seeds,0.127588,-1.5,3.0
second_05_v2,wilson,0.879261,1.5,3.0
second_05_v2,spider_nest3,0.863457,-3.5,7.0
second_05_v2,fish,0.737885,2.5,1.0
second_05_v2,honey,0.676138,1.5,4.0
second_05_v2,log,0.219893,0.5,10.0
second_05_v2,wilson,0.862108,-2.0,7.0
second_05_v2,spider_nest3,0.849465,-14.5,9.0
second_05_v2,honey,0.140018,1.0,3.0
second_05_v2,wilson,0.8785,-1.0,3.0
second_05_v2,spider_nest3,0.870069,-11.0,2.0
second_05_v2,honey,0.809372,1.0,3.0
second_05_v2,log,0.752085,0.5,4.0
second_05_v2,seeds,0.735806,-19.5,6.0
second_05_v2,fish,0.728131,6.5,0.0
second_05_v2,spider_nest3,0.873156,-7.5,9.0
second_05_v2,wilson,0.87121,1.0,2.0
second_05_v2,seeds,0.744222,0.0,0.0
second_05_v2,fish,0.740439,2.0,6.0
second_05_v2,honey,0.733322,-2.0,5.0
second_05_v2,log,0.683413,1.0,1.0
second_05_v2,frog_legs,0.63836,1.5,5.0
second_05_v2,seeds,0.566302,-1.0,4.0
second_05_v2,wilson,0.890068,-2.5,12.0
second_05_v2,spider_nest3,0.868264,2.0,12.0
second_05_v2,seeds,0.834221,-7.0,6.0
second_05_v2,honey,0.772308,-2.0,3.0
second_05_v2,fish,0.743395,3.0,-1.0
second_05_v2,log,0.723989,-1.0,2.0
second_05_v2,seeds,0.710405,-3.5,6.0
second_05_v2,wilson,0.875842,-0.5,0.0
second_05_v2,honey,0.868994,0.5,5.0
second_05_v2,spider_nest3,0.855663,-2.0,-5.0
second_05_v2,fish,0.780479,2.5,-1.0
second_05_v2,seeds,0.77363,-6.0,6.0
second_05_v2,seeds,0.722466,-3.0,2.0
second_05_v2,spider_nest3,0.881877,-4.0,2.0
second_05_v2,wilson,0.868296,-1.0,12.0
second_05_v2,honey,0.815843,2.5,1.0
second_05_v2,seeds,0.766108,-2.5,5.0
second_05_v2,fish,0.756142,2.0,3.0
second_05_v2,seeds,0.610008,1.0,3.0
second_05_v2,wilson,0.870583,-1.0,5.0
second_05_v2,spider_nest3,0.85971,-5.0,4.0
second_05_v2,honey,0.839015,0.0,2.0
second_05_v2,fish,0.784551,4.5,2.0
second_05_v2,seeds,0.767863,-2.0,2.0
second_05_v2,seeds,0.367719,3.5,1.0
second_05_v2,wilson,0.88608,-3.0,9.0
second_05_v2,spider_nest3,0.869712,2.5,8.0
second_05_v2,fish,0.824277,1.0,3.0
second_05_v2,honey,0.808409,2.5,6.0
second_05_v2,seeds,0.789707,0.0,4.0
second_05_v2,wilson,0.889047,1.5,5.0
second_05_v2,spider_nest3,0.874234,-2.0,5.0
second_05_v2,honey,0.814172,-3.5,-1.0
second_05_v2,seeds,0.79835,-2.0,6.0
second_05_v2,fish,0.796313,-3.0,5.0
second_05_v2,wilson,0.89854,0.5,2.0
second_05_v2,spider_nest3,0.881218,-2.0,8.0
second_05_v2,honey,0.841129,2.5,3.0
second_05_v2,fish,0.838552,3.5,-1.0
second_05_v2,seeds,0.774986,-1.0,6.0
second_05_v2,wilson,0.873055,-0.5,7.0
second_05_v2,honey,0.828898,-4.0,1.0
second_05_v2,fish,0.802033,2.5,-2.0
second_05_v2,seeds,0.801307,0.5,3.0
second_05_v2,seeds,0.792139,0.0,3.0
second_05_v2,wilson,0.885142,-0.5,3.0
second_05_v2,honey,0.872576,0.5,5.0
second_05_v2,log,0.849394,0.0,-4.0
second_05_v2,frog_legs,0.823207,3.0,5.0
second_05_v2,seeds,0.797103,1.5,5.0
second_05_v2,fish,0.787972,3.5,3.0
second_05_v2,seeds,0.784948,2.5,-2.0
second_05_v2,wilson,0.864948,0.5,1.0
second_05_v2,frog_legs,0.840427,4.0,7.0
second_05_v2,seeds,0.831532,4.0,2.0
second_05_v2,honey,0.828646,-1.0,-3.0
second_05_v2,log,0.809994,0.5,0.0
second_05_v2,morsel,0.80824,-1.5,-3.0
second_05_v2,seeds,0.805644,0.5,5.0
second_05_v2,fish,0.795986,2.0,7.0
second_05_v2,frog_legs,0.86755,1.0,-1.0
second_05_v2,wilson,0.858189,3.5,2.0
second_05_v2,honey,0.837685,2.0,7.0
second_05_v2,seeds,0.824053,3.5,0.0
second_05_v2,seeds,0.805599,1.5,3.0
second_05_v2,fish,0.7686,2.0,0.0
second_05_v2,morsel,0.766171,7.5,5.0
second_05_v2,log,0.609338,3.0,3.0
second_05_v2,wilson,0.872682,-1.5,6.0
second_05_v2,frog_legs,0.860426,1.0,-2.0
second_05_v2,honey,0.85998,-2.0,-3.0
second_05_v2,morsel,0.826064,1.0,2.0
second_05_v2,log,0.818531,-1.5,-7.0
second_05_v2,seeds,0.801953,1.5,1.0
second_05_v2,seeds,0.785357,0.5,3.0
second_05_v2,fish,0.361347,2.0,10.0
second_05_v2,wilson,0.902682,0.5,10.0
second_05_v2,log,0.854905,0.0,11.0
second_05_v2,frog_legs,0.854012,-1.5,5.0
second_05_v2,seeds,0.826516,1.5,2.0
second_05_v2,meat,0.824236,3.0,1.0
second_05_v2,honey,0.81868,-1.5,5.0
second_05_v2,fish,0.813405,4.0,8.0
second_05_v2,morsel,0.802214,0.0,2.0
second_05_v2,monster_meat,0.765103,3.0,-3.0
second_05_v2,seeds,0.754923,0.0,5.0
second_05_v2,wilson,0.857141,0.0,3.0
second_05_v2,log,0.851183,4.0,3.0
second_05_v2,meat,0.844296,0.5,3.0
second_05_v2,honey,0.843744,1.0,6.0
second_05_v2,seeds,0.836058,5.0,3.0
second_05_v2,frog_legs,0.833455,-0.5,3.0
second_05_v2,morsel,0.820034,-0.5,1.0
second_05_v2,seeds,0.794866,1.0,2.0
second_05_v2,monster_meat,0.79471,4.0,3.0
second_05_v2,fish,0.747686,2.5,6.0
second_05_v2,wilson,0.894558,0.0,1.0
second_05_v2,frog_legs,0.855749,1.5,5.0
second_05_v2,meat,0.847356,1.5,5.0
second_05_v2,log,0.835166,-1.0,6.0
second_05_v2,seeds,0.812528,2.5,1.0
second_05_v2,fish,0.811191,-0.5,5.0
second_05_v2,morsel,0.775209,0.5,-2.0
second_05_v2,seeds,0.735766,-0.5,3.0
second_05_v2,monster_meat,0.728095,4.0,1.0
second_05_v2,wilson,0.88474,4.5,5.0
second_05_v2,log,0.846001,-1.5,1.0
second_05_v2,meat,0.82417,-2.0,-2.0
second_05_v2,seeds,0.822997,0.0,3.0
second_05_v2,morsel,0.805434,-0.5,-3.0
second_05_v2,monster_meat,0.793572,0.0,-1.0
second_05_v2,seeds,0.773919,-0.5,3.0
second_05_v2,frog_legs,0.738734,-5.5,1.0
second_05_v2,wilson,0.869918,3.5,8.0
second_05_v2,frog_legs,0.850551,-0.5,2.0
second_05_v2,seeds,0.833956,4.0,7.0
second_05_v2,meat,0.821757,-1.0,2.0
second_05_v2,log,0.820705,-0.5,5.0
second_05_v2,seeds,0.810208,-2.0,5.0
second_05_v2,monster_meat,0.775913,3.5,5.0
second_05_v2,morsel,0.768548,1.5,-2.0
second_05_v2,wilson,0.891198,1.0,9.0
second_05_v2,frog_legs,0.852078,0.5,4.0
second_05_v2,log,0.832173,-3.0,0.0
second_05_v2,meat,0.785603,2.0,0.0
second_05_v2,seeds,0.784905,-0.5,4.0
second_05_v2,morsel,0.720818,2.5,3.0
second_05_v2,monster_meat,0.661632,1.5,1.0
second_05_v2,wilson,0.896021,2.5,6.0
second_05_v2,frog_legs,0.844968,1.5,8.0
second_05_v2,meat,0.834845,-2.5,0.0
second_05_v2,morsel,0.829732,2.0,5.0
second_05_v2,seeds,0.753189,-3.5,1.0
second_05_v2,log,0.732159,3.5,0.0
second_05_v2,monster_meat,0.309636,5.5,4.0
second_05_v2,wilson,0.879775,2.5,7.0
second_05_v2,frog_legs,0.849963,-0.5,1.0
second_05_v2,morsel,0.804712,1.0,-4.0
second_05_v2,seeds,0.791906,-1.0,-2.0
second_05_v2,monster_meat,0.731937,2.5,-4.0
second_05_v2,log,0.677783,1.0,2.0
second_05_v2,meat,0.321462,0.5,5.0
second_05_v2,wilson,0.875166,4.5,5.0
second_05_v2,meat,0.829397,1.0,-1.0
second_05_v2,frog_legs,0.82808,0.5,1.0
second_05_v2,morsel,0.822007,3.5,-4.0
second_05_v2,seeds,0.769138,1.0,3.0
second_05_v2,log,0.757816,0.0,-1.0
second_05_v2,wilson,0.874277,0.0,7.0
second_05_v2,frog_legs,0.824771,1.5,1.0
second_05_v2,meat,0.824461,0.5,2.0
second_05_v2,log,0.815454,-2.5,2.0
second_05_v2,seeds,0.804011,-2.5,-1.0
second_05_v2,morsel,0.765314,0.0,-2.0
second_05_v2,monster_meat,0.753268,2.5,4.0
second_05_v2,wilson,0.86593,-1.0,5.0
second_05_v2,frog_legs,0.838814,-0.5,1.0
second_05_v2,log,0.835124,0.0,4.0
second_05_v2,meat,0.810691,1.5,5.0
second_05_v2,morsel,0.79146,0.0,1.0
second_05_v2,monster_meat,0.757568,1.0,2.0
second_05_v2,seeds,0.727305,3.5,1.0
second_05_v2,wilson,0.878188,-2.5,6.0
second_05_v2,meat,0.84833,-1.5,0.0
second_05_v2,frog_legs,0.837132,2.0,-8.0
second_05_v2,seeds,0.80906,-1.0,8.0
second_05_v2,seeds,0.805392,0.0,3.0
second_05_v2,monster_meat,0.760926,1.0,1.0
second_05_v2,log,0.752311,1.0,2.0
second_05_v2,wilson,0.886602,0.0,5.0
second_05_v2,frog_legs,0.86389,0.5,5.0
second_05_v2,meat,0.823686,0.0,2.0
second_05_v2,seeds,0.808618,0.5,3.0
second_05_v2,morsel,0.791578,2.0,-2.0
second_05_v2,monster_meat,0.744578,-3.5,1.0
second_05_v2,fish,0.722817,1.0,9.0
second_05_v2,log,0.235761,-3.5,0.0
second_05_v2,wilson,0.880284,1.5,3.0
second_05_v2,meat,0.806181,0.5,-1.0
second_05_v2,seeds,0.794094,5.0,2.0
second_05_v2,morsel,0.793136,4.0,1.0
second_05_v2,seeds,0.762627,0.5,0.0
second_05_v2,monster_meat,0.734498,-2.5,2.0
second_05_v2,fish,0.730292,3.0,5.0
second_05_v2,log,0.692013,2.0,2.0
second_05_v2,wilson,0.840773,-4.0,8.0
second_05_v2,frog_legs,0.839856,-1.0,4.0
second_05_v2,honey,0.839614,-3.5,3.0
second_05_v2,log,0.836226,3.0,-2.0
second_05_v2,seeds,0.807839,3.0,-1.0
second_05_v2,fish,0.76614,-1.5,-1.0
second_05_v2,morsel,0.758981,1.0,3.0
second_05_v2,wilson,0.871454,2.0,5.0
second_05_v2,frog_legs,0.847504,2.5,9.0
second_05_v2,log,0.827523,3.5,8.0
second_05_v2,honey,0.818033,-2.5,1.0
second_05_v2,fish,0.814309,3.0,8.0
second_05_v2,seeds,0.802743,2.0,8.0
second_05_v2,seeds,0.795498,6.5,-2.0
second_05_v2,wilson,0.8735,-4.0,2.0
second_05_v2,honey,0.836196,1.0,1.0
second_05_v2,frog_legs,0.83474,-2.0,7.0
second_05_v2,log,0.811388,1.5,8.0
second_05_v2,seeds,0.811067,0.5,0.0
second_05_v2,seeds,0.776454,4.5,2.0
second_05_v2,fish,0.771785,0.5,0.0
second_05_v2,wilson,0.878867,3.0,6.0
second_05_v2,honey,0.846307,-4.5,9.0
second_05_v2,log,0.84457,-2.5,1.0
second_05_v2,frog_legs,0.84121,2.5,5.0
second_05_v2,fish,0.753484,-1.5,8.0
second_05_v2,seeds,0.73206,-2.5,3.0
second_05_v2,seeds,0.41555,0.5,10.0
second_05_v2,wilson,0.877656,0.5,2.0
second_05_v2,frog_legs,0.857662,-0.5,3.0
second_05_v2,honey,0.81152,0.0,3.0
second_05_v2,morsel,0.806652,1.5,2.0
second_05_v2,fish,0.804825,1.0,4.0
second_05_v2,seeds,0.760794,-1.0,2.0
second_05_v2,seeds,0.755087,1.0,-1.0
second_05_v2,log,0.508767,4.0,7.0
second_05_v2,frog_legs,0.889258,-2.0,-1.0
second_05_v2,wilson,0.872919,2.5,11.0
second_05_v2,spider_nest3,0.859001,3.0,5.0
second_05_v2,log,0.851045,2.0,3.0
second_05_v2,honey,0.822304,1.0,2.0
second_05_v2,monster_meat,0.79943,2.5,5.0
second_05_v2,morsel,0.795446,1.0,0.0
second_05_v2,fish,0.776442,1.0,1.0
second_05_v2,seeds,0.768477,0.5,-1.0
second_05_v2,seeds,0.754454,2.0,4.0
second_05_v2,wilson,0.876406,2.5,-1.0
second_05_v2,spider_nest3,0.870143,3.5,0.0
second_05_v2,frog_legs,0.844775,3.0,-1.0
second_05_v2,log,0.837058,2.5,-1.0
second_05_v2,morsel,0.832304,-0.5,3.0
second_05_v2,meat,0.810449,-3.5,4.0
second_05_v2,honey,0.803908,-1.5,7.0
second_05_v2,monster_meat,0.708449,2.5,6.0
second_05_v2,fish,0.695956,4.0,9.0
second_05_v2,seeds,0.69209,-2.0,5.0
second_05_v2,seeds,0.596879,-3.5,1.0
second_05_v2,wilson,0.887454,2.0,5.0
second_05_v2,spider_nest3,0.857946,0.5,6.0
second_05_v2,log,0.853311,4.0,2.0
second_05_v2,meat,0.839181,-1.5,1.0
second_05_v2,frog_legs,0.824236,1.5,8.0
second_05_v2,monster_meat,0.810781,0.0,1.0
second_05_v2,seeds,0.766019,0.0,5.0
second_05_v2,morsel,0.742917,-1.0,0.0
second_05_v2,honey,0.732084,0.5,-3.0
second_05_v2,fish,0.715332,1.5,5.0
second_05_v2,seeds,0.714649,-3.0,4.0
second_05_v2,wilson,0.902234,0.0,4.0
second_05_v2,spider_nest3,0.874681,4.5,3.0
second_05_v2,log,0.865396,2.5,3.0
second_05_v2,frog_legs,0.853302,-2.5,-1.0
second_05_v2,honey,0.810653,-2.0,0.0
second_05_v2,meat,0.802873,-1.0,-2.0
second_05_v2,morsel,0.793179,2.5,-3.0
second_05_v2,fish,0.776073,-2.5,1.0
second_05_v2,seeds,0.774297,-2.0,4.0
second_05_v2,seeds,0.762762,2.0,0.0
second_05_v2,monster_meat,0.67383,0.0,3.0
second_05_v2,spider_nest3,0.89237,2.5,-14.0
second_05_v2,wilson,0.857088,-1.5,2.0
second_05_v2,log,0.855906,5.5,1.0
second_05_v2,frog_legs,0.840618,0.0,6.0
second_05_v2,meat,0.828432,0.0,0.0
second_05_v2,morsel,0.820136,-0.5,3.0
second_05_v2,honey,0.813227,-0.5,0.0
second_05_v2,monster_meat,0.809828,1.0,1.0
second_05_v2,seeds,0.803234,4.0,1.0
second_05_v2,fish,0.780302,0.5,7.0
second_05_v2,seeds,0.761919,2.5,-2.0
second_05_v2,wilson,0.880902,0.0,-3.0
second_05_v2,frog_legs,0.865565,0.0,0.0
second_05_v2,spider_nest3,0.859392,6.0,-4.0
second_05_v2,honey,0.831092,0.0,3.0
second_05_v2,log,0.811087,1.5,-2.0
second_05_v2,meat,0.808925,1.0,2.0
second_05_v2,monster_meat,0.792451,2.5,2.0
second_05_v2,fish,0.786775,-1.0,5.0
second_05_v2,seeds,0.783027,4.0,3.0
second_05_v2,seeds,0.776167,-0.5,0.0
second_05_v2,morsel,0.712125,3.5,5.0
second_05_v2,spider_nest3,0.887145,-2.5,-4.0
second_05_v2,wilson,0.867167,1.0,2.0
second_05_v2,frog_legs,0.846982,2.0,4.0
second_05_v2,honey,0.837782,0.5,0.0
second_05_v2,seeds,0.821182,2.0,0.0
second_05_v2,seeds,0.817079,3.5,4.0
second_05_v2,meat,0.816483,4.0,2.0
second_05_v2,morsel,0.795192,2.0,-1.0
second_05_v2,log,0.78745,1.0,6.0
second_05_v2,monster_meat,0.759401,0.5,0.0
second_05_v2,fish,0.732688,-0.5,2.0
second_05_v2,spider_nest3,0.880382,-6.0,1.0
second_05_v2,meat,0.86744,2.0,2.0
second_05_v2,wilson,0.862973,0.5,9.0
second_05_v2,frog_legs,0.860772,-0.5,2.0
second_05_v2,honey,0.859517,1.0,6.0
second_05_v2,monster_meat,0.809539,0.5,3.0
second_05_v2,morsel,0.807235,1.0,-1.0
second_05_v2,log,0.801398,5.0,2.0
second_05_v2,fish,0.78113,2.5,3.0
second_05_v2,seeds,0.766741,1.0,-2.0
second_05_v2,seeds,0.510224,1.5,3.0
second_05_v2,spider_nest3,0.879631,-2.0,2.0
second_05_v2,wilson,0.868448,0.0,6.0
second_05_v2,frog_legs,0.854668,-0.5,-2.0
second_05_v2,meat,0.842074,1.0,2.0
second_05_v2,honey,0.83453,1.0,8.0
second_05_v2,seeds,0.810033,0.5,0.0
second_05_v2,morsel,0.808075,2.0,-1.0
second_05_v2,monster_meat,0.80527,2.0,3.0
second_05_v2,log,0.796616,-1.5,7.0
second_05_v2,fish,0.791303,2.0,1.0
second_05_v2,seeds,0.714589,-3.0,3.0
second_05_v2,wilson,0.881514,-2.5,5.0
second_05_v2,spider_nest3,0.866491,-8.5,6.0
second_05_v2,frog_legs,0.85758,4.0,-2.0
second_05_v2,log,0.85204,1.0,2.0
second_05_v2,meat,0.840856,-1.5,1.0
second_05_v2,seeds,0.806998,2.5,-2.0
second_05_v2,morsel,0.805757,2.0,6.0
second_05_v2,honey,0.7904,-1.0,1.0
second_05_v2,fish,0.786407,-0.5,5.0
second_05_v2,seeds,0.76775,1.0,1.0
second_05_v2,monster_meat,0.765994,4.0,0.0
second_05_v2,wilson,0.887233,-1.0,2.0
second_05_v2,spider_nest3,0.870774,-7.0,5.0
second_05_v2,meat,0.865273,-1.0,1.0
second_05_v2,log,0.85173,0.0,-2.0
second_05_v2,frog_legs,0.833888,2.5,3.0
second_05_v2,honey,0.827747,3.0,1.0
second_05_v2,seeds,0.821646,-0.5,1.0
second_05_v2,monster_meat,0.812838,1.5,2.0
second_05_v2,morsel,0.810233,3.0,0.0
second_05_v2,fish,0.76952,4.0,5.0
second_05_v2,seeds,0.72735,1.0,3.0
second_05_v2,spider_nest3,0.885219,0.0,-4.0
second_05_v2,wilson,0.877484,-0.5,-4.0
second_05_v2,honey,0.834975,-0.5,3.0
second_05_v2,seeds,0.829774,-1.5,-2.0
second_05_v2,frog_legs,0.827432,-3.5,0.0
second_05_v2,log,0.825971,-4.5,-2.0
second_05_v2,meat,0.805717,1.0,-2.0
second_05_v2,morsel,0.784251,0.5,-1.0
second_05_v2,fish,0.774255,-1.0,-1.0
second_05_v2,monster_meat,0.770262,4.0,5.0
second_05_v2,seeds,0.747803,2.5,-1.0
second_05_v2,spider_nest3,0.886623,-2.0,-3.0
second_05_v2,wilson,0.865691,2.5,3.0
second_05_v2,honey,0.849232,0.0,4.0
second_05_v2,meat,0.847863,0.0,1.0
second_05_v2,frog_legs,0.839907,0.5,2.0
second_05_v2,log,0.835246,-0.5,5.0
second_05_v2,morsel,0.813662,-1.0,4.0
second_05_v2,fish,0.800102,-1.0,3.0
second_05_v2,seeds,0.775837,1.0,2.0
second_05_v2,seeds,0.765274,-2.0,-1.0
second_05_v2,monster_meat,0.643514,3.5,5.0
second_05_v2,spider_nest3,0.874368,-11.0,-6.0
second_05_v2,wilson,0.860459,-2.5,8.0
second_05_v2,log,0.851304,2.0,2.0
second_05_v2,seeds,0.825005,5.5,2.0
second_05_v2,honey,0.822458,0.5,3.0
second_05_v2,meat,0.81198,1.5,1.0
second_05_v2,monster_meat,0.791098,1.5,2.0
second_05_v2,fish,0.766611,0.5,0.0
second_05_v2,morsel,0.736574,0.5,3.0
second_05_v2,seeds,0.707008,0.0,4.0
second_05_v2,frog_legs,0.701682,0.5,2.0
second_05_v2,spider_nest3,0.88664,-8.0,-5.0
second_05_v2,wilson,0.875253,0.0,0.0
second_05_v2,honey,0.840875,2.0,9.0
second_05_v2,frog_legs,0.814225,3.0,10.0
second_05_v2,meat,0.80907,0.0,3.0
second_05_v2,log,0.795101,2.0,8.0
second_05_v2,monster_meat,0.781621,3.0,6.0
second_05_v2,fish,0.76735,9.0,1.0
second_05_v2,morsel,0.760674,0.5,5.0
second_05_v2,seeds,0.554374,-1.0,0.0
second_05_v2,seeds,0.522804,1.5,4.0
second_05_v2,wilson,0.876664,5.0,3.0
second_05_v2,spider_nest3,0.853427,2.5,-1.0
second_05_v2,frog_legs,0.835086,1.5,3.0
second_05_v2,seeds,0.811667,-3.5,3.0
second_05_v2,log,0.807244,3.5,9.0
second_05_v2,seeds,0.799411,2.0,-1.0
second_05_v2,monster_meat,0.766822,1.0,4.0
second_05_v2,fish,0.76229,7.5,0.0
second_05_v2,morsel,0.741707,0.5,3.0
second_05_v2,meat,0.730212,0.5,2.0
second_05_v2,honey,0.627778,-2.5,12.0
second_05_v2,wilson,0.894297,-1.5,-4.0
second_05_v2,frog_legs,0.846304,2.0,0.0
second_05_v2,honey,0.832851,-1.0,4.0
second_05_v2,seeds,0.829488,1.0,3.0
second_05_v2,meat,0.829367,1.0,-1.0
second_05_v2,fish,0.771909,7.0,8.0
second_05_v2,seeds,0.771364,1.5,5.0
second_05_v2,monster_meat,0.710221,3.0,4.0
second_05_v2,log,0.498848,2.0,4.0
second_05_v2,morsel,0.4319,-1.5,2.0
second_05_v2,wilson,0.877434,0.0,17.0
second_05_v2,frog_legs,0.844732,-1.0,-2.0
second_05_v2,honey,0.844111,-1.0,3.0
second_05_v2,seeds,0.803904,0.5,0.0
second_05_v2,meat,0.796544,3.0,2.0
second_05_v2,log,0.790335,0.5,5.0
second_05_v2,seeds,0.785684,4.5,3.0
second_05_v2,fish,0.777593,6.0,2.0
second_05_v2,morsel,0.76855,0.0,1.0
second_05_v2,monster_meat,0.707318,-0.5,1.0
second_05_v2,wilson,0.881939,-3.5,7.0
second_05_v2,frog_legs,0.860263,6.5,-1.0
second_05_v2,honey,0.842912,4.5,4.0
second_05_v2,seeds,0.835436,3.5,3.0
second_05_v2,morsel,0.791397,0.0,4.0
second_05_v2,monster_meat,0.785551,0.5,4.0
second_05_v2,seeds,0.785441,0.5,2.0
second_05_v2,meat,0.776072,-1.0,-2.0
second_05_v2,log,0.772426,3.0,3.0
second_05_v2,fish,0.755348,10.0,1.0
second_05_v2,seeds,0.117837,66.5,56.0
second_05_v2,wilson,0.799421,2.5,1.0
second_05_v2,tree_evergreen_4,0.62576,19.5,9.0
second_05_v2,clock_rook,0.455864,-13.0,55.0
second_05_v2,clock_rook,0.357834,-53.0,66.0
second_05_v2,merm,0.134197,1.0,3.0
second_05_v2,wilson,0.858635,3.0,-2.0
second_05_v2,clock_rook,0.858523,0.0,8.0
second_05_v2,tree_evergreen_4,0.831473,8.0,15.0
second_05_v2,clock_knight,0.735946,1.5,-2.0
second_05_v2,merm,0.212954,-1.0,8.0
second_05_v2,wilson,0.890475,4.0,3.0
second_05_v2,clock_rook,0.865763,3.5,7.0
second_05_v2,merm,0.853822,1.0,-5.0
second_05_v2,clock_knight,0.777145,3.5,11.0
second_05_v2,tree_evergreen_4,0.767839,-1.0,26.0
second_05_v2,clock_rook,0.869342,-3.5,3.0
second_05_v2,wilson,0.857113,4.0,-1.0
second_05_v2,clock_knight,0.795096,4.5,3.0
second_05_v2,tree_evergreen_4,0.629093,3.5,14.0
second_05_v2,tree_evergreen_4,0.401201,-11.5,-9.0
second_05_v2,wilson,0.874797,3.0,4.0
second_05_v2,clock_rook,0.849407,1.0,5.0
second_05_v2,clock_knight,0.787119,1.0,-1.0
second_05_v2,tree_evergreen_4,0.610481,8.5,-22.0
second_05_v2,clock_rook,0.40494,3.0,6.0
second_05_v2,wilson,0.855145,-0.5,6.0
second_05_v2,clock_rook,0.850638,1.0,-3.0
second_05_v2,clock_knight,0.804485,3.0,3.0
second_05_v2,tree_evergreen_4,0.696378,4.5,27.0
second_05_v2,wilson,0.863803,-1.0,-1.0
second_05_v2,clock_rook,0.845919,0.0,6.0
second_05_v2,clock_knight,0.817084,2.0,4.0
second_05_v2,tree_evergreen_4,0.768566,12.0,1.0
second_05_v2,clock_rook,0.869693,-0.5,8.0
second_05_v2,wilson,0.86573,3.5,6.0
second_05_v2,tree_evergreen_4,0.844252,-1.5,0.0
second_05_v2,clock_knight,0.784193,0.0,7.0
second_05_v2,wilson,0.878908,1.0,13.0
second_05_v2,clock_rook,0.866963,-6.5,5.0
second_05_v2,clock_knight,0.794912,9.0,-1.0
second_05_v2,tree_evergreen_4,0.311161,2.0,0.0
second_05_v2,tree_evergreen_4,0.249106,3.0,73.0
second_05_v2,wilson,0.872416,-2.0,-7.0
second_05_v2,clock_rook,0.848339,2.5,-2.0
second_05_v2,tree_evergreen_4,0.846744,-1.5,2.0
second_05_v2,clock_knight,0.830999,-1.5,3.0
second_05_v2,merm,0.81506,-2.5,4.0
second_05_v2,wilson,0.877047,-3.5,0.0
second_05_v2,tree_evergreen_4,0.869287,-0.5,-7.0
second_05_v2,merm,0.864541,2.0,1.0
second_05_v2,clock_knight,0.830491,0.5,0.0
second_05_v2,clock_bishop,0.71965,2.5,-4.0
second_05_v2,wilson,0.880201,-5.0,-2.0
second_05_v2,tree_evergreen_4,0.856838,2.5,2.0
second_05_v2,merm,0.852273,-1.5,-1.0
second_05_v2,clock_bishop,0.802206,-1.5,6.0
second_05_v2,clock_knight,0.77772,-0.5,2.0
second_05_v2,clock_rook,0.864993,5.0,24.0
second_05_v2,wilson,0.85373,0.5,2.0
second_05_v2,merm,0.827534,1.0,7.0
second_05_v2,clock_rook,0.859568,4.5,15.0
second_05_v2,wilson,0.849242,-1.0,11.0
second_05_v2,clock_bishop,0.840572,1.5,3.0
second_05_v2,merm,0.719452,22.5,18.0
second_05_v2,merm,0.678167,-2.5,16.0
second_05_v2,tree_evergreen_4,0.866117,4.0,0.0
second_05_v2,merm,0.861845,-2.5,-4.0
second_05_v2,wilson,0.852354,-5.0,1.0
second_05_v2,clock_rook,0.840497,-2.0,-1.0
second_05_v2,clock_knight,0.829585,-2.5,4.0
second_05_v2,clock_bishop,0.815438,-0.5,2.0
second_05_v2,tree_evergreen_4,0.865806,3.5,4.0
second_05_v2,wilson,0.86224,2.5,0.0
second_05_v2,merm,0.853055,-1.5,1.0
second_05_v2,clock_bishop,0.83766,-1.5,6.0
second_05_v2,clock_rook,0.812128,6.0,5.0
second_05_v2,clock_knight,0.796543,1.5,3.0
second_05_v2,merm,0.878035,3.0,-3.0
second_05_v2,wilson,0.868582,0.0,-6.0
second_05_v2,clock_rook,0.838895,1.0,-1.0
second_05_v2,clock_knight,0.827775,2.0,-3.0
second_05_v2,clock_bishop,0.776347,-3.0,8.0
second_05_v2,wilson,0.855309,1.0,-3.0
second_05_v2,merm,0.837094,4.0,0.0
second_05_v2,clock_knight,0.830364,3.5,0.0
second_05_v2,clock_rook,0.804412,4.0,5.0
second_05_v2,clock_bishop,0.768802,0.0,9.0
second_05_v2,wilson,0.881352,-1.0,-10.0
second_05_v2,clock_rook,0.833704,-1.5,9.0
second_05_v2,clock_knight,0.793115,2.0,0.0
second_05_v2,merm,0.238066,1.0,14.0
second_05_v2,wilson,0.876228,-4.5,8.0
second_05_v2,tree_evergreen_4,0.846386,7.0,7.0
second_05_v2,clock_rook,0.838663,-7.0,5.0
second_05_v2,clock_knight,0.777087,7.0,-4.0
second_05_v2,merm,0.572621,-8.0,65.0
second_05_v2,tree_evergreen_4,0.865494,3.0,2.0
second_05_v2,wilson,0.864937,4.0,5.0
second_05_v2,clock_rook,0.853242,1.0,6.0
second_05_v2,merm,0.852032,-3.0,6.0
second_05_v2,clock_knight,0.815618,-2.5,-3.0
second_05_v2,merm,0.868899,1.0,4.0
second_05_v2,tree_evergreen_4,0.857697,-1.5,8.0
second_05_v2,wilson,0.853502,0.0,7.0
second_05_v2,clock_rook,0.822618,-2.0,15.0
second_05_v2,wilson,0.854427,-1.0,-1.0
second_05_v2,tree_evergreen_4,0.845562,-1.0,3.0
second_05_v2,clock_knight,0.790969,-8.5,-4.0
second_05_v2,wilson,0.868707,-1.5,3.0
second_05_v2,tree_evergreen_4,0.85565,0.5,0.0
second_05_v2,clock_knight,0.738533,-0.5,5.0
second_05_v2,tree_evergreen_4,0.212761,47.5,-3.0
second_05_v2,merm,0.881541,2.0,5.0
second_05_v2,wilson,0.881257,1.5,5.0
second_05_v2,tree_evergreen_4,0.860569,5.0,5.0
second_05_v2,clock_knight,0.835571,-0.5,14.0
second_05_v2,wilson,0.874372,0.0,-4.0
second_05_v2,merm,0.866697,1.5,2.0
second_05_v2,tree_evergreen_4,0.865276,2.5,2.0
second_05_v2,clock_knight,0.615598,-13.5,18.0
second_05_v2,clock_knight,0.108998,-32.5,23.0
second_05_v2,tree_evergreen_4,0.864681,1.5,4.0
second_05_v2,wilson,0.84742,0.0,-7.0
second_05_v2,merm,0.841111,1.0,9.0
second_05_v2,clock_knight,0.813718,0.5,5.0
second_05_v2,merm,0.890815,1.5,3.0
second_05_v2,wilson,0.856474,-0.5,3.0
second_05_v2,clock_knight,0.805329,-1.0,3.0
second_05_v2,wilson,0.876409,0.5,-1.0
second_05_v2,merm,0.866281,-2.0,7.0
second_05_v2,wilson,0.879036,1.0,3.0
second_05_v2,merm,0.838533,-4.0,15.0
second_05_v2,clock_knight,0.718916,-3.0,-3.0
second_05_v2,wilson,0.858253,4.5,3.0
second_05_v2,merm,0.823704,8.0,3.0
second_05_v2,clock_knight,0.802221,0.0,-2.0
second_05_v2,merm,0.848677,1.0,11.0
second_05_v2,wilson,0.848013,4.0,1.0
second_05_v2,tree_evergreen_4,0.826371,-8.0,-8.0
second_05_v2,clock_knight,0.811265,-1.0,7.0
second_05_v2,wilson,0.882994,2.5,3.0
second_05_v2,merm,0.872397,8.0,2.0
second_05_v2,clock_rook,0.82066,1.5,0.0
second_05_v2,clock_knight,0.482515,-3.0,-3.0
second_05_v2,wilson,0.869305,-2.5,2.0
second_05_v2,merm,0.855831,8.5,4.0
second_05_v2,tree_evergreen_4,0.842963,2.0,5.0
second_05_v2,clock_knight,0.442758,0.0,8.0
second_05_v2,wilson,0.888465,-2.5,0.0
second_05_v2,merm,0.846265,2.0,13.0
second_05_v2,tree_evergreen_4,0.809968,1.5,6.0
second_05_v2,clock_knight,0.479899,-3.0,2.0
second_05_v2,wilson,0.880261,-1.5,6.0
second_05_v2,tree_evergreen_4,0.842726,-7.0,0.0
second_05_v2,clock_knight,0.82761,-1.0,13.0
second_05_v2,merm,0.166581,-4.0,-4.0
second_05_v2,tree_evergreen_4,0.852015,-2.0,1.0
second_05_v2,wilson,0.846424,-0.5,4.0
second_05_v2,clock_knight,0.780625,3.0,4.0
second_05_v2,wilson,0.875683,1.5,6.0
second_05_v2,tree_evergreen_4,0.854662,3.5,5.0
second_05_v2,clock_knight,0.818235,0.0,5.0
second_05_v2,wilson,0.860091,6.5,7.0
second_05_v2,tree_evergreen_4,0.854319,-2.0,4.0
second_05_v2,clock_knight,0.819203,2.5,1.0
second_05_v2,wilson,0.880991,2.0,14.0
second_05_v2,tree_evergreen_4,0.860883,4.5,9.0
second_05_v2,clock_knight,0.770647,1.5,6.0
second_05_v2,wilson,0.882535,6.5,9.0
second_05_v2,tree_evergreen_4,0.862597,6.5,3.0
second_05_v2,clock_bishop,0.810112,4.5,6.0
second_05_v2,wilson,0.879389,7.5,7.0
second_05_v2,tree_evergreen_4,0.864179,7.0,3.0
second_05_v2,clock_bishop,0.846074,0.5,7.0
second_05_v2,wilson,0.852139,-1.0,7.0
second_05_v2,clock_bishop,0.829529,-1.5,5.0
second_05_v2,clock_knight,0.795975,0.0,14.0
second_05_v2,wilson,0.87241,-1.5,13.0
second_05_v2,clock_bishop,0.840405,0.0,-4.0
second_05_v2,tree_evergreen_4,0.820143,3.5,4.0
second_05_v2,clock_knight,0.786075,-3.0,10.0
second_05_v2,wilson,0.855207,-3.5,3.0
second_05_v2,tree_evergreen_4,0.851637,6.5,13.0
second_05_v2,clock_bishop,0.834669,-1.0,8.0
second_05_v2,clock_knight,0.77731,-1.5,2.0
second_05_v2,wilson,0.861345,2.0,8.0
second_05_v2,tree_evergreen_4,0.850185,5.5,15.0
second_05_v2,clock_bishop,0.799628,2.0,12.0
second_05_v2,clock_knight,0.766392,2.0,4.0
second_05_v2,wilson,0.880884,3.0,2.0
second_05_v2,tree_evergreen_4,0.860272,13.0,-6.0
second_05_v2,wilson,0.869185,-2.5,2.0
second_05_v2,tree_evergreen_4,0.849492,0.5,16.0
second_05_v2,tree_evergreen_4,0.867473,3.0,15.0
second_05_v2,clock_rook,0.861404,4.0,-4.0
second_05_v2,wilson,0.859987,-0.5,13.0
second_05_v2,clock_knight,0.814773,-3.5,-1.0
second_05_v2,tree_evergreen_4,0.866013,0.5,5.0
second_05_v2,wilson,0.856849,-2.0,3.0
second_05_v2,clock_rook,0.852389,-4.5,3.0
second_05_v2,clock_knight,0.804234,8.0,9.0
second_05_v2,wilson,0.865842,0.5,14.0
second_05_v2,tree_evergreen_4,0.846239,-1.5,-4.0
second_05_v2,clock_rook,0.843238,-3.0,10.0
second_05_v2,clock_knight,0.735259,-5.5,1.0
second_05_v2,clock_bishop,0.693525,0.0,9.0
second_05_v2,clock_knight,0.62612,-6.5,1.0
second_05_v2,wilson,0.867578,3.0,7.0
second_05_v2,tree_evergreen_4,0.849028,4.0,2.0
second_05_v2,clock_knight,0.840104,-1.5,4.0
second_05_v2,clock_bishop,0.806342,-3.5,5.0
second_05_v2,wilson,0.873387,-3.0,3.0
second_05_v2,tree_evergreen_4,0.864177,5.0,6.0
second_05_v2,clock_rook,0.83252,-1.0,-1.0
second_05_v2,clock_knight,0.81921,-0.5,12.0
second_05_v2,clock_bishop,0.806905,0.5,3.0
second_05_v2,wilson,0.874273,-3.5,-2.0
second_05_v2,clock_rook,0.837197,-1.0,4.0
second_05_v2,clock_knight,0.828251,-0.5,-2.0
second_05_v2,clock_bishop,0.821898,-4.0,6.0
second_05_v2,wilson,0.863642,0.5,-1.0
second_05_v2,clock_bishop,0.835408,-1.0,5.0
second_05_v2,clock_knight,0.750954,-2.5,0.0
second_05_v2,wilson,0.871664,4.5,7.0
second_05_v2,clock_rook,0.866269,-2.0,12.0
second_05_v2,clock_bishop,0.833535,2.5,5.0
second_05_v2,clock_knight,0.74435,-1.0,16.0
second_05_v2,wilson,0.876077,-1.0,6.0
second_05_v2,clock_rook,0.865924,5.5,6.0
second_05_v2,tree_evergreen_4,0.842314,-2.0,4.0
second_05_v2,clock_knight,0.815864,0.5,3.0
second_05_v2,wilson,0.876555,4.5,10.0
second_05_v2,tree_evergreen_4,0.844716,2.5,1.0
second_05_v2,clock_knight,0.816142,1.5,4.0
second_05_v2,clock_bishop,0.551985,3.0,-5.0
second_05_v2,clock_bishop,0.824678,-2.5,0.0
second_05_v2,clock_knight,0.82103,2.0,9.0
second_05_v2,tree_evergreen_4,0.819129,8.0,0.0
second_05_v2,tree_evergreen_4,0.867769,7.0,20.0
second_05_v2,wilson,0.860498,1.5,4.0
second_05_v2,clock_knight,0.826349,-2.5,3.0
second_05_v2,clock_bishop,0.813989,0.5,-6.0
second_05_v2,wilson,0.886728,5.0,11.0
second_05_v2,tree_evergreen_4,0.859062,6.5,12.0
second_05_v2,clock_rook,0.856431,0.0,10.0
second_05_v2,wilson,0.868921,3.5,7.0
second_05_v2,tree_evergreen_4,0.859878,5.5,1.0
second_05_v2,clock_rook,0.854805,0.0,13.0
second_05_v2,clock_bishop,0.825978,6.5,0.0
second_05_v2,wilson,0.888046,1.5,9.0
second_05_v2,clock_bishop,0.831464,1.5,1.0
second_05_v2,clock_rook,0.639823,31.5,0.0
second_05_v2,tree_evergreen_4,0.237795,-6.5,0.0
second_05_v2,clock_rook,0.159265,-11.5,-15.0
second_05_v2,wilson,0.877747,1.5,7.0
second_05_v2,clock_bishop,0.835634,4.5,5.0
second_05_v2,clock_rook,0.824407,7.5,-3.0
second_05_v2,wilson,0.861498,1.0,1.0
second_05_v2,tree_evergreen_4,0.860969,4.5,8.0
second_05_v2,clock_rook,0.860557,1.5,-6.0
second_05_v2,wilson,0.877197,3.0,-1.0
second_05_v2,tree_evergreen_4,0.876593,10.5,12.0
second_05_v2,clock_rook,0.846093,3.5,8.0
second_05_v2,wilson,0.894415,5.0,12.0
second_05_v2,clock_rook,0.86728,-0.5,6.0
second_05_v2,tree_evergreen_4,0.857785,-1.0,-5.0
second_05_v2,wilson,0.88707,-0.5,7.0
second_05_v2,clock_rook,0.862022,2.5,5.0
second_05_v2,clock_bishop,0.79902,0.5,3.0
second_05_v2,wilson,0.863845,0.0,-1.0
second_05_v2,clock_rook,0.860771,1.5,10.0
second_05_v2,clock_bishop,0.8049,3.0,-9.0
second_05_v2,clock_rook,0.860009,-1.5,3.0
second_05_v2,clock_bishop,0.832644,2.0,7.0
second_05_v2,wilson,0.82443,-4.0,3.0
second_05_v2,clock_bishop,0.870393,2.5,0.0
second_05_v2,clock_rook,0.858904,2.5,8.0
second_05_v2,wilson,0.855886,-1.5,12.0
second_05_v2,wilson,0.857319,-1.0,5.0
second_05_v2,clock_rook,0.849468,0.0,6.0
second_05_v2,clock_bishop,0.828714,-0.5,12.0
second_05_v2,wilson,0.89157,-1.0,2.0
second_05_v2,tree_evergreen_4,0.850519,-1.0,0.0
second_05_v2,clock_bishop,0.845251,4.0,1.0
second_05_v2,clock_rook,0.834318,0.0,3.0
second_05_v2,clock_rook,0.872094,-1.0,8.0
second_05_v2,wilson,0.868149,-2.0,13.0
second_05_v2,tree_evergreen_4,0.867315,3.0,3.0
second_05_v2,clock_bishop,0.834956,-2.0,4.0
second_05_v2,tree_evergreen_4,0.8647,-3.5,6.0
second_05_v2,wilson,0.845251,0.0,7.0
second_05_v2,clock_rook,0.834353,-4.5,3.0
second_05_v2,clock_bishop,0.826453,-1.0,1.0
second_05_v2,tree_evergreen_4,0.867992,0.0,11.0
second_05_v2,wilson,0.850996,1.5,17.0
second_05_v2,clock_rook,0.850946,-1.5,0.0
second_05_v2,clock_bishop,0.83067,-3.5,14.0
second_05_v2,tree_evergreen_4,0.86555,-4.0,4.0
second_05_v2,wilson,0.857943,3.0,1.0
second_05_v2,clock_rook,0.839018,5.5,2.0
second_05_v2,clock_bishop,0.825686,-4.0,9.0
second_05_v2,fish,0.702532,7.5,5.0
second_05_v2,frog_legs,0.668965,1.5,-2.0
second_05_v2,wilson,0.846605,4.0,14.0
second_05_v2,clock_bishop,0.819178,-4.5,4.0
second_05_v2,tree_evergreen_4,0.768276,0.5,3.0
second_05_v2,fish,0.744939,9.0,15.0
second_05_v2,clock_rook,0.586379,10.5,-4.0
second_05_v2,frog_legs,0.547519,3.5,8.0
second_05_v2,tree_evergreen_4,0.503086,39.5,13.0
second_05_v2,fish,0.309222,77.0,36.0
second_05_v2,wilson,0.893748,-0.5,8.0
second_05_v2,log,0.856463,-1.5,-1.0
second_05_v2,clock_rook,0.854455,6.0,5.0
second_05_v2,clock_bishop,0.851201,-0.5,5.0
second_05_v2,clock_rook,0.849424,0.5,17.0
second_05_v2,wilson,0.849114,1.0,4.0
second_05_v2,wilson,0.870206,0.5,2.0
second_05_v2,clock_bishop,0.845007,4.0,10.0
second_05_v2,log,0.77832,1.0,1.0
second_05_v2,wilson,0.860675,4.0,-1.0
second_05_v2,clock_bishop,0.828941,-2.5,7.0
second_05_v2,wilson,0.852201,-3.5,3.0
second_05_v2,clock_bishop,0.842054,2.0,8.0
second_05_v2,clock_rook,0.860515,-1.0,6.0
second_05_v2,wilson,0.838106,-2.5,4.0
second_05_v2,clock_bishop,0.834906,3.5,1.0
second_05_v2,wilson,0.871098,1.5,1.0
second_05_v2,merm,0.865453,0.5,1.0
second_05_v2,merm,0.86425,3.0,0.0
second_05_v2,berry_bush,0.860727,1.0,0.0
second_05_v2,spider_warrior,0.854865,2.0,3.0
second_05_v2,berry_bush,0.85418,1.0,3.0
second_05_v2,berry_bush,0.84892,2.0,5.0
second_05_v2,frog,0.607365,-0.5,3.0
second_05_v2,merm,0.888157,2.5,2.0
second_05_v2,berry_bush,0.887283,1.0,3.0
second_05_v2,wilson,0.873928,0.5,3.0
second_05_v2,berry_bush,0.865597,0.5,3.0
second_05_v2,berry_bush,0.854437,3.0,1.0
second_05_v2,spider_warrior,0.790338,1.0,5.0
second_05_v2,frog,0.306272,-0.5,5.0
second_05_v2,berry_bush,0.879491,1.0,1.0
second_05_v2,merm,0.870917,0.5,2.0
second_05_v2,berry_bush,0.855325,0.5,-1.0
second_05_v2,berry_bush,0.840184,1.5,3.0
second_05_v2,wilson,0.778835,-2.5,10.0
second_05_v2,spider_warrior,0.770697,6.5,-1.0
second_05_v2,frog,0.532966,-0.5,3.0
second_05_v2,merm,0.8971,1.0,-1.0
second_05_v2,berry_bush,0.873232,2.0,2.0
second_05_v2,wilson,0.836913,0.5,7.0
second_05_v2,spider_warrior,0.815149,0.0,3.0
second_05_v2,berry_bush,0.804892,2.5,6.0
second_05_v2,monster_meat,0.75551,-2.0,0.0
second_05_v2,merm,0.897966,0.5,2.0
second_05_v2,wilson,0.879296,-0.5,4.0
second_05_v2,berry_bush,0.878911,-0.5,2.0
second_05_v2,spider_warrior,0.835649,1.0,1.0
second_05_v2,frog,0.803322,0.0,4.0
second_05_v2,monster_meat,0.778351,1.5,0.0
second_05_v2,wilson,0.890901,0.5,0.0
second_05_v2,berry_bush,0.876477,3.0,2.0
second_05_v2,frog,0.787158,0.0,2.0
second_05_v2,spider_warrior,0.585435,3.5,1.0
second_05_v2,spider_warrior,0.453115,-1.5,7.0
second_05_v2,spider_warrior,0.385127,-7.5,31.0
second_05_v2,merm,0.293339,8.5,-17.0
second_05_v2,merm,0.256739,-0.5,24.0
second_05_v2,spider_warrior,0.110521,-5.5,4.0
second_05_v2,wilson,0.894384,-0.5,1.0
second_05_v2,berry_bush,0.808913,-0.5,3.0
second_05_v2,spider_warrior,0.681886,1.5,1.0
second_05_v2,spider_warrior,0.488053,-0.5,1.0
second_05_v2,frog,0.220668,-6.0,-3.0
second_05_v2,spider_warrior,0.159508,-2.5,19.0
second_05_v2,merm,0.129345,11.0,-27.0
second_05_v2,merm,0.113002,0.0,24.0
second_05_v2,merm,0.895327,0.5,1.0
second_05_v2,wilson,0.879145,1.5,2.0
second_05_v2,spider_warrior,0.798968,1.5,1.0
second_05_v2,frog,0.776243,0.5,0.0
second_05_v2,wilson,0.877478,2.0,2.0
second_05_v2,merm,0.858868,2.0,2.0
second_05_v2,berry_bush,0.85148,1.0,3.0
second_05_v2,spider_warrior,0.828837,1.5,2.0
second_05_v2,frog,0.813986,0.0,3.0
second_05_v2,monster_meat,0.774165,6.0,0.0
second_05_v2,merm,0.898852,0.5,3.0
second_05_v2,wilson,0.862868,1.0,2.0
second_05_v2,spider_warrior,0.823758,0.5,-2.0
second_05_v2,frog,0.822359,0.5,1.0
second_05_v2,wilson,0.880373,-0.5,3.0
second_05_v2,frog,0.763295,0.5,8.0
second_05_v2,spider_warrior,0.735536,0.5,2.0
second_05_v2,merm,0.672498,2.5,31.0
second_05_v2,merm,0.130241,4.5,59.0
second_05_v2,merm,0.897568,0.5,3.0
second_05_v2,wilson,0.86421,1.0,2.0
second_05_v2,spider_warrior,0.848929,1.5,1.0
second_05_v2,frog,0.789777,0.5,1.0
second_05_v2,merm,0.883096,0.0,0.0
second_05_v2,wilson,0.863194,0.5,1.0
second_05_v2,spider_warrior,0.83539,1.5,2.0
second_05_v2,frog,0.73615,-4.0,2.0
second_05_v2,wilson,0.880544,-0.5,2.0
second_05_v2,spider_warrior,0.830337,1.0,3.0
second_05_v2,frog,0.811882,0.5,1.0
second_05_v2,wilson,0.873846,-0.5,5.0
second_05_v2,frog,0.782767,-0.5,4.0
second_05_v2,spider_warrior,0.495771,0.5,3.0
second_05_v2,spider_warrior,0.246514,1.5,13.0
second_05_v2,wilson,0.899148,1.5,2.0
second_05_v2,merm,0.879435,1.5,3.0
second_05_v2,frog,0.7805,1.5,2.0
second_05_v2,monster_meat,0.535706,5.0,6.0
second_05_v2,wilson,0.88254,0.5,5.0
second_05_v2,merm,0.874437,1.5,2.0
second_05_v2,frog,0.814869,0.5,-1.0
second_05_v2,monster_meat,0.221229,3.5,1.0
second_05_v2,wilson,0.865209,1.0,3.0
second_05_v2,frog,0.791734,2.5,4.0
second_05_v2,wilson,0.875527,1.5,-1.0
second_05_v2,frog,0.834432,-0.5,2.0
second_05_v2,wilson,0.877968,1.0,1.0
second_05_v2,berry_bush,0.866555,1.0,0.0
second_05_v2,frog,0.830059,0.0,1.0
second_05_v2,berry_bush,0.852043,1.0,3.0
second_05_v2,wilson,0.851463,0.5,6.0
second_05_v2,frog,0.851171,0.0,4.0
second_05_v2,berry_bush,0.841813,0.5,2.0
second_05_v2,berry_bush,0.846144,1.0,2.0
second_05_v2,berry_bush,0.80182,1.5,2.0
second_05_v2,frog,0.702263,0.5,2.0
second_05_v2,berry_bush,0.863037,2.0,3.0
second_05_v2,berry_bush,0.860653,0.5,2.0
second_05_v2,frog,0.82606,1.0,2.0
second_05_v2,morsel,0.819865,1.0,7.0
second_05_v2,berry_bush,0.868086,0.5,2.0
second_05_v2,berry_bush_harvested,0.866956,0.0,2.0
second_05_v2,frog,0.824613,-1.0,0.0
second_05_v2,morsel,0.783584,4.0,4.0
second_05_v2,berry_bush_harvested,0.915646,0.0,2.0
second_05_v2,wilson,0.868673,-0.5,3.0
second_05_v2,berry_bush,0.866409,2.0,0.0
second_05_v2,morsel,0.770165,4.0,-2.0
second_05_v2,frog,0.741594,-1.0,4.0
second_05_v2,berry_bush_harvested,0.912461,0.5,2.0
second_05_v2,berry_bush,0.881873,1.5,4.0
second_05_v2,wilson,0.870112,0.0,2.0
second_05_v2,morsel,0.829282,3.5,1.0
second_05_v2,frog,0.449657,-6.0,1.0
second_05_v2,wilson,0.871204,0.5,-1.0
second_05_v2,berry_bush,0.866896,1.5,1.0
second_05_v2,berry_bush_harvested,0.864526,-0.5,0.0
second_05_v2,frog,0.826603,-2.0,1.0
second_05_v2,morsel,0.824977,3.5,0.0
second_05_v2,berry_bush_harvested,0.892139,-0.5,2.0
second_05_v2,berry_bush,0.87565,2.0,3.0
second_05_v2,morsel,0.837546,0.5,0.0
second_05_v2,wilson,0.83274,0.5,4.0
second_05_v2,berry_bush_harvested,0.912026,2.0,2.0
second_05_v2,berry_bush,0.888349,1.5,2.0
second_05_v2,wilson,0.881769,0.0,1.0
second_05_v2,frog,0.856951,1.5,2.0
second_05_v2,morsel,0.835696,-1.5,2.0
second_05_v2,monster_meat,0.727027,5.0,4.0
second_05_v2,berry_bush_harvested,0.903452,0.0,-1.0
second_05_v2,berry_bush,0.884076,0.0,1.0
second_05_v2,wilson,0.868715,0.5,1.0
second_05_v2,morsel,0.834326,0.0,-2.0
second_05_v2,frog,0.788322,1.5,2.0
second_05_v2,berry_bush_harvested,0.874394,-3.0,-1.0
second_05_v2,morsel,0.8253,1.0,2.0
second_05_v2,wilson,0.544743,5.5,1.0
second_05_v2,frog,0.213434,2.0,5.0
second_05_v2,wilson,0.106863,20.5,-1.0
second_05_v2,berry_bush_harvested,0.853828,-1.5,-2.0
second_05_v2,morsel,0.799,-1.5,4.0
second_05_v2,wilson,0.754963,-0.5,2.0
second_05_v2,frog,0.418143,-1.5,1.0
second_05_v2,berry_bush_harvested,0.889373,0.5,1.0
second_05_v2,berry_bush_harvested,0.882979,1.5,3.0
second_05_v2,wilson,0.862565,0.5,1.0
second_05_v2,morsel,0.817874,2.5,6.0
second_05_v2,monster_meat,0.780535,2.0,3.0
second_05_v2,frog,0.547844,-1.5,11.0
second_05_v2,berry_bush_harvested,0.882848,1.0,2.0
second_05_v2,wilson,0.868765,-2.0,4.0
second_05_v2,berry_bush_harvested,0.865038,-0.5,3.0
second_05_v2,merm,0.86105,2.0,2.0
second_05_v2,berry_bush_harvested,0.859001,1.5,1.0
second_05_v2,morsel,0.850594,-1.5,3.0
second_05_v2,frog,0.847571,2.0,2.0
second_05_v2,monster_meat,0.590319,6.0,3.0
second_05_v2,merm,0.87025,1.5,3.0
second_05_v2,berry_bush_harvested,0.869558,1.5,1.0
second_05_v2,frog,0.86331,1.0,1.0
second_05_v2,wilson,0.857297,0.0,2.0
second_05_v2,monster_meat,0.806089,6.0,2.0
second_05_v2,morsel,0.70656,3.5,4.0
second_05_v2,berry_bush_harvested,0.881281,1.0,3.0
second_05_v2,wilson,0.878301,0.5,3.0
second_05_v2,berry_bush_harvested,0.87759,0.5,3.0
second_05_v2,merm,0.853394,2.5,-1.0
second_05_v2,morsel,0.816372,0.5,0.0
second_05_v2,monster_meat,0.791347,-2.5,-1.0
second_05_v2,berry_bush_harvested,0.688475,-0.5,0.0
second_05_v2,berry_bush_harvested,0.888463,2.5,4.0
second_05_v2,wilson,0.887031,0.5,3.0
second_05_v2,berry_bush_harvested,0.874504,0.5,2.0
second_05_v2,morsel,0.845555,-1.0,-3.0
second_05_v2,merm,0.820448,0.5,1.0
second_05_v2,monster_meat,0.811947,3.5,4.0
second_05_v2,berry_bush_harvested,0.647665,2.5,0.0
second_05_v2,frog,0.392491,-3.0,3.0
second_05_v2,merm,0.883162,1.0,4.0
second_05_v2,wilson,0.874269,0.5,1.0
second_05_v2,morsel,0.856487,3.0,1.0
second_05_v2,frog,0.816473,1.0,9.0
second_05_v2,berry_bush_harvested,0.696186,0.5,-3.0
second_05_v2,monster_meat,0.592717,1.0,8.0
second_05_v2,wilson,0.890052,0.5,6.0
second_05_v2,berry_bush_harvested,0.876625,0.0,2.0
second_05_v2,merm,0.875634,-0.5,2.0
second_05_v2,frog,0.769724,-0.5,0.0
second_05_v2,morsel,0.755331,1.0,5.0
second_05_v2,monster_meat,0.410559,-0.5,0.0
second_05_v2,berry_bush_harvested,0.90207,0.5,4.0
second_05_v2,wilson,0.885645,2.0,2.0
second_05_v2,merm,0.866541,-0.5,1.0
second_05_v2,morsel,0.853154,3.0,3.0
second_05_v2,frog,0.764072,0.5,1.0
second_05_v2,monster_meat,0.706496,0.0,3.0
second_05_v2,berry_bush_harvested,0.891672,1.5,2.0
second_05_v2,merm,0.891106,0.5,1.0
second_05_v2,berry_bush_harvested,0.888882,4.0,8.0
second_05_v2,berry_bush_harvested,0.888659,0.5,2.0
second_05_v2,wilson,0.873684,1.0,7.0
second_05_v2,morsel,0.831,4.0,5.0
second_05_v2,monster_meat,0.776027,2.0,4.0
second_05_v2,frog,0.240901,0.0,2.0
second_05_v2,merm,0.898146,0.5,4.0
second_05_v2,berry_bush_harvested,0.889804,0.5,3.0
second_05_v2,berry_bush_harvested,0.870903,0.5,3.0
second_05_v2,berry_bush_harvested,0.870887,1.5,2.0
second_05_v2,wilson,0.86004,2.5,5.0
second_05_v2,frog,0.832429,-2.0,1.0
second_05_v2,morsel,0.827338,1.5,3.0
second_05_v2,monster_meat,0.805423,-2.5,-3.0
second_05_v2,berry_bush_harvested,0.89946,-0.5,0.0
second_05_v2,berry_bush_harvested,0.884047,1.0,1.0
second_05_v2,wilson,0.8737,0.0,2.0
second_05_v2,berry_bush_harvested,0.85695,2.0,2.0
second_05_v2,frog,0.812542,-3.0,3.0
second_05_v2,merm,0.711433,2.5,9.0
second_05_v2,merm,0.899206,1.5,10.0
second_05_v2,wilson,0.877985,1.0,3.0
second_05_v2,berry_bush_harvested,0.874986,0.5,2.0
second_05_v2,berry_bush_harvested,0.867462,1.0,1.0
second_05_v2,berry_bush_harvested,0.854032,1.0,2.0
second_05_v2,monster_meat,0.817407,6.5,6.0
second_05_v2,morsel,0.804939,0.5,3.0
second_05_v2,frog,0.390443,0.5,1.0
second_05_v2,merm,0.88588,0.0,3.0
second_05_v2,berry_bush_harvested,0.854128,0.5,0.0
second_05_v2,wilson,0.851653,1.5,6.0
second_05_v2,morsel,0.843114,-0.5,-2.0
second_05_v2,frog,0.785699,-1.0,3.0
second_05_v2,berry_bush_harvested,0.781304,-0.5,2.0
second_05_v2,monster_meat,0.768711,-1.5,-1.0
second_05_v2,berry_bush_harvested,0.908249,0.5,0.0
second_05_v2,merm,0.877634,0.0,2.0
second_05_v2,wilson,0.875345,-1.0,5.0
second_05_v2,morsel,0.837767,2.5,0.0
second_05_v2,monster_meat,0.799614,2.5,9.0
second_05_v2,berry_bush_harvested,0.638432,0.5,3.0
second_05_v2,wilson,0.89287,0.0,1.0
second_05_v2,berry_bush_harvested,0.892772,0.5,2.0
second_05_v2,berry_bush_harvested,0.875072,0.5,2.0
second_05_v2,merm,0.871008,2.0,5.0
second_05_v2,morsel,0.830653,-4.5,3.0
second_05_v2,monster_meat,0.810606,2.5,7.0
second_05_v2,frog,0.758965,0.5,0.0
second_05_v2,berry_bush_harvested,0.48848,1.5,-4.0
second_05_v2,berry_bush_harvested,0.894504,0.5,2.0
second_05_v2,berry_bush_harvested,0.883209,-0.5,2.0
second_05_v2,wilson,0.880885,1.0,5.0
second_05_v2,merm,0.876783,1.5,-1.0
second_05_v2,berry_bush_harvested,0.866155,0.0,1.0
second_05_v2,morsel,0.832744,1.5,2.0
second_05_v2,frog,0.80482,1.0,3.0
second_05_v2,monster_meat,0.751398,-0.5,7.0
second_05_v2,berry_bush_harvested,0.913673,0.5,2.0
second_05_v2,berry_bush_harvested,0.89981,0.5,2.0
second_05_v2,wilson,0.899729,0.5,1.0
second_05_v2,merm,0.869851,1.0,-2.0
second_05_v2,berry_bush_harvested,0.835055,0.5,-2.0
second_05_v2,monster_meat,0.788571,2.5,0.0
second_05_v2,morsel,0.784397,-2.5,6.0
second_05_v2,frog,0.694703,-3.5,19.0
second_05_v2,berry_bush_harvested,0.916989,-1.0,1.0
second_05_v2,berry_bush_harvested,0.884114,0.5,3.0
second_05_v2,wilson,0.857049,-0.5,2.0
second_05_v2,frog,0.84814,0.5,2.0
second_05_v2,monster_meat,0.80574,3.5,0.0
second_05_v2,morsel,0.786809,0.5,0.0
second_05_v2,merm,0.761437,0.5,9.0
second_05_v2,berry_bush_harvested,0.919565,0.0,0.0
second_05_v2,berry_bush_harvested,0.914415,1.0,3.0
second_05_v2,merm,0.882226,1.0,5.0
second_05_v2,wilson,0.865884,-1.0,3.0
second_05_v2,frog,0.831478,-2.5,4.0
second_05_v2,morsel,0.830844,5.0,-2.0
second_05_v2,monster_meat,0.779234,-1.0,0.0
second_05_v2,berry_bush_harvested,0.9087,3.0,4.0
second_05_v2,merm,0.888336,0.0,-1.0
second_05_v2,berry_bush_harvested,0.887272,0.5,0.0
second_05_v2,wilson,0.847453,0.5,2.0
second_05_v2,frog,0.777481,1.5,3.0
second_05_v2,berry_bush_harvested,0.908392,1.5,2.0
second_05_v2,berry_bush_harvested,0.899699,1.0,2.0
second_05_v2,wilson,0.870121,-0.5,1.0
second_05_v2,merm,0.869452,0.5,-3.0
second_05_v2,frog,0.840148,0.5,2.0
second_05_v2,berry_bush_harvested,0.899014,1.0,3.0
second_05_v2,berry_bush_harvested,0.890292,2.0,1.0
second_05_v2,merm,0.874543,1.5,7.0
second_05_v2,wilson,0.874336,0.0,4.0
second_05_v2,morsel,0.823571,2.0,-2.0
second_05_v2,frog,0.814175,0.0,1.0
second_05_v2,berry_bush_harvested,0.892232,0.0,1.0
second_05_v2,merm,0.890425,-1.0,3.0
second_05_v2,berry_bush_harvested,0.88813,0.5,0.0
second_05_v2,berry_bush_harvested,0.884086,-1.0,3.0
second_05_v2,wilson,0.865583,2.5,2.0
second_05_v2,frog,0.798193,0.0,0.0
second_05_v2,monster_meat,0.621548,3.5,-2.0
second_05_v2,berry_bush_harvested,0.897125,0.5,3.0
second_05_v2,wilson,0.878692,2.5,4.0
second_05_v2,merm,0.873157,0.0,1.0
second_05_v2,berry_bush_harvested,0.870169,1.0,2.0
second_05_v2,frog,0.814113,0.5,2.0
second_05_v2,monster_meat,0.710856,7.0,7.0
second_05_v2,berry_bush_harvested,0.586859,1.5,3.0
second_05_v2,frog,0.127203,-5.5,-42.0
second_05_v2,berry_bush_harvested,0.904728,1.0,1.0
second_05_v2,merm,0.872549,1.5,-1.0
second_05_v2,wilson,0.856504,2.5,1.0
second_05_v2,monster_meat,0.786951,2.5,2.0
second_05_v2,berry_bush_harvested,0.914882,1.0,-1.0
second_05_v2,merm,0.875896,1.0,1.0
second_05_v2,wilson,0.873867,1.5,1.0
second_05_v2,frog,0.844061,0.5,-1.0
second_05_v2,monster_meat,0.748696,0.5,2.0
second_05_v2,berry_bush_harvested,0.904159,0.5,2.0
second_05_v2,berry_bush_harvested,0.898681,0.5,0.0
second_05_v2,wilson,0.879346,-0.5,0.0
second_05_v2,morsel,0.833583,0.0,-1.0
second_05_v2,merm,0.828833,1.5,5.0
second_05_v2,monster_meat,0.737862,10.5,9.0
second_05_v2,frog,0.734078,-1.0,11.0
second_05_v2,frog,0.572116,4.0,11.0
second_05_v2,berry_bush_harvested,0.911656,1.0,0.0
second_05_v2,berry_bush_harvested,0.899149,1.0,1.0
second_05_v2,merm,0.89628,1.5,4.0
second_05_v2,wilson,0.867142,0.5,3.0
second_05_v2,berry_bush_harvested,0.858329,2.5,-1.0
second_05_v2,morsel,0.814872,4.5,6.0
second_05_v2,frog,0.811837,0.5,2.0
second_05_v2,berry_bush_harvested,0.903869,1.5,2.0
second_05_v2,merm,0.882419,0.5,4.0
second_05_v2,wilson,0.865968,2.0,5.0
second_05_v2,morsel,0.832946,-1.0,2.0
second_05_v2,monster_meat,0.7879,5.0,6.0
second_05_v2,frog,0.348332,2.0,3.0
second_05_v2,berry_bush_harvested,0.902534,1.0,0.0
second_05_v2,wilson,0.88215,-0.5,2.0
second_05_v2,berry_bush_harvested,0.881892,0.5,1.0
second_05_v2,merm,0.881864,0.0,4.0
second_05_v2,morsel,0.854749,0.5,-1.0
second_05_v2,berry_bush_harvested,0.843837,2.0,-1.0
second_05_v2,monster_meat,0.737689,1.5,6.0
second_05_v2,frog,0.706683,2.5,2.0
second_05_v2,tree_evergreen_3,0.854616,0.5,1.0
second_05_v2,wilson,0.850292,1.0,1.0
second_05_v2,rock1,0.849494,4.0,1.0
second_05_v2,frog_legs,0.848906,3.0,0.0
second_05_v2,honey,0.848633,1.0,2.0
second_05_v2,rock2,0.810432,-0.5,1.0
second_05_v2,fish,0.809365,0.5,-1.0
second_05_v2,rocks,0.808558,1.0,0.0
second_05_v2,tallbird,0.730037,0.5,4.0
second_05_v2,rock2,0.87434,1.5,-1.0
second_05_v2,wilson,0.863051,-0.5,4.0
second_05_v2,tree_evergreen_3,0.851547,-3.0,0.0
second_05_v2,frog_legs,0.839287,1.0,1.0
second_05_v2,rocks,0.832871,1.5,2.0
second_05_v2,honey,0.803323,0.0,1.0
second_05_v2,fish,0.787605,2.5,3.0
second_05_v2,tallbird,0.783259,5.0,3.0
second_05_v2,rock1,0.125815,-32.0,-6.0
second_05_v2,wilson,0.887015,0.5,4.0
second_05_v2,rock2,0.872752,2.0,2.0
second_05_v2,rock1,0.862946,0.5,1.0
second_05_v2,tree_evergreen_3,0.83293,-1.5,1.0
second_05_v2,honey,0.823908,2.0,3.0
second_05_v2,frog_legs,0.821404,-1.5,8.0
second_05_v2,rocks,0.809006,1.5,3.0
second_05_v2,fish,0.779573,-1.0,15.0
second_05_v2,tallbird,0.777331,0.5,4.0
second_05_v2,wilson,0.896992,1.5,2.0
second_05_v2,tree_evergreen_3,0.882375,-1.0,0.0
second_05_v2,rock1,0.865244,1.5,2.0
second_05_v2,tallbird,0.850633,2.0,2.0
second_05_v2,rock2,0.845845,-1.0,2.0
second_05_v2,honey,0.844189,-1.5,3.0
second_05_v2,frog_legs,0.835795,-1.0,-1.0
second_05_v2,fish,0.823572,-1.0,1.0
second_05_v2,rocks,0.796118,-1.5,2.0
second_05_v2,wilson,0.882907,-0.5,6.0
second_05_v2,tree_evergreen_3,0.860683,0.0,0.0
second_05_v2,rock1,0.849635,0.0,1.0
second_05_v2,frog_legs,0.845489,1.0,0.0
second_05_v2,honey,0.842243,1.0,2.0
second_05_v2,tallbird,0.841671,-1.5,4.0
second_05_v2,fish,0.83568,2.0,-3.0
second_05_v2,rock2,0.816531,0.5,4.0
second_05_v2,rocks,0.796261,-0.5,0.0
second_05_v2,rock2,0.877815,2.0,-2.0
second_05_v2,wilson,0.872669,0.5,3.0
second_05_v2,tallbird,0.864664,-0.5,2.0
second_05_v2,honey,0.8589,1.0,1.0
second_05_v2,rock1,0.841633,1.5,0.0
second_05_v2,rocks,0.827269,0.5,3.0
second_05_v2,fish,0.784095,-0.5,3.0
second_05_v2,tree_evergreen_3,0.779685,0.0,2.0
second_05_v2,rock2,0.885348,2.0,3.0
second_05_v2,wilson,0.871695,2.0,3.0
second_05_v2,rock1,0.866508,0.5,0.0
second_05_v2,tree_evergreen_3,0.855941,1.0,-1.0
second_05_v2,tallbird,0.835115,0.5,7.0
second_05_v2,fish,0.794979,1.5,2.0
second_05_v2,rock2,0.870208,1.5,2.0
second_05_v2,wilson,0.863822,0.5,3.0
second_05_v2,rock1,0.852086,3.0,2.0
second_05_v2,tallbird,0.84959,0.0,1.0
second_05_v2,fish,0.813767,0.5,8.0
second_05_v2,tree_evergreen_3,0.63287,1.5,1.0
second_05_v2,wilson,0.877219,0.5,5.0
second_05_v2,rock2,0.876959,1.5,2.0
second_05_v2,tallbird,0.860524,1.5,0.0
second_05_v2,fish,0.791032,0.0,3.0
second_05_v2,rocks,0.758944,2.0,4.0
second_05_v2,wilson,0.886763,-0.5,0.0
second_05_v2,tallbird,0.833691,1.5,3.0
second_05_v2,fish,0.819805,2.0,4.0
second_05_v2,wilson,0.878886,3.5,3.0
second_05_v2,rock1,0.862224,1.5,3.0
second_05_v2,tallbird,0.852597,1.5,-3.0
second_05_v2,rock2,0.845525,0.0,2.0
second_05_v2,rocks,0.835611,1.5,4.0
second_05_v2,tree_evergreen_3,0.816917,-1.5,-2.0
second_05_v2,rock2,0.862238,-1.0,1.0
second_05_v2,rock1,0.857492,1.5,0.0
second_05_v2,wilson,0.85358,1.5,5.0
second_05_v2,frog_legs,0.847548,2.5,-1.0
second_05_v2,rocks,0.847425,2.0,1.0
second_05_v2,tallbird,0.839474,1.5,1.0
second_05_v2,tree_evergreen_3,0.811789,1.5,0.0
second_05_v2,fish,0.744737,0.5,6.0
second_05_v2,rock1,0.882902,1.5,0.0
second_05_v2,wilson,0.86706,-1.0,1.0
second_05_v2,rock2,0.861808,0.0,1.0
second_05_v2,tree_evergreen_3,0.829778,0.5,1.0
second_05_v2,honey,0.825781,-1.0,6.0
second_05_v2,fish,0.820536,4.0,4.0
second_05_v2,frog_legs,0.820431,0.5,1.0
second_05_v2,rocks,0.816739,0.5,3.0
second_05_v2,tallbird,0.759014,-0.5,2.0
second_05_v2,rock2,0.884466,0.5,1.0
second_05_v2,rock1,0.872387,-1.0,3.0
second_05_v2,wilson,0.847029,-0.5,2.0
second_05_v2,tree_evergreen_3,0.834948,-0.5,2.0
second_05_v2,honey,0.824066,-1.0,1.0
second_05_v2,fish,0.823602,2.5,1.0
second_05_v2,rocks,0.803433,-0.5,4.0
second_05_v2,frog_legs,0.769525,1.0,9.0
second_05_v2,tallbird,0.419153,2.5,2.0
second_05_v2,wilson,0.881911,0.5,2.0
second_05_v2,rock2,0.877965,2.0,4.0
second_05_v2,rock1,0.865889,1.5,0.0
second_05_v2,tree_evergreen_3,0.862889,0.0,2.0
second_05_v2,fish,0.827112,4.5,4.0
second_05_v2,tallbird,0.817793,-1.5,4.0
second_05_v2,honey,0.815688,1.0,3.0
second_05_v2,rocks,0.781428,0.5,2.0
second_05_v2,rock2,0.887071,0.0,2.0
second_05_v2,rock1,0.882267,1.0,1.0
second_05_v2,wilson,0.86203,-1.5,3.0
second_05_v2,tallbird,0.850322,2.0,2.0
second_05_v2,fish,0.84801,4.5,-1.0
second_05_v2,honey,0.803211,-0.5,4.0
second_05_v2,rocks,0.791251,1.5,0.0
second_05_v2,tree_evergreen_3,0.789422,-2.5,1.0
second_05_v2,wilson,0.889362,0.0,4.0
second_05_v2,rock1,0.884823,1.5,0.0
second_05_v2,rock2,0.870812,1.0,5.0
second_05_v2,tree_evergreen_3,0.869869,0.0,1.0
second_05_v2,frog_legs,0.860531,-2.5,1.0
second_05_v2,tallbird,0.827744,1.0,-4.0
second_05_v2,honey,0.804477,0.5,2.0
second_05_v2,rocks,0.803326,-1.5,4.0
second_05_v2,fish,0.794944,1.5,3.0
second_05_v2,wilson,0.880923,2.0,3.0
second_05_v2,frog_legs,0.818732,0.5,0.0
second_05_v2,tree_evergreen_3,0.816369,-0.5,3.0
second_05_v2,fish,0.801676,2.0,7.0
second_05_v2,rocks,0.800341,1.5,2.0
second_05_v2,honey,0.797374,1.0,0.0
second_05_v2,tallbird,0.789083,4.5,-1.0
second_05_v2,rock1,0.628357,0.0,-4.0
second_05_v2,wilson,0.893197,-0.5,-1.0
second_05_v2,rock2,0.891921,2.5,3.0
second_05_v2,tallbird,0.866973,2.0,2.0
second_05_v2,rock1,0.862981,-2.0,0.0
second_05_v2,tree_evergreen_3,0.836229,-6.0,5.0
second_05_v2,honey,0.814847,-0.5,1.0
second_05_v2,wilson,0.894309,1.5,1.0
second_05_v2,rock2,0.88127,0.5,1.0
second_05_v2,rock1,0.87091,-0.5,4.0
second_05_v2,honey,0.85663,0.5,2.0
second_05_v2,tallbird,0.849293,0.5,0.0
second_05_v2,fish,0.817097,1.0,0.0
second_05_v2,tree_evergreen_3,0.805228,1.5,-1.0
second_05_v2,wilson,0.867946,1.0,2.0
second_05_v2,honey,0.854537,1.0,2.0
second_05_v2,tree_evergreen_3,0.844491,0.0,0.0
second_05_v2,tallbird,0.829675,-2.5,-2.0
second_05_v2,fish,0.773369,3.0,6.0
second_05_v2,rock2,0.579858,0.5,3.0
second_05_v2,tallbird,0.897596,-2.5,4.0
second_05_v2,rock2,0.886661,1.5,-2.0
second_05_v2,wilson,0.873679,0.5,3.0
second_05_v2,honey,0.850291,2.0,1.0
second_05_v2,tree_evergreen_3,0.837981,2.5,1.0
second_05_v2,rock2,0.880724,2.0,2.0
second_05_v2,wilson,0.868664,1.0,2.0
second_05_v2,tree_evergreen_3,0.860703,0.0,1.0
second_05_v2,rock1,0.849474,3.0,0.0
second_05_v2,tallbird,0.835518,2.0,2.0
second_05_v2,rock2,0.874972,0.5,3.0
second_05_v2,tree_evergreen_3,0.865231,1.5,0.0
second_05_v2,rock1,0.862164,2.0,1.0
second_05_v2,frog_legs,0.848796,1.0,2.0
second_05_v2,wilson,0.82819,1.5,4.0
second_05_v2,fish,0.82314,2.5,0.0
second_05_v2,rocks,0.818701,-0.5,4.0
second_05_v2,tallbird,0.756893,4.0,8.0
second_05_v2,rock2,0.884514,0.5,1.0
second_05_v2,wilson,0.869584,2.0,5.0
second_05_v2,fish,0.83566,0.5,2.0
second_05_v2,tallbird,0.830575,-0.5,4.0
second_05_v2,rock1,0.829673,3.0,-2.0
second_05_v2,rocks,0.79932,1.0,2.0
second_05_v2,tree_evergreen_3,0.797787,-2.5,-2.0
second_05_v2,rock1,0.876557,0.5,0.0
second_05_v2,tree_evergreen_3,0.865802,0.0,2.0
second_05_v2,wilson,0.863875,0.5,2.0
second_05_v2,frog_legs,0.86221,1.0,2.0
second_05_v2,honey,0.850945,-0.5,2.0
second_05_v2,tallbird,0.815714,3.0,11.0
second_05_v2,rocks,0.811922,-0.5,1.0
second_05_v2,fish,0.788782,1.5,3.0
second_05_v2,wilson,0.877405,0.0,5.0
second_05_v2,rock2,0.87267,1.5,1.0
second_05_v2,rock1,0.869158,0.5,0.0
second_05_v2,tallbird,0.840906,1.5,-7.0
second_05_v2,fish,0.822221,2.0,2.0
second_05_v2,tree_evergreen_3,0.806207,-1.5,0.0
second_05_v2,frog_legs,0.798247,2.0,0.0
second_05_v2,rocks,0.797329,-0.5,1.0
second_05_v2,honey,0.791609,-0.5,3.0
second_05_v2,wilson,0.873187,2.5,0.0
second_05_v2,rock2,0.830399,1.0,2.0
second_05_v2,honey,0.812511,1.0,3.0
second_05_v2,tree_evergreen_3,0.792135,0.5,4.0
second_05_v2,tallbird,0.780359,13.5,43.0
second_05_v2,wilson,0.890918,0.5,0.0
second_05_v2,rock2,0.8718,1.0,-2.0
second_05_v2,honey,0.812528,0.5,0.0
second_05_v2,rock1,0.798473,16.5,1.0
second_05_v2,tallbird,0.661901,11.5,1.0
second_05_v2,tallbird,0.474979,-30.5,7.0
second_05_v2,wilson,0.888229,0.0,3.0
second_05_v2,rock2,0.884332,1.5,1.0
second_05_v2,rock1,0.846123,1.5,0.0
second_05_v2,honey,0.840816,0.5,2.0
second_05_v2,tallbird,0.751018,5.0,6.0
second_05_v2,rock2,0.885666,1.0,0.0
second_05_v2,wilson,0.872992,0.0,0.0
second_05_v2,rock1,0.856696,-1.5,0.0
second_05_v2,honey,0.820695,0.0,2.0
second_05_v2,tallbird,0.735408,2.0,0.0
second_05_v2,tree_evergreen_3,0.423099,-7.0,-10.0
second_05_v2,wilson,0.848207,0.0,3.0
second_05_v2,honey,0.838624,0.5,4.0
second_05_v2,rock1,0.837611,3.0,0.0
second_05_v2,rocks,0.825749,0.5,2.0
second_05_v2,fish,0.813813,0.5,1.0
second_05_v2,tree_evergreen_3,0.747768,-1.0,2.0
second_05_v2,rock2,0.737534,0.0,7.0
second_05_v2,tallbird,0.486779,-6.0,18.0
second_05_v2,tallbird,0.42413,-32.0,-39.0
second_05_v2,wilson,0.874961,0.5,2.0
second_05_v2,rock1,0.872441,1.0,1.0
second_05_v2,rock2,0.865248,2.0,5.0
second_05_v2,tree_evergreen_3,0.832121,1.0,-2.0
second_05_v2,honey,0.81644,0.0,2.0
second_05_v2,fish,0.794832,1.0,4.0
second_05_v2,frog_legs,0.781718,0.5,3.0
second_05_v2,tallbird,0.769796,-10.5,20.0
second_05_v2,rocks,0.377944,-1.5,8.0
second_05_v2,wilson,0.875282,0.5,5.0
second_05_v2,rock1,0.849813,1.5,-1.0
second_05_v2,tallbird,0.845477,-2.0,4.0
second_05_v2,frog_legs,0.844955,1.0,1.0
second_05_v2,rock2,0.842737,1.5,2.0
second_05_v2,tree_evergreen_3,0.809783,0.5,1.0
second_05_v2,fish,0.775877,8.5,4.0
second_05_v2,rocks,0.527674,-2.5,3.0
second_05_v2,tree_evergreen_3,0.859678,0.0,1.0
second_05_v2,rock1,0.847918,1.5,-1.0
second_05_v2,honey,0.818485,3.5,3.0
second_05_v2,wilson,0.799515,0.5,0.0
second_05_v2,rocks,0.79462,0.5,2.0
second_05_v2,fish,0.780834,2.5,2.0
second_05_v2,tallbird,0.747411,-27.0,2.0
second_05_v2,rock2,0.746281,4.5,2.0
second_05_v2,wilson,0.863794,0.0,-1.0
second_05_v2,rock1,0.863495,0.0,-1.0
second_05_v2,tree_evergreen_3,0.860323,0.5,1.0
second_05_v2,honey,0.846701,1.5,3.0
second_05_v2,tallbird,0.824383,4.5,4.0
second_05_v2,fish,0.80386,-1.0,3.0
second_05_v2,rock2,0.651762,0.0,2.0
second_05_v2,honey,0.86828,0.5,1.0
second_05_v2,rock1,0.829492,3.0,0.0
second_05_v2,fish,0.820483,1.5,4.0
second_05_v2,rocks,0.818828,0.5,2.0
second_05_v2,tallbird,0.762339,2.5,-8.0
second_05_v2,tallbird,0.37659,1.5,59.0
second_05_v2,tree_evergreen_3,0.194237,4.0,19.0
second_05_v2,wilson,0.890914,-1.0,2.0
second_05_v2,rock1,0.863787,2.0,0.0
second_05_v2,rock2,0.85254,1.5,1.0
second_05_v2,tree_evergreen_3,0.840757,-0.5,4.0
second_05_v2,rocks,0.823699,0.5,2.0
second_05_v2,fish,0.809723,0.5,1.0
second_05_v2,honey,0.805904,-2.0,2.0
second_05_v2,wilson,0.893494,0.5,3.0
second_05_v2,clock_rook,0.854675,0.0,-1.0
second_05_v2,clock_bishop,0.848472,2.0,-3.0
second_05_v2,tree_evergreen_4,0.847523,1.0,-1.0
second_05_v2,spider_warrior,0.81665,1.5,0.0
second_05_v2,log,0.788921,2.5,1.0
second_05_v2,gold_nugget,0.765735,0.5,6.0
second_05_v2,wilson,0.885908,-1.0,0.0
second_05_v2,clock_bishop,0.852662,6.0,4.0
second_05_v2,clock_rook,0.810345,1.5,-17.0
second_05_v2,spider_warrior,0.744006,-0.5,3.0
second_05_v2,wilson,0.90256,0.5,4.0
second_05_v2,clock_bishop,0.848449,4.5,7.0
second_05_v2,clock_rook,0.820051,0.5,1.0
second_05_v2,spider_warrior,0.796276,-1.0,-3.0
second_05_v2,wilson,0.890391,1.5,2.0
second_05_v2,tree_evergreen_4,0.854964,1.0,0.0
second_05_v2,log,0.819252,-1.5,2.0
second_05_v2,clock_rook,0.818371,0.5,6.0
second_05_v2,clock_knight,0.792722,-1.5,-1.0
second_05_v2,spider,0.771447,-7.5,2.0
second_05_v2,spider,0.56053,1.0,-1.0
second_05_v2,spider,0.543671,25.0,9.0
second_05_v2,spider,0.41808,3.0,10.0
second_05_v2,spider,0.34933,14.0,4.0
second_05_v2,clock_bishop,0.262794,0.0,-25.0
second_05_v2,gold_nugget,0.184058,1.0,1.0
second_05_v2,clock_rook,0.86756,2.0,1.0
second_05_v2,log,0.856357,-1.0,1.0
second_05_v2,wilson,0.851224,2.5,2.0
second_05_v2,spider,0.777285,-1.5,-1.0
second_05_v2,monster_meat,0.763629,5.0,-2.0
second_05_v2,tree_evergreen_4,0.744813,2.0,-2.0
second_05_v2,spider,0.512554,-7.5,-7.0
second_05_v2,gold_nugget,0.50377,-0.5,6.0
second_05_v2,clock_knight,0.383344,3.0,12.0
second_05_v2,spider,0.333767,16.5,3.0
second_05_v2,spider,0.304149,-25.5,1.0
second_05_v2,spider,0.260739,-12.0,-2.0
second_05_v2,spider,0.212957,8.0,-18.0
second_05_v2,spider,0.206427,-11.0,-16.0
second_05_v2,spider,0.199521,10.5,2.0
second_05_v2,spider,0.18487,8.0,-10.0
second_05_v2,spider,0.161239,12.5,-6.0
second_05_v2,spider,0.156484,12.5,25.0
second_05_v2,tree_evergreen_4,0.853931,0.5,1.0
second_05_v2,wilson,0.843598,-0.5,7.0
second_05_v2,clock_rook,0.842314,-4.0,1.0
second_05_v2,monster_meat,0.755982,0.5,-4.0
second_05_v2,spider,0.605786,-9.0,-3.0
second_05_v2,spider,0.599526,3.5,0.0
second_05_v2,spider_nest1,0.513304,1.0,10.0
second_05_v2,spider,0.415403,-22.0,-12.0
second_05_v2,gold_nugget,0.30006,2.0,3.0
second_05_v2,clock_knight,0.236277,7.0,0.0
second_05_v2,spider,0.223142,-1.5,16.0
second_05_v2,spider,0.180212,16.5,8.0
second_05_v2,spider,0.156248,-12.0,-31.0
second_05_v2,spider,0.141039,-17.5,4.0
second_05_v2,spider,0.131817,-29.5,-3.0
second_05_v2,spider,0.112837,-16.0,-32.0
second_05_v2,spider,0.104515,-4.0,-15.0
second_05_v2,spider,0.10256,7.0,-14.0
second_05_v2,clock_rook,0.859895,-2.5,0.0
second_05_v2,wilson,0.833533,0.0,5.0
second_05_v2,monster_meat,0.748107,5.5,-1.0
second_05_v2,spider,0.660244,5.5,2.0
second_05_v2,spider,0.489413,-9.5,1.0
second_05_v2,spider,0.45221,-19.0,0.0
second_05_v2,spider,0.400014,-2.5,-7.0
second_05_v2,spider,0.347601,2.5,10.0
second_05_v2,spider,0.267834,-23.0,10.0
second_05_v2,spider,0.239148,-13.0,6.0
second_05_v2,spider,0.211296,3.0,9.0
second_05_v2,spider,0.199894,23.5,28.0
second_05_v2,spider,0.199,-6.5,3.0
second_05_v2,spider,0.162351,-33.5,-8.0
second_05_v2,spider,0.159137,-11.5,1.0
second_05_v2,spider,0.132707,-13.5,-22.0
second_05_v2,spider,0.122734,6.0,-4.0
second_05_v2,spider,0.109193,19.5,9.0
second_05_v2,spider,0.103976,17.0,9.0
second_05_v2,clock_knight,0.102979,9.0,-13.0
second_05_v2,clock_rook,0.881331,-0.5,6.0
second_05_v2,log,0.857201,0.0,2.0
second_05_v2,wilson,0.844163,-0.5,0.0
second_05_v2,monster_meat,0.743921,-0.5,1.0
second_05_v2,gold_nugget,0.61592,5.0,1.0
second_05_v2,spider,0.511505,2.5,12.0
second_05_v2,spider,0.395082,-1.0,-3.0
second_05_v2,clock_knight,0.320225,-8.5,-5.0
second_05_v2,spider,0.320195,33.0,10.0
second_05_v2,spider,0.300725,35.5,-20.0
second_05_v2,spider,0.298044,-23.0,2.0
second_05_v2,spider,0.244588,-13.0,12.0
second_05_v2,spider,0.203477,27.5,-12.0
second_05_v2,spider,0.129699,16.5,-24.0
second_05_v2,spider,0.103165,-15.0,-7.0
second_05_v2,wilson,0.885183,2.5,6.0
second_05_v2,spider_nest1,0.847083,0.5,3.0
second_05_v2,log,0.816498,1.0,0.0
second_05_v2,monster_meat,0.782008,3.0,1.0
second_05_v2,gold_nugget,0.763051,-1.0,4.0
second_05_v2,clock_rook,0.729654,2.5,17.0
second_05_v2,tree_evergreen_4,0.426557,2.5,0.0
second_05_v2,spider,0.368338,6.5,-10.0
second_05_v2,wilson,0.882962,2.5,3.0
second_05_v2,log,0.852791,1.5,2.0
second_05_v2,clock_rook,0.845427,-2.0,-3.0
second_05_v2,gold_nugget,0.797869,1.0,6.0
second_05_v2,spider_nest1,0.766677,0.5,-1.0
second_05_v2,spider,0.622944,0.5,5.0
second_05_v2,spider,0.496633,10.5,0.0
second_05_v2,spider,0.4576,-18.0,5.0
second_05_v2,tree_evergreen_4,0.384028,3.5,2.0
second_05_v2,spider,0.28991,-6.0,5.0
second_05_v2,wilson,0.865814,-0.5,7.0
second_05_v2,clock_rook,0.863718,0.5,3.0
second_05_v2,clock_bishop,0.850709,-1.5,2.0
second_05_v2,tree_evergreen_4,0.847555,2.5,2.0
second_05_v2,clock_knight,0.814672,1.0,7.0
second_05_v2,log,0.803083,0.5,1.0
second_05_v2,monster_meat,0.785885,10.0,3.0
second_05_v2,gold_nugget,0.768444,-0.5,6.0
second_05_v2,clock_rook,0.878862,2.5,4.0
second_05_v2,wilson,0.863241,-0.5,1.0
second_05_v2,clock_bishop,0.858303,3.0,2.0
second_05_v2,tree_evergreen_4,0.8516,6.0,1.0
second_05_v2,clock_knight,0.82302,0.5,1.0
second_05_v2,gold_nugget,0.785432,0.0,4.0
second_05_v2,monster_meat,0.437957,9.0,3.0
second_05_v2,wilson,0.859944,-1.5,0.0
second_05_v2,clock_bishop,0.84907,3.0,6.0
second_05_v2,clock_knight,0.828027,0.5,3.0
second_05_v2,gold_nugget,0.789274,2.5,4.0
second_05_v2,monster_meat,0.767567,1.5,5.0
second_05_v2,tree_evergreen_4,0.720526,6.5,4.0
second_05_v2,clock_rook,0.869974,1.0,2.0
second_05_v2,wilson,0.84556,-4.5,1.0
second_05_v2,clock_bishop,0.840099,-2.5,9.0
second_05_v2,clock_knight,0.814546,-0.5,2.0
second_05_v2,gold_nugget,0.772902,2.0,6.0
second_05_v2,monster_meat,0.745518,4.5,8.0
second_05_v2,clock_bishop,0.852037,-0.5,10.0
second_05_v2,clock_rook,0.850434,-2.5,20.0
second_05_v2,wilson,0.84703,3.0,9.0
second_05_v2,tree_evergreen_4,0.844484,-0.5,3.0
second_05_v2,gold_nugget,0.82127,2.0,2.0
second_05_v2,monster_meat,0.749362,2.5,-1.0
second_05_v2,clock_knight,0.300571,-1.5,10.0
second_05_v2,wilson,0.883655,-0.5,3.0
second_05_v2,clock_rook,0.877579,3.0,0.0
second_05_v2,clock_bishop,0.860747,0.5,4.0
second_05_v2,monster_meat,0.787705,3.5,3.0
second_05_v2,gold_nugget,0.759901,2.5,6.0
second_05_v2,clock_knight,0.464314,-3.0,0.0
second_05_v2,wilson,0.866391,3.0,4.0
second_05_v2,clock_bishop,0.863626,0.5,2.0
second_05_v2,clock_rook,0.860289,-1.5,4.0
second_05_v2,gold_nugget,0.769905,2.0,6.0
second_05_v2,monster_meat,0.74754,0.0,0.0
second_05_v2,clock_knight,0.744277,-0.5,1.0
second_05_v2,wilson,0.881562,-1.0,3.0
second_05_v2,spider_nest1,0.857036,0.5,3.0
second_05_v2,tree_evergreen_4,0.853956,1.0,2.0
second_05_v2,clock_rook,0.839728,-5.5,5.0
second_05_v2,gold_nugget,0.778023,2.0,3.0
second_05_v2,clock_knight,0.733911,1.5,5.0
second_05_v2,log,0.490914,-0.5,9.0
second_05_v2,spider_nest1,0.246501,2.5,9.0
second_05_v2,wilson,0.868254,0.5,0.0
second_05_v2,spider_nest1,0.852588,0.0,2.0
second_05_v2,log,0.838791,2.5,3.0
second_05_v2,tree_evergreen_4,0.837915,1.0,4.0
second_05_v2,clock_rook,0.811085,1.0,4.0
second_05_v2,clock_knight,0.808597,1.0,0.0
second_05_v2,gold_nugget,0.78484,-1.0,1.0
second_05_v2,clock_bishop,0.402927,3.5,33.0
second_05_v2,wilson,0.880591,2.0,5.0
second_05_v2,clock_rook,0.865339,-1.0,6.0
second_05_v2,monster_meat,0.81664,5.0,0.0
second_05_v2,clock_knight,0.768436,0.5,3.0
second_05_v2,gold_nugget,0.760457,1.0,2.0
second_05_v2,log,0.855677,0.5,0.0
second_05_v2,wilson,0.851351,-0.5,1.0
second_05_v2,clock_rook,0.843579,-0.5,0.0
second_05_v2,clock_knight,0.811872,1.5,2.0
second_05_v2,clock_bishop,0.671674,-1.5,-1.0
second_05_v2,clock_bishop,0.293911,6.5,-3.0
second_05_v2,log,0.875019,-1.0,-1.0
second_05_v2,clock_rook,0.873166,-1.0,3.0
second_05_v2,wilson,0.863884,1.0,2.0
second_05_v2,clock_knight,0.787249,0.5,2.0
second_05_v2,gold_nugget,0.75926,3.5,1.0
second_05_v2,wilson,0.869435,1.5,4.0
second_05_v2,spider_nest1,0.864057,1.5,1.0
second_05_v2,tree_evergreen_4,0.83986,3.0,1.0
second_05_v2,gold_nugget,0.800328,1.0,2.0
second_05_v2,clock_bishop,0.781817,2.5,-4.0
second_05_v2,clock_knight,0.628137,5.0,1.0
second_05_v2,wilson,0.887383,0.5,2.0
second_05_v2,spider_nest1,0.850979,5.5,-2.0
second_05_v2,clock_rook,0.84739,2.0,-2.0
second_05_v2,spider_nest2,0.817679,6.5,-5.0
second_05_v2,spider_nest3,0.649619,-8.5,-6.0
second_05_v2,spider_nest1,0.493025,-1.0,6.0
second_05_v2,spider_nest1,0.883125,1.5,5.0
second_05_v2,clock_rook,0.871741,2.5,3.0
second_05_v2,wilson,0.866299,1.0,1.0
second_05_v2,spider_nest2,0.73217,-3.0,-4.0
second_05_v2,spider_nest3,0.600248,-2.5,4.0
second_05_v2,spider_nest3,0.43192,-47.5,-1.0
second_05_v2,clock_rook,0.873485,-0.5,-1.0
second_05_v2,wilson,0.863629,1.5,2.0
second_05_v2,spider_nest2,0.837827,1.0,-4.0
second_05_v2,spider_nest1,0.83208,1.0,2.0
second_05_v2,spider_nest1,0.808663,3.5,4.0
second_05_v2,spider_nest3,0.307418,-9.5,6.0
second_05_v2,spider_nest1,0.883175,0.5,3.0
second_05_v2,clock_rook,0.876773,0.0,4.0
second_05_v2,wilson,0.86375,-0.5,0.0
second_05_v2,tree_evergreen_4,0.836786,2.5,0.0
second_05_v2,gold_nugget,0.823686,1.5,1.0
second_05_v2,log,0.821425,0.5,0.0
second_05_v2,monster_meat,0.793969,1.5,2.0
second_05_v2,clock_rook,0.866716,0.0,2.0
second_05_v2,tree_evergreen_4,0.85731,1.0,0.0
second_05_v2,wilson,0.853704,1.5,0.0
second_05_v2,gold_nugget,0.822662,0.0,1.0
second_05_v2,spider_nest2,0.8013,1.5,2.0
second_05_v2,monster_meat,0.785034,0.0,-2.0
second_05_v2,wilson,0.87937,2.0,-2.0
second_05_v2,tree_evergreen_4,0.857631,2.5,3.0
second_05_v2,spider_nest1,0.851463,3.0,8.0
second_05_v2,clock_bishop,0.838238,-1.0,2.0
second_05_v2,clock_rook,0.825829,0.5,2.0
second_05_v2,monster_meat,0.770554,1.0,1.0
second_05_v2,spider_nest3,0.765429,8.5,3.0
second_05_v2,spider_nest1,0.86298,6.5,-8.0
second_05_v2,clock_bishop,0.846026,0.5,-2.0
second_05_v2,wilson,0.840784,1.0,5.0
second_05_v2,spider_nest3,0.738554,-6.0,-3.0
second_05_v2,clock_rook,0.705136,20.5,1.0
second_05_v2,log,0.182117,10.5,2.0
second_05_v2,clock_rook,0.855822,0.5,-4.0
second_05_v2,log,0.854074,1.0,1.0
second_05_v2,spider_nest1,0.835156,1.0,-2.0
second_05_v2,wilson,0.810796,0.0,2.0
second_05_v2,gold_nugget,0.804851,3.5,-1.0
second_05_v2,clock_bishop,0.7883,-2.5,9.0
second_05_v2,spider_nest3,0.741803,-4.0,-3.0
second_05_v2,spider_nest2,0.73545,4.0,7.0
second_05_v2,wilson,0.874487,1.0,2.0
second_05_v2,clock_rook,0.854207,1.5,-2.0
second_05_v2,log,0.848071,1.5,0.0
second_05_v2,spider_nest2,0.847701,0.5,2.0
second_05_v2,spider_nest1,0.840522,0.0,3.0
second_05_v2,gold_nugget,0.677044,3.0,2.0
second_05_v2,log,0.672904,0.5,-2.0
second_05_v2,spider_nest1,0.547797,2.0,-1.0
second_05_v2,spider_nest2,0.878618,7.0,-3.0
second_05_v2,spider_nest1,0.870033,5.0,5.0
second_05_v2,spider_nest1,0.858617,1.5,1.0
second_05_v2,wilson,0.852796,-0.5,0.0
second_05_v2,clock_rook,0.845605,2.0,2.0
second_05_v2,log,0.82673,0.5,2.0
second_05_v2,log,0.792943,-1.0,-1.0
second_05_v2,gold_nugget,0.788699,3.0,0.0
second_05_v2,spider_nest3,0.761664,-27.0,12.0
second_05_v2,wilson,0.887054,0.5,0.0
second_05_v2,clock_bishop,0.855685,1.0,2.0
second_05_v2,clock_rook,0.853892,-0.5,-1.0
second_05_v2,spider_nest1,0.844057,2.5,3.0
second_05_v2,log,0.822635,3.0,-1.0
second_05_v2,monster_meat,0.769381,1.5,2.0
second_05_v2,spider_nest2,0.732222,-5.5,10.0
second_05_v2,spider_nest3,0.668746,-27.5,-1.0
second_05_v2,gold_nugget,0.486651,2.0,4.0
second_05_v2,wilson,0.84973,-1.5,4.0
second_05_v2,drumstick,0.807682,0.0,-1.0
second_05_v2,gold_nugget,0.793416,0.5,-3.0
second_05_v2,gobbler,0.725759,1.5,-3.0
second_05_v2,wilson,0.867125,0.0,5.0
second_05_v2,drumstick,0.828094,-1.5,2.0
second_05_v2,gold_nugget,0.770575,2.0,-1.0
second_05_v2,gobbler,0.528455,1.0,25.0
second_05_v2,wilson,0.891516,-1.0,3.0
second_05_v2,drumstick,0.810661,0.5,-2.0
second_05_v2,gold_nugget,0.799355,1.5,2.0
second_05_v2,gobbler,0.661229,-0.5,-1.0
second_05_v2,wilson,0.856183,-1.0,3.0
second_05_v2,drumstick,0.84077,-1.5,7.0
second_05_v2,gold_nugget,0.786671,1.5,0.0
second_05_v2,gobbler,0.659521,2.0,11.0
second_05_v2,wilson,0.861687,0.5,4.0
second_05_v2,drumstick,0.8322,1.0,5.0
second_05_v2,gobbler,0.791783,-1.5,-2.0
second_05_v2,gold_nugget,0.686637,0.5,-5.0
second_05_v2,wilson,0.873008,1.5,4.0
second_05_v2,gobbler,0.801529,4.0,-9.0
second_05_v2,drumstick,0.764573,4.0,3.0
second_05_v2,wilson,0.837791,1.5,1.0
second_05_v2,drumstick,0.805455,2.0,4.0
second_05_v2,gobbler,0.798809,1.0,3.0
second_05_v2,gold_nugget,0.583211,2.0,4.0
second_05_v2,wilson,0.875906,0.5,3.0
second_05_v2,gold_nugget,0.829992,1.0,2.0
second_05_v2,gobbler,0.795183,-0.5,3.0
second_05_v2,drumstick,0.791204,-3.5,1.0
second_05_v2,gobbler,0.8528,2.0,-17.0
second_05_v2,wilson,0.832623,1.0,2.0
second_05_v2,drumstick,0.823807,-2.5,3.0
second_05_v2,gold_nugget,0.786338,2.5,5.0
second_05_v2,wilson,0.883722,-1.0,6.0
second_05_v2,gobbler,0.839128,-2.0,-15.0
second_05_v2,gold_nugget,0.815353,0.0,5.0
second_05_v2,drumstick,0.814045,-4.0,1.0
second_05_v2,wilson,0.868615,0.5,5.0
second_05_v2,gobbler,0.829938,-0.5,-6.0
second_05_v2,gold_nugget,0.799359,2.5,0.0
second_05_v2,drumstick,0.786527,-3.0,5.0
second_05_v2,wilson,0.864739,-0.5,2.0
second_05_v2,drumstick,0.836705,-2.0,9.0
second_05_v2,gold_nugget,0.799237,0.0,-2.0
second_05_v2,gobbler,0.674081,6.5,2.0
second_05_v2,wilson,0.86749,0.5,3.0
second_05_v2,drumstick,0.823884,-0.5,4.0
second_05_v2,gobbler,0.771197,3.0,23.0
second_05_v2,gold_nugget,0.695473,1.5,0.0
second_05_v2,wilson,0.877403,0.5,2.0
second_05_v2,gobbler,0.839732,-3.0,-3.0
second_05_v2,drumstick,0.813358,0.5,1.0
second_05_v2,gold_nugget,0.5904,-1.0,4.0
second_05_v2,wilson,0.88208,0.0,1.0
second_05_v2,gobbler,0.817456,1.0,-3.0
second_05_v2,drumstick,0.793647,0.0,-1.0
second_05_v2,wilson,0.8804,0.5,4.0
second_05_v2,gobbler,0.824238,-4.5,11.0
second_05_v2,drumstick,0.804914,3.5,5.0
second_05_v2,wilson,0.88436,1.0,1.0
second_05_v2,gobbler,0.842236,-2.5,19.0
second_05_v2,drumstick,0.835013,3.5,3.0
second_05_v2,gold_nugget,0.765869,1.5,9.0
second_05_v2,wilson,0.878163,1.5,3.0
second_05_v2,gobbler,0.841755,-0.5,6.0
second_05_v2,drumstick,0.821232,1.0,8.0
second_05_v2,gold_nugget,0.797027,2.0,2.0
second_05_v2,wilson,0.876548,2.5,2.0
second_05_v2,gobbler,0.846882,2.5,1.0
second_05_v2,drumstick,0.818575,2.5,2.0
second_05_v2,gold_nugget,0.772435,1.5,2.0
second_05_v2,wilson,0.883136,1.5,3.0
second_05_v2,gobbler,0.838102,3.0,0.0
second_05_v2,drumstick,0.83323,1.5,-2.0
second_05_v2,gold_nugget,0.760489,3.0,5.0
second_05_v2,wilson,0.889532,0.5,3.0
second_05_v2,gobbler,0.838002,0.5,3.0
second_05_v2,gold_nugget,0.782687,0.0,2.0
second_05_v2,drumstick,0.773407,5.0,2.0
second_05_v2,wilson,0.888267,1.0,5.0
second_05_v2,gobbler,0.83807,-1.5,16.0
second_05_v2,drumstick,0.824699,1.0,3.0
second_05_v2,gold_nugget,0.802911,2.5,2.0
second_05_v2,wilson,0.883953,0.0,2.0
second_05_v2,gobbler,0.846798,0.0,5.0
second_05_v2,drumstick,0.823534,1.5,1.0
second_05_v2,gold_nugget,0.631749,1.5,8.0
second_05_v2,wilson,0.857895,1.5,3.0
second_05_v2,gobbler,0.830504,-1.5,11.0
second_05_v2,drumstick,0.42419,1.5,0.0
second_05_v2,wilson,0.889137,-0.5,4.0
second_05_v2,gobbler,0.843879,5.0,8.0
second_05_v2,wilson,0.901573,0.5,3.0
second_05_v2,gobbler,0.804389,2.0,8.0
second_05_v2,wilson,0.86705,-0.5,0.0
second_05_v2,drumstick,0.782666,0.0,0.0
second_05_v2,gobbler,0.755024,-4.0,14.0
second_05_v2,wilson,0.862239,1.0,-2.0
second_05_v2,gobbler,0.809523,-0.5,6.0
second_05_v2,drumstick,0.550217,12.5,-2.0
second_05_v2,wilson,0.859574,-2.0,3.0
second_05_v2,gobbler,0.80442,0.5,2.0
second_05_v2,wilson,0.849972,0.0,2.0
second_05_v2,drumstick,0.805661,1.0,0.0
second_05_v2,gobbler,0.752128,1.0,-5.0
second_05_v2,wilson,0.877558,1.5,5.0
second_05_v2,drumstick,0.81061,-0.5,1.0
second_05_v2,gobbler,0.795617,-6.0,-3.0
second_05_v2,gold_nugget,0.675621,-1.0,3.0
second_05_v2,wilson,0.861979,3.0,2.0
second_05_v2,drumstick,0.813087,-0.5,7.0
second_05_v2,gold_nugget,0.801159,1.0,2.0
second_05_v2,gobbler,0.763479,-3.0,9.0
second_05_v2,wilson,0.856346,-0.5,2.0
second_05_v2,drumstick,0.808794,1.0,6.0
second_05_v2,gobbler,0.800431,-0.5,-3.0
second_05_v2,gold_nugget,0.752684,0.0,3.0
second_05_v2,wilson,0.866545,0.5,4.0
second_05_v2,gold_nugget,0.85414,2.5,7.0
second_05_v2,drumstick,0.804129,0.0,0.0
second_05_v2,gobbler,0.726472,4.0,-3.0
second_05_v2,wilson,0.889666,0.5,2.0
second_05_v2,drumstick,0.836332,2.5,3.0
second_05_v2,gobbler,0.750805,3.0,14.0
second_05_v2,gold_nugget,0.627958,1.5,3.0
second_05_v2,wilson,0.870261,1.5,4.0
second_05_v2,gold_nugget,0.802186,1.5,5.0
second_05_v2,drumstick,0.771769,1.0,-2.0
second_05_v2,gobbler,0.76518,1.0,-3.0
second_05_v2,wilson,0.907766,0.5,1.0
second_05_v2,drumstick,0.833447,2.0,-2.0
second_05_v2,gobbler,0.82623,2.5,5.0
second_05_v2,wilson,0.877007,0.5,0.0
second_05_v2,drumstick,0.817441,-1.5,-1.0
second_05_v2,gobbler,0.808965,0.5,-3.0
second_05_v2,gold_nugget,0.761031,-1.0,4.0
second_05_v2,wilson,0.867957,0.5,4.0
second_05_v2,drumstick,0.83306,2.0,0.0
second_05_v2,gold_nugget,0.808597,-3.5,3.0
second_05_v2,gobbler,0.806925,0.5,-3.0
second_05_v2,wilson,0.890949,1.0,3.0
second_05_v2,gold_nugget,0.783002,2.0,4.0
second_05_v2,gobbler,0.782694,3.5,-12.0
second_05_v2,wilson,0.864384,-0.5,3.0
second_05_v2,drumstick,0.814401,0.5,7.0
second_05_v2,gobbler,0.789568,-0.5,16.0
second_05_v2,wilson,0.858118,1.0,3.0
second_05_v2,drumstick,0.799675,-1.5,-3.0
second_05_v2,gobbler,0.573693,6.0,10.0
second_05_v2,wilson,0.866811,0.5,4.0
second_05_v2,drumstick,0.849059,1.0,2.0
second_05_v2,gobbler,0.671621,-1.5,18.0
second_05_v2,wilson,0.885296,0.5,0.0
second_05_v2,drumstick,0.797651,-1.0,11.0
second_05_v2,gold_nugget,0.678151,0.5,-1.0
second_05_v2,gobbler,0.624053,4.5,16.0
second_05_v2,wilson,0.894109,-3.0,3.0
second_05_v2,drumstick,0.814043,5.5,6.0
second_05_v2,gobbler,0.791755,-1.5,1.0
second_05_v2,gold_nugget,0.78234,2.0,3.0
second_05_v2,wilson,0.851734,0.0,3.0
second_05_v2,drumstick,0.825167,5.5,1.0
second_05_v2,gold_nugget,0.798357,2.0,6.0
second_05_v2,gobbler,0.614981,-2.0,-4.0
second_05_v2,wilson,0.849206,1.5,1.0
second_05_v2,gobbler,0.821251,-0.5,-6.0
second_05_v2,gold_nugget,0.799563,2.0,1.0
second_05_v2,drumstick,0.786517,2.5,-1.0
second_05_v2,wilson,0.863774,1.0,3.0
second_05_v2,drumstick,0.785591,4.0,2.0
second_05_v2,gobbler,0.781085,-4.0,-6.0
second_05_v2,gold_nugget,0.779634,0.5,4.0
second_05_v2,wilson,0.870114,0.0,5.0
second_05_v2,gold_nugget,0.819003,-3.0,4.0
second_05_v2,gobbler,0.817263,0.0,0.0
second_05_v2,wilson,0.878699,0.5,2.0
second_05_v2,gold_nugget,0.821246,-1.0,3.0
second_05_v2,gobbler,0.802035,-4.0,7.0
second_05_v2,wilson,0.868876,1.0,1.0
second_05_v2,gold_nugget,0.817228,3.0,8.0
second_05_v2,gobbler,0.77345,-4.0,-5.0
second_05_v2,drumstick,0.765519,3.0,0.0
second_05_v2,wilson,0.857871,1.5,4.0
second_05_v2,drumstick,0.818662,-1.5,-2.0
second_05_v2,gold_nugget,0.783552,1.0,-1.0
second_05_v2,gobbler,0.76283,4.5,23.0
second_05_v2,wilson,0.871774,2.0,5.0
second_05_v2,gold_nugget,0.8013,2.0,1.0
second_05_v2,drumstick,0.76351,1.0,4.0
second_05_v2,gobbler,0.751382,4.0,3.0
second_05_v2,wilson,0.876367,2.0,1.0
second_05_v2,gobbler,0.804541,2.5,5.0
second_05_v2,gold_nugget,0.794714,1.5,3.0
second_05_v2,drumstick,0.761913,3.5,4.0
second_05_v2,wilson,0.869657,0.5,3.0
second_05_v2,gold_nugget,0.807026,-5.0,6.0
second_05_v2,gobbler,0.791043,4.0,-8.0
second_05_v2,drumstick,0.765186,-0.5,0.0
second_05_v2,wilson,0.865445,2.5,3.0
second_05_v2,drumstick,0.801042,3.5,6.0
second_05_v2,gold_nugget,0.797427,4.0,-3.0
second_05_v2,gobbler,0.768637,3.5,17.0
second_05_v2,wilson,0.874155,3.0,3.0
second_05_v2,gold_nugget,0.799395,3.5,4.0
second_05_v2,drumstick,0.796501,3.0,2.0
second_05_v2,gobbler,0.569544,0.0,12.0
second_05_v2,gobbler,0.118643,-7.0,14.0
